  0
SECTION
  2
HEADER
  9
$ACADVER
  1
AC1024
  9
$ACADMAINTVER
 70
6
  9
$DWGCODEPAGE
  3
ANSI_1252
  9
$LASTSAVEDBY
  1
ezdxf
  9
$INSBASE
 10
0.0
 20
0.0
 30
0.0
  9
$EXTMIN
 10
1e+20
 20
1e+20
 30
1e+20
  9
$EXTMAX
 10
-1e+20
 20
-1e+20
 30
-1e+20
  9
$LIMMIN
 10
0.0
 20
0.0
  9
$LIMMAX
 10
420.0
 20
297.0
  9
$ORTHOMODE
 70
0
  9
$REGENMODE
 70
1
  9
$FILLMODE
 70
1
  9
$QTEXTMODE
 70
0
  9
$MIRRTEXT
 70
1
  9
$LTSCALE
 40
1.0
  9
$ATTMODE
 70
1
  9
$TEXTSIZE
 40
2.5
  9
$TRACEWID
 40
1.0
  9
$TEXTSTYLE
  7
OpenSans
  9
$CLAYER
  8
0
  9
$CELTYPE
  6
ByLayer
  9
$CECOLOR
 62
256
  9
$CELTSCALE
 40
1.0
  9
$DISPSILH
 70
0
  9
$DIMSCALE
 40
1.0
  9
$DIMASZ
 40
0.175
  9
$DIMEXO
 40
0.125
  9
$DIMDLI
 40
3.75
  9
$DIMRND
 40
0.0
  9
$DIMDLE
 40
0.0
  9
$DIMEXE
 40
0.375
  9
$DIMTP
 40
0.0
  9
$DIMTM
 40
0.0
  9
$DIMTXT
 40
0.25
  9
$DIMCEN
 40
2.5
  9
$DIMTSZ
 40
0.0
  9
$DIMTOL
 70
0
  9
$DIMLIM
 70
0
  9
$DIMTIH
 70
0
  9
$DIMTOH
 70
0
  9
$DIMSE1
 70
0
  9
$DIMSE2
 70
0
  9
$DIMTAD
 70
1
  9
$DIMZIN
 70
12
  9
$DIMBLK
  1
ARCHTICK
  9
$DIMASO
 70
1
  9
$DIMSHO
 70
1
  9
$DIMPOST
  1

  9
$DIMAPOST
  1

  9
$DIMALT
 70
0
  9
$DIMALTD
 70
3
  9
$DIMALTF
 40
0.03937007874
  9
$DIMLFAC
 40
100.0
  9
$DIMTOFL
 70
1
  9
$DIMTVP
 40
0.0
  9
$DIMTIX
 70
0
  9
$DIMSOXD
 70
0
  9
$DIMSAH
 70
0
  9
$DIMBLK1
  1

  9
$DIMBLK2
  1

  9
$DIMSTYLE
  2
EZDXF
  9
$DIMCLRD
 70
0
  9
$DIMCLRE
 70
0
  9
$DIMCLRT
 70
0
  9
$DIMTFAC
 40
0.5
  9
$DIMGAP
 40
0.1
  9
$DIMJUST
 70
0
  9
$DIMSD1
 70
0
  9
$DIMSD2
 70
0
  9
$DIMTOLJ
 70
0
  9
$DIMTZIN
 70
8
  9
$DIMALTZ
 70
0
  9
$DIMALTTZ
 70
0
  9
$DIMUPT
 70
1
  9
$DIMDEC
 70
2
  9
$DIMTDEC
 70
2
  9
$DIMALTU
 70
2
  9
$DIMALTTD
 70
3
  9
$DIMTXSTY
  7
OpenSansCondensed-Light
  9
$DIMAUNIT
 70
0
  9
$DIMADEC
 70
2
  9
$DIMALTRND
 40
0.0
  9
$DIMAZIN
 70
3
  9
$DIMDSEP
 70
46
  9
$DIMATFIT
 70
3
  9
$DIMFRAC
 70
0
  9
$DIMLDRBLK
  1

  9
$DIMLUNIT
 70
2
  9
$DIMLWD
 70
-2
  9
$DIMLWE
 70
-2
  9
$DIMTMOVE
 70
2
  9
$DIMFXL
 40
1.0
  9
$DIMFXLON
 70
0
  9
$DIMJOGANG
 40
0.785398163397
  9
$DIMTFILL
 70
0
  9
$DIMTFILLCLR
 70
0
  9
$DIMARCSYM
 70
0
  9
$DIMLTYPE
  6

  9
$DIMLTEX1
  6

  9
$DIMLTEX2
  6

  9
$DIMTXTDIRECTION
 70
0
  9
$LUNITS
 70
2
  9
$LUPREC
 70
4
  9
$SKETCHINC
 40
1.0
  9
$FILLETRAD
 40
10.0
  9
$AUNITS
 70
0
  9
$AUPREC
 70
2
  9
$MENU
  1
.
  9
$ELEVATION
 40
0.0
  9
$PELEVATION
 40
0.0
  9
$THICKNESS
 40
0.0
  9
$LIMCHECK
 70
0
  9
$CHAMFERA
 40
0.0
  9
$CHAMFERB
 40
0.0
  9
$CHAMFERC
 40
0.0
  9
$CHAMFERD
 40
0.0
  9
$SKPOLY
 70
0
  9
$TDCREATE
 40
2461311.5010648146
  9
$TDUCREATE
 40
2458532.153996898
  9
$TDUPDATE
 40
2461311.5010648146
  9
$TDUUPDATE
 40
2458532.1544311
  9
$TDINDWG
 40
0.0
  9
$TDUSRTIMER
 40
0.0
  9
$USRTIMER
 70
1
  9
$ANGBASE
 50
0.0
  9
$ANGDIR
 70
0
  9
$PDMODE
 70
0
  9
$PDSIZE
 40
0.0
  9
$PLINEWID
 40
0.0
  9
$SPLFRAME
 70
0
  9
$SPLINETYPE
 70
6
  9
$SPLINESEGS
 70
8
  9
$HANDSEED
  5
6DA
  9
$SURFTAB1
 70
6
  9
$SURFTAB2
 70
6
  9
$SURFTYPE
 70
6
  9
$SURFU
 70
6
  9
$SURFV
 70
6
  9
$UCSBASE
  2

  9
$UCSNAME
  2

  9
$UCSORG
 10
0.0
 20
0.0
 30
0.0
  9
$UCSXDIR
 10
1.0
 20
0.0
 30
0.0
  9
$UCSYDIR
 10
0.0
 20
1.0
 30
0.0
  9
$UCSORTHOREF
  2

  9
$UCSORTHOVIEW
 70
0
  9
$UCSORGTOP
 10
0.0
 20
0.0
 30
0.0
  9
$UCSORGBOTTOM
 10
0.0
 20
0.0
 30
0.0
  9
$UCSORGLEFT
 10
0.0
 20
0.0
 30
0.0
  9
$UCSORGRIGHT
 10
0.0
 20
0.0
 30
0.0
  9
$UCSORGFRONT
 10
0.0
 20
0.0
 30
0.0
  9
$UCSORGBACK
 10
0.0
 20
0.0
 30
0.0
  9
$PUCSBASE
  2

  9
$PUCSNAME
  2

  9
$PUCSORG
 10
0.0
 20
0.0
 30
0.0
  9
$PUCSXDIR
 10
1.0
 20
0.0
 30
0.0
  9
$PUCSYDIR
 10
0.0
 20
1.0
 30
0.0
  9
$PUCSORTHOREF
  2

  9
$PUCSORTHOVIEW
 70
0
  9
$PUCSORGTOP
 10
0.0
 20
0.0
 30
0.0
  9
$PUCSORGBOTTOM
 10
0.0
 20
0.0
 30
0.0
  9
$PUCSORGLEFT
 10
0.0
 20
0.0
 30
0.0
  9
$PUCSORGRIGHT
 10
0.0
 20
0.0
 30
0.0
  9
$PUCSORGFRONT
 10
0.0
 20
0.0
 30
0.0
  9
$PUCSORGBACK
 10
0.0
 20
0.0
 30
0.0
  9
$USERI1
 70
0
  9
$USERI2
 70
0
  9
$USERI3
 70
0
  9
$USERI4
 70
0
  9
$USERI5
 70
0
  9
$USERR1
 40
0.0
  9
$USERR2
 40
0.0
  9
$USERR3
 40
0.0
  9
$USERR4
 40
0.0
  9
$USERR5
 40
0.0
  9
$WORLDVIEW
 70
1
  9
$SHADEDGE
 70
3
  9
$SHADEDIF
 70
70
  9
$TILEMODE
 70
1
  9
$MAXACTVP
 70
64
  9
$PINSBASE
 10
0.0
 20
0.0
 30
0.0
  9
$PLIMCHECK
 70
0
  9
$PEXTMIN
 10
1e+20
 20
1e+20
 30
1e+20
  9
$PEXTMAX
 10
-1e+20
 20
-1e+20
 30
-1e+20
  9
$PLIMMIN
 10
0.0
 20
0.0
  9
$PLIMMAX
 10
420.0
 20
297.0
  9
$UNITMODE
 70
0
  9
$VISRETAIN
 70
1
  9
$PLINEGEN
 70
0
  9
$PSLTSCALE
 70
1
  9
$TREEDEPTH
 70
3020
  9
$CMLSTYLE
  2
Standard
  9
$CMLJUST
 70
0
  9
$CMLSCALE
 40
20.0
  9
$PROXYGRAPHICS
 70
1
  9
$MEASUREMENT
 70
1
  9
$CELWEIGHT
370
-1
  9
$ENDCAPS
280
0
  9
$JOINSTYLE
280
0
  9
$LWDISPLAY
290
0
  9
$INSUNITS
 70
4
  9
$HYPERLINKBASE
  1

  9
$STYLESHEET
  1

  9
$XEDIT
290
1
  9
$CEPSNTYPE
380
0
  9
$PSTYLEMODE
290
1
  9
$FINGERPRINTGUID
  2
{50D36BD4-BFC0-47AD-A932-2F206017A08E}
  9
$VERSIONGUID
  2
{23540144-5109-47A1-BDEE-E6CD9EF15A19}
  9
$EXTNAMES
290
1
  9
$PSVPSCALE
 40
0.0
  9
$OLESTARTUP
290
0
  9
$SORTENTS
280
127
  9
$INDEXCTL
280
0
  9
$HIDETEXT
280
1
  9
$XCLIPFRAME
280
1
  9
$HALOGAP
280
0
  9
$OBSCOLOR
 70
257
  9
$OBSLTYPE
280
0
  9
$INTERSECTIONDISPLAY
280
0
  9
$INTERSECTIONCOLOR
 70
257
  9
$DIMASSOC
280
2
  9
$PROJECTNAME
  1

  9
$CAMERADISPLAY
290
0
  9
$LENSLENGTH
 40
50.0
  9
$CAMERAHEIGHT
 40
0.0
  9
$STEPSPERSEC
 40
24.0
  9
$STEPSIZE
 40
100.0
  9
$3DDWFPREC
 40
2.0
  9
$PSOLWIDTH
 40
0.005
  9
$PSOLHEIGHT
 40
0.08
  9
$LOFTANG1
 40
1.570796326795
  9
$LOFTANG2
 40
1.570796326795
  9
$LOFTMAG1
 40
0.0
  9
$LOFTMAG2
 40
0.0
  9
$LOFTPARAM
 70
7
  9
$LOFTNORMALS
280
1
  9
$LATITUDE
 40
37.795
  9
$LONGITUDE
 40
-122.394
  9
$NORTHDIRECTION
 40
0.0
  9
$TIMEZONE
 70
-8000
  9
$LIGHTGLYPHDISPLAY
280
1
  9
$TILEMODELIGHTSYNCH
280
1
  9
$CMATERIAL
347
20
  9
$SOLIDHIST
280
0
  9
$SHOWHIST
280
1
  9
$DWFFRAME
280
2
  9
$DGNFRAME
280
2
  9
$REALWORLDSCALE
290
1
  9
$INTERFERECOLOR
 62
256
  9
$CSHADOW
280
0
  9
$SHADOWPLANELOCATION
 40
0.0
  0
ENDSEC
  0
SECTION
  2
CLASSES
  0
CLASS
  1
ACDBDICTIONARYWDFLT
  2
AcDbDictionaryWithDefault
  3
ObjectDBX Classes
 90
0
 91
0
280
0
281
0
  0
CLASS
  1
SUN
  2
AcDbSun
  3
SCENEOE
 90
1153
 91
0
280
0
281
0
  0
CLASS
  1
VISUALSTYLE
  2
AcDbVisualStyle
  3
ObjectDBX Classes
 90
4095
 91
0
280
0
281
0
  0
CLASS
  1
MATERIAL
  2
AcDbMaterial
  3
ObjectDBX Classes
 90
1153
 91
0
280
0
281
0
  0
CLASS
  1
SCALE
  2
AcDbScale
  3
ObjectDBX Classes
 90
1153
 91
0
280
0
281
0
  0
CLASS
  1
TABLESTYLE
  2
AcDbTableStyle
  3
ObjectDBX Classes
 90
4095
 91
0
280
0
281
0
  0
CLASS
  1
MLEADERSTYLE
  2
AcDbMLeaderStyle
  3
ACDB_MLEADERSTYLE_CLASS
 90
4095
 91
0
280
0
281
0
  0
CLASS
  1
DICTIONARYVAR
  2
AcDbDictionaryVar
  3
ObjectDBX Classes
 90
0
 91
0
280
0
281
0
  0
CLASS
  1
CELLSTYLEMAP
  2
AcDbCellStyleMap
  3
ObjectDBX Classes
 90
1152
 91
0
280
0
281
0
  0
CLASS
  1
MENTALRAYRENDERSETTINGS
  2
AcDbMentalRayRenderSettings
  3
SCENEOE
 90
1024
 91
0
280
0
281
0
  0
CLASS
  1
ACDBDETAILVIEWSTYLE
  2
AcDbDetailViewStyle
  3
ObjectDBX Classes
 90
1025
 91
0
280
0
281
0
  0
CLASS
  1
ACDBSECTIONVIEWSTYLE
  2
AcDbSectionViewStyle
  3
ObjectDBX Classes
 90
1025
 91
0
280
0
281
0
  0
CLASS
  1
RASTERVARIABLES
  2
AcDbRasterVariables
  3
ISM
 90
0
 91
0
280
0
281
0
  0
CLASS
  1
LAYOUT
  2
AcDbLayout
  3
ObjectDBX Classes
 90
0
 91
0
280
0
281
0
  0
CLASS
  1
ACDBPLACEHOLDER
  2
AcDbPlaceHolder
  3
ObjectDBX Classes
 90
0
 91
0
280
0
281
0
  0
ENDSEC
  0
SECTION
  2
TABLES
  0
TABLE
  2
VPORT
  5
8
330
0
100
AcDbSymbolTable
 70
1
  0
VPORT
  5
6D6
330
8
100
AcDbSymbolTableRecord
100
AcDbViewportTableRecord
  2
*Active
 70
0
 10
0.0
 20
0.0
 11
1.0
 21
1.0
 12
5750.0
 22
7175.0
 13
0.0
 23
0.0
 14
0.5
 24
0.5
 15
0.5
 25
0.5
 16
0.0
 26
0.0
 36
1.0
 17
0.0
 27
0.0
 37
0.0
 40
15067.5
 41
1.34
 42
50.0
 43
0.0
 44
0.0
 50
0.0
 51
0.0
 71
0
 72
1000
 73
1
 74
3
 75
0
 76
0
 77
0
 78
0
281
0
 65
1
110
0.0
120
0.0
130
0.0
111
1.0
121
0.0
131
0.0
112
0.0
122
1.0
132
0.0
 79
0
146
0.0
  0
ENDTAB
  0
TABLE
  2
LTYPE
  5
2
330
0
100
AcDbSymbolTable
 70
21
  0
LTYPE
  5
24
330
2
100
AcDbSymbolTableRecord
100
AcDbLinetypeTableRecord
  2
ByBlock
 70
0
  3

 72
65
 73
0
 40
0.0
  0
LTYPE
  5
25
330
2
100
AcDbSymbolTableRecord
100
AcDbLinetypeTableRecord
  2
ByLayer
 70
0
  3

 72
65
 73
0
 40
0.0
  0
LTYPE
  5
26
330
2
100
AcDbSymbolTableRecord
100
AcDbLinetypeTableRecord
  2
Continuous
 70
0
  3

 72
65
 73
0
 40
0.0
  0
LTYPE
  5
2F
330
2
100
AcDbSymbolTableRecord
100
AcDbLinetypeTableRecord
  2
CENTER
 70
0
  3
Center ____ _ ____ _ ____ _ ____ _ ____ _ ____
 72
65
 73
4
 40
5.08
 49
3.175
 74
0
 49
-0.635
 74
0
 49
0.635
 74
0
 49
-0.635
 74
0
  0
LTYPE
  5
30
330
2
100
AcDbSymbolTableRecord
100
AcDbLinetypeTableRecord
  2
CENTERX2
 70
0
  3
Center (2x) ________  __  ________  __  ________
 72
65
 73
4
 40
8.89
 49
6.35
 74
0
 49
-0.635
 74
0
 49
1.27
 74
0
 49
-0.635
 74
0
  0
LTYPE
  5
31
330
2
100
AcDbSymbolTableRecord
100
AcDbLinetypeTableRecord
  2
CENTER2
 70
0
  3
Center (.5x) ____ _ ____ _ ____ _ ____ _ ____
 72
65
 73
4
 40
2.54
 49
1.587
 74
0
 49
-0.318
 74
0
 49
0.318
 74
0
 49
-0.318
 74
0
  0
LTYPE
  5
32
330
2
100
AcDbSymbolTableRecord
100
AcDbLinetypeTableRecord
  2
DASHED
 70
0
  3
Dashed __ __ __ __ __ __ __ __ __ __ __ __ __ _
 72
65
 73
2
 40
1.524
 49
1.27
 74
0
 49
-0.254
 74
0
  0
LTYPE
  5
33
330
2
100
AcDbSymbolTableRecord
100
AcDbLinetypeTableRecord
  2
DASHEDX2
 70
0
  3
Dashed (2x) ____  ____  ____  ____  ____  ____
 72
65
 73
2
 40
3.048
 49
2.54
 74
0
 49
-0.508
 74
0
  0
LTYPE
  5
34
330
2
100
AcDbSymbolTableRecord
100
AcDbLinetypeTableRecord
  2
DASHED2
 70
0
  3
Dashed (.5x) _ _ _ _ _ _ _ _ _ _ _ _ _ _
 72
65
 73
2
 40
0.762
 49
0.635
 74
0
 49
-0.127
 74
0
  0
LTYPE
  5
35
330
2
100
AcDbSymbolTableRecord
100
AcDbLinetypeTableRecord
  2
PHANTOM
 70
0
  3
Phantom ______  __  __  ______  __  __  ______
 72
65
 73
6
 40
6.35
 49
3.175
 74
0
 49
-0.635
 74
0
 49
0.635
 74
0
 49
-0.635
 74
0
 49
0.635
 74
0
 49
-0.635
 74
0
  0
LTYPE
  5
36
330
2
100
AcDbSymbolTableRecord
100
AcDbLinetypeTableRecord
  2
PHANTOMX2
 70
0
  3
Phantom (2x)____________    ____    ____    ____________
 72
65
 73
6
 40
10.795
 49
6.35
 74
0
 49
-0.635
 74
0
 49
1.27
 74
0
 49
-0.635
 74
0
 49
1.27
 74
0
 49
-0.635
 74
0
  0
LTYPE
  5
37
330
2
100
AcDbSymbolTableRecord
100
AcDbLinetypeTableRecord
  2
PHANTOM2
 70
0
  3
Phantom (.5x) ___ _ _ ___ _ _ ___ _ _ ___ _ _ ___
 72
65
 73
6
 40
3.175
 49
1.587
 74
0
 49
-0.318
 74
0
 49
0.318
 74
0
 49
-0.318
 74
0
 49
0.318
 74
0
 49
-0.318
 74
0
  0
LTYPE
  5
38
330
2
100
AcDbSymbolTableRecord
100
AcDbLinetypeTableRecord
  2
DASHDOT
 70
0
  3
Dash dot __ . __ . __ . __ . __ . __ . __ . __
 72
65
 73
4
 40
3.556
 49
2.54
 74
0
 49
-0.508
 74
0
 49
0.0
 74
0
 49
-0.508
 74
0
  0
LTYPE
  5
39
330
2
100
AcDbSymbolTableRecord
100
AcDbLinetypeTableRecord
  2
DASHDOTX2
 70
0
  3
Dash dot (2x) ____  .  ____  .  ____  .  ____
 72
65
 73
4
 40
6.096
 49
5.08
 74
0
 49
-0.508
 74
0
 49
0.0
 74
0
 49
-0.508
 74
0
  0
LTYPE
  5
3A
330
2
100
AcDbSymbolTableRecord
100
AcDbLinetypeTableRecord
  2
DASHDOT2
 70
0
  3
Dash dot (.5x) _ . _ . _ . _ . _ . _ . _ . _
 72
65
 73
4
 40
1.778
 49
1.27
 74
0
 49
-0.254
 74
0
 49
0.0
 74
0
 49
-0.254
 74
0
  0
LTYPE
  5
3B
330
2
100
AcDbSymbolTableRecord
100
AcDbLinetypeTableRecord
  2
DOT
 70
0
  3
Dot .  .  .  .  .  .  .  .  .  .  .  .  .  .  .  .
 72
65
 73
2
 40
0.508
 49
0.0
 74
0
 49
-0.508
 74
0
  0
LTYPE
  5
3C
330
2
100
AcDbSymbolTableRecord
100
AcDbLinetypeTableRecord
  2
DOTX2
 70
0
  3
Dot (2x) .    .    .    .    .    .    .    . 
 72
65
 73
2
 40
1.016
 49
0.0
 74
0
 49
-1.016
 74
0
  0
LTYPE
  5
3D
330
2
100
AcDbSymbolTableRecord
100
AcDbLinetypeTableRecord
  2
DOT2
 70
0
  3
Dot (.5) . . . . . . . . . . . . . . . . . . . 
 72
65
 73
2
 40
0.254
 49
0.0
 74
0
 49
-0.254
 74
0
  0
LTYPE
  5
3E
330
2
100
AcDbSymbolTableRecord
100
AcDbLinetypeTableRecord
  2
DIVIDE
 70
0
  3
Divide __ . . __ . . __ . . __ . . __ . . __
 72
65
 73
6
 40
4.064
 49
2.54
 74
0
 49
-0.508
 74
0
 49
0.0
 74
0
 49
-0.508
 74
0
 49
0.0
 74
0
 49
-0.508
 74
0
  0
LTYPE
  5
3F
330
2
100
AcDbSymbolTableRecord
100
AcDbLinetypeTableRecord
  2
DIVIDEX2
 70
0
  3
Divide (2x) ____  . .  ____  . .  ____  . .  ____
 72
65
 73
6
 40
6.604
 49
5.08
 74
0
 49
-0.508
 74
0
 49
0.0
 74
0
 49
-0.508
 74
0
 49
0.0
 74
0
 49
-0.508
 74
0
  0
LTYPE
  5
40
330
2
100
AcDbSymbolTableRecord
100
AcDbLinetypeTableRecord
  2
DIVIDE2
 70
0
  3
Divide(.5x) _ . _ . _ . _ . _ . _ . _ . _
 72
65
 73
6
 40
2.032
 49
1.27
 74
0
 49
-0.254
 74
0
 49
0.0
 74
0
 49
-0.254
 74
0
 49
0.0
 74
0
 49
-0.254
 74
0
  0
ENDTAB
  0
TABLE
  2
LAYER
  5
1
330
0
100
AcDbSymbolTable
 70
26
  0
LAYER
  5
27
330
1
100
AcDbSymbolTableRecord
100
AcDbLayerTableRecord
  2
0
 70
0
 62
7
  6
Continuous
370
-3
390
13
347
21
  0
LAYER
  5
28
330
1
100
AcDbSymbolTableRecord
100
AcDbLayerTableRecord
  2
Defpoints
 70
0
 62
7
  6
Continuous
290
0
370
-3
390
13
347
21
  0
LAYER
  5
8D
330
1
100
AcDbSymbolTableRecord
100
AcDbLayerTableRecord
  2
A-WALL
 70
0
 62
7
420
0
  6
Continuous
370
50
390
13
347
21
  0
LAYER
  5
8E
330
1
100
AcDbSymbolTableRecord
100
AcDbLayerTableRecord
  2
A-WALL-FILL
 70
0
 62
7
420
10066329
  6
Continuous
370
13
390
13
347
21
  0
LAYER
  5
8F
330
1
100
AcDbSymbolTableRecord
100
AcDbLayerTableRecord
  2
A-COLS
 70
0
 62
7
420
0
  6
Continuous
370
50
390
13
347
21
  0
LAYER
  5
90
330
1
100
AcDbSymbolTableRecord
100
AcDbLayerTableRecord
  2
A-GLAZ
 70
0
 62
7
420
1731527
  6
Continuous
370
18
390
13
347
21
  0
LAYER
  5
91
330
1
100
AcDbSymbolTableRecord
100
AcDbLayerTableRecord
  2
A-GLAZ-FRAME
 70
0
 62
7
420
0
  6
Continuous
370
25
390
13
347
21
  0
LAYER
  5
92
330
1
100
AcDbSymbolTableRecord
100
AcDbLayerTableRecord
  2
A-DOOR
 70
0
 62
7
420
0
  6
Continuous
370
35
390
13
347
21
  0
LAYER
  5
93
330
1
100
AcDbSymbolTableRecord
100
AcDbLayerTableRecord
  2
A-DOOR-SWING
 70
0
 62
7
420
4210752
  6
Continuous
370
13
390
13
347
21
  0
LAYER
  5
94
330
1
100
AcDbSymbolTableRecord
100
AcDbLayerTableRecord
  2
A-SHAFT
 70
0
 62
7
420
0
  6
Continuous
370
25
390
13
347
21
  0
LAYER
  5
95
330
1
100
AcDbSymbolTableRecord
100
AcDbLayerTableRecord
  2
A-FIXT
 70
0
 62
7
420
2500134
  6
Continuous
370
18
390
13
347
21
  0
LAYER
  5
96
330
1
100
AcDbSymbolTableRecord
100
AcDbLayerTableRecord
  2
A-FURN
 70
0
 62
7
420
7039851
  6
Continuous
370
13
390
13
347
21
  0
LAYER
  5
97
330
1
100
AcDbSymbolTableRecord
100
AcDbLayerTableRecord
  2
A-DIMS
 70
0
 62
7
420
0
  6
Continuous
370
13
390
13
347
21
  0
LAYER
  5
98
330
1
100
AcDbSymbolTableRecord
100
AcDbLayerTableRecord
  2
A-TEXT
 70
0
 62
7
420
0
  6
Continuous
370
18
390
13
347
21
  0
LAYER
  5
99
330
1
100
AcDbSymbolTableRecord
100
AcDbLayerTableRecord
  2
A-SHEET
 70
0
 62
7
420
0
  6
Continuous
370
25
390
13
347
21
  0
LAYER
  5
9A
330
1
100
AcDbSymbolTableRecord
100
AcDbLayerTableRecord
  2
A-WALL-NEW
 70
0
 62
7
420
0
  6
Continuous
370
50
390
13
347
21
  0
LAYER
  5
9B
330
1
100
AcDbSymbolTableRecord
100
AcDbLayerTableRecord
  2
A-WALL-NEW-FILL
 70
0
 62
7
420
15567936
  6
Continuous
370
13
390
13
347
21
  0
LAYER
  5
9C
330
1
100
AcDbSymbolTableRecord
100
AcDbLayerTableRecord
  2
A-WALL-DEMO
 70
0
 62
7
420
5855577
  6
Continuous
370
25
390
13
347
21
  0
LAYER
  5
9D
330
1
100
AcDbSymbolTableRecord
100
AcDbLayerTableRecord
  2
I-FLOOR
 70
0
 62
7
420
5855577
  6
Continuous
370
13
390
13
347
21
  0
LAYER
  5
9E
330
1
100
AcDbSymbolTableRecord
100
AcDbLayerTableRecord
  2
I-FLOOR-PAT
 70
0
 62
7
420
5855577
  6
Continuous
370
13
390
13
347
21
  0
LAYER
  5
9F
330
1
100
AcDbSymbolTableRecord
100
AcDbLayerTableRecord
  2
I-RUG
 70
0
 62
7
420
5855577
  6
Continuous
370
13
390
13
347
21
  0
LAYER
  5
A0
330
1
100
AcDbSymbolTableRecord
100
AcDbLayerTableRecord
  2
I-FURN
 70
0
 62
7
420
5855577
  6
Continuous
370
13
390
13
347
21
  0
LAYER
  5
A1
330
1
100
AcDbSymbolTableRecord
100
AcDbLayerTableRecord
  2
I-FIXT
 70
0
 62
7
420
5855577
  6
Continuous
370
13
390
13
347
21
  0
LAYER
  5
A2
330
1
100
AcDbSymbolTableRecord
100
AcDbLayerTableRecord
  2
I-PLANT
 70
0
 62
7
420
5855577
  6
Continuous
370
13
390
13
347
21
  0
LAYER
  5
A3
330
1
100
AcDbSymbolTableRecord
100
AcDbLayerTableRecord
  2
I-LABEL
 70
0
 62
7
420
5855577
  6
Continuous
370
13
390
13
347
21
  0
LAYER
  5
6D5
330
1
100
AcDbSymbolTableRecord
100
AcDbLayerTableRecord
  2
A-VPORT
 70
0
 62
7
  6
Continuous
290
0
370
-3
390
13
347
21
  0
ENDTAB
  0
TABLE
  2
STYLE
  5
5
330
0
100
AcDbSymbolTable
 70
29
  0
STYLE
  5
29
330
5
100
AcDbSymbolTableRecord
100
AcDbTextStyleTableRecord
  2
Standard
 70
0
 40
0.0
 41
1.0
 50
0.0
 71
0
 42
2.5
  3
txt
  4

  0
STYLE
  5
41
330
5
100
AcDbSymbolTableRecord
100
AcDbTextStyleTableRecord
  2
OpenSans-Light
 70
0
 40
0.0
 41
1.0
 50
0.0
 71
0
 42
2.5
  3
OpenSans-Light.ttf
  4

  0
STYLE
  5
42
330
5
100
AcDbSymbolTableRecord
100
AcDbTextStyleTableRecord
  2
OpenSans-Light-Italic
 70
0
 40
0.0
 41
1.0
 50
0.0
 71
0
 42
2.5
  3
OpenSans-LightItalic.ttf
  4

  0
STYLE
  5
43
330
5
100
AcDbSymbolTableRecord
100
AcDbTextStyleTableRecord
  2
OpenSans
 70
0
 40
0.0
 41
1.0
 50
0.0
 71
0
 42
2.5
  3
OpenSans-Regular.ttf
  4

  0
STYLE
  5
44
330
5
100
AcDbSymbolTableRecord
100
AcDbTextStyleTableRecord
  2
OpenSans-Italic
 70
0
 40
0.0
 41
1.0
 50
0.0
 71
0
 42
2.5
  3
OpenSans-Italic.ttf
  4

  0
STYLE
  5
45
330
5
100
AcDbSymbolTableRecord
100
AcDbTextStyleTableRecord
  2
OpenSans-SemiBold
 70
0
 40
0.0
 41
1.0
 50
0.0
 71
0
 42
2.5
  3
OpenSans-SemiBold.ttf
  4

  0
STYLE
  5
46
330
5
100
AcDbSymbolTableRecord
100
AcDbTextStyleTableRecord
  2
OpenSans-SemiBoldItalic
 70
0
 40
0.0
 41
1.0
 50
0.0
 71
0
 42
2.5
  3
OpenSans-SemiBoldItalic.ttf
  4

  0
STYLE
  5
47
330
5
100
AcDbSymbolTableRecord
100
AcDbTextStyleTableRecord
  2
OpenSans-Bold
 70
0
 40
0.0
 41
1.0
 50
0.0
 71
0
 42
2.5
  3
OpenSans-Bold.ttf
  4

  0
STYLE
  5
48
330
5
100
AcDbSymbolTableRecord
100
AcDbTextStyleTableRecord
  2
OpenSans-BoldItalic
 70
0
 40
0.0
 41
1.0
 50
0.0
 71
0
 42
2.5
  3
OpenSans-BoldItalic.ttf
  4

  0
STYLE
  5
49
330
5
100
AcDbSymbolTableRecord
100
AcDbTextStyleTableRecord
  2
OpenSans-ExtraBold
 70
0
 40
0.0
 41
1.0
 50
0.0
 71
0
 42
2.5
  3
OpenSans-ExtraBold.ttf
  4

  0
STYLE
  5
4A
330
5
100
AcDbSymbolTableRecord
100
AcDbTextStyleTableRecord
  2
OpenSans-ExtraBoldItalic
 70
0
 40
0.0
 41
1.0
 50
0.0
 71
0
 42
2.5
  3
OpenSans-ExtraBoldItalic.ttf
  4

  0
STYLE
  5
4B
330
5
100
AcDbSymbolTableRecord
100
AcDbTextStyleTableRecord
  2
OpenSansCondensed-Bold
 70
0
 40
0.0
 41
1.0
 50
0.0
 71
0
 42
2.5
  3
OpenSansCondensed-Bold.ttf
  4

  0
STYLE
  5
4C
330
5
100
AcDbSymbolTableRecord
100
AcDbTextStyleTableRecord
  2
OpenSansCondensed-Light
 70
0
 40
0.0
 41
1.0
 50
0.0
 71
0
 42
2.5
  3
OpenSansCondensed-Light.ttf
  4

  0
STYLE
  5
4D
330
5
100
AcDbSymbolTableRecord
100
AcDbTextStyleTableRecord
  2
OpenSansCondensed-Italic
 70
0
 40
0.0
 41
1.0
 50
0.0
 71
0
 42
2.5
  3
OpenSansCondensed-LightItalic.ttf
  4

  0
STYLE
  5
4E
330
5
100
AcDbSymbolTableRecord
100
AcDbTextStyleTableRecord
  2
LiberationSans
 70
0
 40
0.0
 41
1.0
 50
0.0
 71
0
 42
2.5
  3
LiberationSans-Regular.ttf
  4

  0
STYLE
  5
4F
330
5
100
AcDbSymbolTableRecord
100
AcDbTextStyleTableRecord
  2
LiberationSans-Bold
 70
0
 40
0.0
 41
1.0
 50
0.0
 71
0
 42
2.5
  3
LiberationSans-Bold.ttf
  4

  0
STYLE
  5
50
330
5
100
AcDbSymbolTableRecord
100
AcDbTextStyleTableRecord
  2
LiberationSans-BoldItalic
 70
0
 40
0.0
 41
1.0
 50
0.0
 71
0
 42
2.5
  3
LiberationSans-BoldItalic.ttf
  4

  0
STYLE
  5
51
330
5
100
AcDbSymbolTableRecord
100
AcDbTextStyleTableRecord
  2
LiberationSans-Italic
 70
0
 40
0.0
 41
1.0
 50
0.0
 71
0
 42
2.5
  3
LiberationSans-Italic.ttf
  4

  0
STYLE
  5
52
330
5
100
AcDbSymbolTableRecord
100
AcDbTextStyleTableRecord
  2
LiberationSerif
 70
0
 40
0.0
 41
1.0
 50
0.0
 71
0
 42
2.5
  3
LiberationSerif-Regular.ttf
  4

  0
STYLE
  5
53
330
5
100
AcDbSymbolTableRecord
100
AcDbTextStyleTableRecord
  2
LiberationSerif-Bold
 70
0
 40
0.0
 41
1.0
 50
0.0
 71
0
 42
2.5
  3
LiberationSerif-Bold.ttf
  4

  0
STYLE
  5
54
330
5
100
AcDbSymbolTableRecord
100
AcDbTextStyleTableRecord
  2
LiberationSerif-BoldItalic
 70
0
 40
0.0
 41
1.0
 50
0.0
 71
0
 42
2.5
  3
LiberationSerif-BoldItalic.ttf
  4

  0
STYLE
  5
55
330
5
100
AcDbSymbolTableRecord
100
AcDbTextStyleTableRecord
  2
LiberationSerif-Italic
 70
0
 40
0.0
 41
1.0
 50
0.0
 71
0
 42
2.5
  3
LiberationSerif-Italic.ttf
  4

  0
STYLE
  5
56
330
5
100
AcDbSymbolTableRecord
100
AcDbTextStyleTableRecord
  2
LiberationMono
 70
0
 40
0.0
 41
1.0
 50
0.0
 71
0
 42
2.5
  3
LiberationMono-Regular.ttf
  4

  0
STYLE
  5
57
330
5
100
AcDbSymbolTableRecord
100
AcDbTextStyleTableRecord
  2
LiberationMono-Bold
 70
0
 40
0.0
 41
1.0
 50
0.0
 71
0
 42
2.5
  3
LiberationMono-Bold.ttf
  4

  0
STYLE
  5
58
330
5
100
AcDbSymbolTableRecord
100
AcDbTextStyleTableRecord
  2
LiberationMono-BoldItalic
 70
0
 40
0.0
 41
1.0
 50
0.0
 71
0
 42
2.5
  3
LiberationMono-BoldItalic.ttf
  4

  0
STYLE
  5
59
330
5
100
AcDbSymbolTableRecord
100
AcDbTextStyleTableRecord
  2
LiberationMono-Italic
 70
0
 40
0.0
 41
1.0
 50
0.0
 71
0
 42
2.5
  3
LiberationMono-Italic.ttf
  4

  0
STYLE
  5
8A
330
5
100
AcDbSymbolTableRecord
100
AcDbTextStyleTableRecord
  2
PLAN-REGULAR
 70
0
 40
0.0
 41
1.0
 50
0.0
 71
0
 42
2.5
  3
arial.ttf
  4

  0
STYLE
  5
8B
330
5
100
AcDbSymbolTableRecord
100
AcDbTextStyleTableRecord
  2
PLAN-BOLD
 70
0
 40
0.0
 41
1.0
 50
0.0
 71
0
 42
2.5
  3
arialbd.ttf
  4

  0
STYLE
  5
8C
330
5
100
AcDbSymbolTableRecord
100
AcDbTextStyleTableRecord
  2
PLAN-ITALIC
 70
0
 40
0.0
 41
1.0
 50
0.0
 71
0
 42
2.5
  3
ariali.ttf
  4

  0
ENDTAB
  0
TABLE
  2
VIEW
  5
7
330
0
100
AcDbSymbolTable
 70
0
  0
ENDTAB
  0
TABLE
  2
UCS
  5
6
330
0
100
AcDbSymbolTable
 70
0
  0
ENDTAB
  0
TABLE
  2
APPID
  5
3
330
0
100
AcDbSymbolTable
 70
3
  0
APPID
  5
2A
330
3
100
AcDbSymbolTableRecord
100
AcDbRegAppTableRecord
  2
ACAD
 70
0
  0
APPID
  5
6D7
330
3
100
AcDbSymbolTableRecord
100
AcDbRegAppTableRecord
  2
HATCHBACKGROUNDCOLOR
 70
0
  0
APPID
  5
6D8
330
3
100
AcDbSymbolTableRecord
100
AcDbRegAppTableRecord
  2
EZDXF
 70
0
  0
ENDTAB
  0
TABLE
  2
DIMSTYLE
  5
4
330
0
100
AcDbSymbolTable
 70
13
100
AcDbDimStyleTable
  0
DIMSTYLE
105
2B
330
4
100
AcDbSymbolTableRecord
100
AcDbDimStyleTableRecord
  2
Standard
 70
0
 40
1.0
 41
2.5
 42
0.625
 43
3.75
 44
1.25
 45
0.0
 46
0.0
 47
0.0
 48
0.0
 49
2.5
140
2.5
141
2.5
142
0.0
143
0.03937007874
144
1.0
145
0.0
146
1.0
147
0.625
148
0.0
 69
0
 70
0
 71
0
 72
0
 73
0
 74
0
 75
0
 76
0
 77
1
 78
8
 79
3
170
0
171
3
172
1
173
0
174
0
175
0
176
0
177
0
178
0
179
2
271
2
272
2
273
2
274
3
275
0
276
0
277
2
278
44
279
0
280
0
281
0
282
0
283
0
284
8
285
0
286
0
288
0
289
3
290
0
371
-2
372
-2
  0
DIMSTYLE
105
73
330
4
100
AcDbSymbolTableRecord
100
AcDbDimStyleTableRecord
  2
EZDXF
 70
0
 40
1.0
 41
0.175
 42
0.125
 43
3.75
 44
0.375
 45
0.0
 46
0.0
 47
0.0
 48
0.0
 49
2.5
140
0.25
141
2.5
142
0.0
143
0.03937007874
144
100.0
145
0.0
146
0.5
147
0.1
148
0.0
 69
0
 70
0
 71
0
 72
0
 73
0
 74
0
 75
0
 76
0
 77
1
 78
12
 79
3
170
0
171
3
172
1
173
0
174
0
175
0
176
0
177
0
178
0
179
2
271
2
272
2
273
2
274
3
275
0
276
0
277
2
278
46
279
2
280
0
281
0
282
0
283
0
284
8
285
0
286
0
288
1
289
3
290
0
340
4C
342
74
371
-2
372
-2
  0
DIMSTYLE
105
7C
330
4
100
AcDbSymbolTableRecord
100
AcDbDimStyleTableRecord
  2
EZ_M_100_H25_CM
 70
0
 40
1.0
 41
0.25
 42
0.125
 43
3.75
 44
0.375
 45
0.0
 46
0.0
 47
0.0
 48
0.0
 49
2.5
140
0.25
141
2.5
142
0.125
143
0.03937007874
144
100.0
145
0.0
146
0.5
147
0.1
148
0.0
 69
0
 70
0
 71
0
 72
0
 73
0
 74
0
 75
0
 76
0
 77
1
 78
12
 79
3
170
0
171
3
172
1
173
0
174
0
175
0
176
0
177
0
178
0
179
2
271
2
272
2
273
2
274
3
275
0
276
0
277
2
278
46
279
2
280
0
281
0
282
0
283
0
284
8
285
0
286
0
288
1
289
3
290
0
340
4C
371
-2
372
-2
  0
DIMSTYLE
105
7D
330
4
100
AcDbSymbolTableRecord
100
AcDbDimStyleTableRecord
  2
EZ_M_50_H25_CM
 70
0
 40
1.0
 41
0.125
 42
0.0625
 43
3.75
 44
0.1875
 45
0.0
 46
0.0
 47
0.0
 48
0.0
 49
2.5
140
0.125
141
2.5
142
0.0625
143
0.03937007874
144
100.0
145
0.0
146
0.5
147
0.05
148
0.0
 69
0
 70
0
 71
0
 72
0
 73
0
 74
0
 75
0
 76
0
 77
1
 78
12
 79
3
170
0
171
3
172
1
173
0
174
0
175
0
176
0
177
0
178
0
179
2
271
2
272
2
273
2
274
3
275
0
276
0
277
2
278
46
279
2
280
0
281
0
282
0
283
0
284
8
285
0
286
0
288
1
289
3
290
0
340
4C
371
-2
372
-2
  0
DIMSTYLE
105
7E
330
4
100
AcDbSymbolTableRecord
100
AcDbDimStyleTableRecord
  2
EZ_M_25_H25_CM
 70
0
 40
1.0
 41
0.0625
 42
0.03125
 43
3.75
 44
0.09375
 45
0.0
 46
0.0
 47
0.0
 48
0.0
 49
2.5
140
0.0625
141
2.5
142
0.03125
143
0.03937007874
144
100.0
145
0.0
146
0.5
147
0.025
148
0.0
 69
0
 70
0
 71
0
 72
0
 73
0
 74
0
 75
0
 76
0
 77
1
 78
12
 79
3
170
0
171
3
172
1
173
0
174
0
175
0
176
0
177
0
178
0
179
2
271
2
272
2
273
2
274
3
275
0
276
0
277
2
278
46
279
2
280
0
281
0
282
0
283
0
284
8
285
0
286
0
288
1
289
3
290
0
340
4C
371
-2
372
-2
  0
DIMSTYLE
105
7F
330
4
100
AcDbSymbolTableRecord
100
AcDbDimStyleTableRecord
  2
EZ_M_20_H25_CM
 70
0
 40
1.0
 41
0.05
 42
0.025
 43
3.75
 44
0.07500000000000001
 45
0.0
 46
0.0
 47
0.0
 48
0.0
 49
2.5
140
0.05
141
2.5
142
0.025
143
0.03937007874
144
100.0
145
0.0
146
0.5
147
0.020000000000000004
148
0.0
 69
0
 70
0
 71
0
 72
0
 73
0
 74
0
 75
0
 76
0
 77
1
 78
12
 79
3
170
0
171
3
172
1
173
0
174
0
175
0
176
0
177
0
178
0
179
2
271
2
272
2
273
2
274
3
275
0
276
0
277
2
278
46
279
2
280
0
281
0
282
0
283
0
284
8
285
0
286
0
288
1
289
3
290
0
340
4C
371
-2
372
-2
  0
DIMSTYLE
105
80
330
4
100
AcDbSymbolTableRecord
100
AcDbDimStyleTableRecord
  2
EZ_M_10_H25_CM
 70
0
 40
1.0
 41
0.025
 42
0.0125
 43
3.75
 44
0.037500000000000006
 45
0.0
 46
0.0
 47
0.0
 48
0.0
 49
2.5
140
0.025
141
2.5
142
0.0125
143
0.03937007874
144
100.0
145
0.0
146
0.5
147
0.010000000000000002
148
0.0
 69
0
 70
0
 71
0
 72
0
 73
0
 74
0
 75
0
 76
0
 77
1
 78
12
 79
3
170
0
171
3
172
1
173
0
174
0
175
0
176
0
177
0
178
0
179
2
271
2
272
2
273
2
274
3
275
0
276
0
277
2
278
46
279
2
280
0
281
0
282
0
283
0
284
8
285
0
286
0
288
1
289
3
290
0
340
4C
371
-2
372
-2
  0
DIMSTYLE
105
81
330
4
100
AcDbSymbolTableRecord
100
AcDbDimStyleTableRecord
  2
EZ_M_5_H25_CM
 70
0
 40
1.0
 41
0.0125
 42
0.00625
 43
3.75
 44
0.018750000000000003
 45
0.0
 46
0.0
 47
0.0
 48
0.0
 49
2.5
140
0.0125
141
2.5
142
0.00625
143
0.03937007874
144
100.0
145
0.0
146
0.5
147
0.005000000000000001
148
0.0
 69
0
 70
0
 71
0
 72
0
 73
0
 74
0
 75
0
 76
0
 77
1
 78
12
 79
3
170
0
171
3
172
1
173
0
174
0
175
0
176
0
177
0
178
0
179
2
271
2
272
2
273
2
274
3
275
0
276
0
277
2
278
46
279
2
280
0
281
0
282
0
283
0
284
8
285
0
286
0
288
1
289
3
290
0
340
4C
371
-2
372
-2
  0
DIMSTYLE
105
82
330
4
100
AcDbSymbolTableRecord
100
AcDbDimStyleTableRecord
  2
EZ_M_1_H25_CM
 70
0
 40
1.0
 41
0.0025
 42
0.00125
 43
3.75
 44
0.00375
 45
0.0
 46
0.0
 47
0.0
 48
0.0
 49
2.5
140
0.0025
141
2.5
142
0.00125
143
0.03937007874
144
100.0
145
0.0
146
0.5
147
0.001
148
0.0
 69
0
 70
0
 71
0
 72
0
 73
0
 74
0
 75
0
 76
0
 77
1
 78
12
 79
3
170
0
171
3
172
1
173
0
174
0
175
0
176
0
177
0
178
0
179
2
271
2
272
2
273
2
274
3
275
0
276
0
277
2
278
46
279
2
280
0
281
0
282
0
283
0
284
8
285
0
286
0
288
1
289
3
290
0
340
4C
371
-2
372
-2
  0
DIMSTYLE
105
83
330
4
100
AcDbSymbolTableRecord
100
AcDbDimStyleTableRecord
  2
EZ_RADIUS
 70
0
 40
1.0
 41
0.25
 42
0.125
 43
3.75
 44
0.375
 45
0.0
 46
0.0
 47
0.0
 48
0.0
 49
2.5
140
0.25
141
0.0
142
0.0
143
0.03937007874
144
100.0
145
0.0
146
0.5
147
0.1
148
0.0
 69
0
 70
0
 71
0
 72
0
 73
0
 74
0
 75
0
 76
0
 77
1
 78
12
 79
3
170
0
171
3
172
0
173
0
174
0
175
0
176
0
177
0
178
0
179
2
271
2
272
2
273
2
274
3
275
0
276
0
277
2
278
46
279
1
280
0
281
0
282
0
283
0
284
8
285
0
286
0
288
1
289
3
290
0
340
4C
342
84
371
-2
372
-2
  0
DIMSTYLE
105
88
330
4
100
AcDbSymbolTableRecord
100
AcDbDimStyleTableRecord
  2
EZ_RADIUS_INSIDE
 70
0
 40
1.0
 41
0.25
 42
0.125
 43
3.75
 44
0.375
 45
0.0
 46
0.0
 47
0.0
 48
0.0
 49
2.5
140
0.25
141
0.0
142
0.0
143
0.03937007874
144
100.0
145
0.0
146
0.5
147
0.1
148
0.0
 69
0
 70
0
 71
0
 72
0
 73
0
 74
0
 75
0
 76
0
 77
0
 78
12
 79
3
170
0
171
3
172
0
173
0
174
1
175
0
176
0
177
0
178
0
179
2
271
2
272
2
273
2
274
3
275
0
276
0
277
2
278
46
279
0
280
0
281
0
282
0
283
0
284
8
285
0
286
0
288
1
289
0
290
0
340
4C
342
84
371
-2
372
-2
  0
DIMSTYLE
105
89
330
4
100
AcDbSymbolTableRecord
100
AcDbDimStyleTableRecord
  2
EZ_CURVED
 70
0
 40
1.0
 41
0.25
 42
0.125
 43
3.75
 44
0.375
 45
0.0
 46
0.0
 47
0.0
 48
0.0
 49
2.5
140
0.25
141
2.5
142
0.0
143
0.03937007874
144
100.0
145
0.0
146
0.5
147
0.1
148
0.0
 69
0
 70
0
 71
0
 72
0
 73
0
 74
0
 75
0
 76
0
 77
1
 78
12
 79
2
 90
2
170
0
171
3
172
1
173
0
174
0
175
0
176
0
177
0
178
0
179
2
271
2
272
2
273
2
274
3
275
0
276
0
277
2
278
46
279
2
280
0
281
0
282
0
283
0
284
8
285
0
286
0
288
1
289
3
290
0
340
4C
371
-2
372
-2
  0
DIMSTYLE
105
A4
330
4
100
AcDbSymbolTableRecord
100
AcDbDimStyleTableRecord
  2
PLAN-1-50
 70
0
 40
50.0
 41
2.5
 42
0.0
 43
3.75
 44
1.0
 45
0.0
 46
1.0
 47
0.0
 48
0.0
 49
2.5
140
2.5
141
2.5
142
1.1
143
0.03937007874
144
1.0
145
0.0
146
1.0
147
0.8
148
0.0
 69
1
 70
0
 71
0
 72
0
 73
0
 74
0
 75
0
 76
0
 77
1
 78
8
 79
3
170
0
171
3
172
1
173
0
174
0
175
0
176
0
177
0
178
0
179
2
271
0
272
2
273
2
274
3
275
0
276
0
277
2
278
44
279
0
280
0
281
0
282
0
283
0
284
8
285
0
286
0
288
0
289
3
290
0
340
8A
371
13
372
13
  0
ENDTAB
  0
TABLE
  2
BLOCK_RECORD
  5
9
330
0
100
AcDbSymbolTable
 70
25
  0
BLOCK_RECORD
  5
17
330
9
100
AcDbSymbolTableRecord
100
AcDbBlockTableRecord
  2
*Model_Space
340
1A
 70
0
280
1
281
0
  0
BLOCK_RECORD
  5
1B
330
9
100
AcDbSymbolTableRecord
100
AcDbBlockTableRecord
  2
*Paper_Space
340
1E
 70
0
280
1
281
0
  0
BLOCK_RECORD
  5
74
330
9
100
AcDbSymbolTableRecord
100
AcDbBlockTableRecord
  2
_ARCHTICK
340
0
 70
0
280
1
281
0
  0
BLOCK_RECORD
  5
78
330
9
100
AcDbSymbolTableRecord
100
AcDbBlockTableRecord
  2
_CLOSEDFILLED
340
0
 70
0
280
1
281
0
  0
BLOCK_RECORD
  5
84
330
9
100
AcDbSymbolTableRecord
100
AcDbBlockTableRecord
  2
_CLOSEDBLANK
340
0
 70
0
280
1
281
0
  0
BLOCK_RECORD
  5
554
330
9
100
AcDbSymbolTableRecord
100
AcDbBlockTableRecord
  2
*D1
340
0
 70
0
280
1
281
0
  0
BLOCK_RECORD
  5
557
330
9
100
AcDbSymbolTableRecord
100
AcDbBlockTableRecord
  2
_OBLIQUE
340
0
 70
0
280
1
281
0
  0
BLOCK_RECORD
  5
565
330
9
100
AcDbSymbolTableRecord
100
AcDbBlockTableRecord
  2
*D2
340
0
 70
0
280
1
281
0
  0
BLOCK_RECORD
  5
572
330
9
100
AcDbSymbolTableRecord
100
AcDbBlockTableRecord
  2
*D3
340
0
 70
0
280
1
281
0
  0
BLOCK_RECORD
  5
57F
330
9
100
AcDbSymbolTableRecord
100
AcDbBlockTableRecord
  2
*D4
340
0
 70
0
280
1
281
0
  0
BLOCK_RECORD
  5
58C
330
9
100
AcDbSymbolTableRecord
100
AcDbBlockTableRecord
  2
*D5
340
0
 70
0
280
1
281
0
  0
BLOCK_RECORD
  5
599
330
9
100
AcDbSymbolTableRecord
100
AcDbBlockTableRecord
  2
*D6
340
0
 70
0
280
1
281
0
  0
BLOCK_RECORD
  5
5A6
330
9
100
AcDbSymbolTableRecord
100
AcDbBlockTableRecord
  2
*D7
340
0
 70
0
280
1
281
0
  0
BLOCK_RECORD
  5
5B3
330
9
100
AcDbSymbolTableRecord
100
AcDbBlockTableRecord
  2
*D8
340
0
 70
0
280
1
281
0
  0
BLOCK_RECORD
  5
5C0
330
9
100
AcDbSymbolTableRecord
100
AcDbBlockTableRecord
  2
*D9
340
0
 70
0
280
1
281
0
  0
BLOCK_RECORD
  5
5CD
330
9
100
AcDbSymbolTableRecord
100
AcDbBlockTableRecord
  2
*D10
340
0
 70
0
280
1
281
0
  0
BLOCK_RECORD
  5
5DA
330
9
100
AcDbSymbolTableRecord
100
AcDbBlockTableRecord
  2
*D11
340
0
 70
0
280
1
281
0
  0
BLOCK_RECORD
  5
5E7
330
9
100
AcDbSymbolTableRecord
100
AcDbBlockTableRecord
  2
*D12
340
0
 70
0
280
1
281
0
  0
BLOCK_RECORD
  5
5F4
330
9
100
AcDbSymbolTableRecord
100
AcDbBlockTableRecord
  2
*D13
340
0
 70
0
280
1
281
0
  0
BLOCK_RECORD
  5
601
330
9
100
AcDbSymbolTableRecord
100
AcDbBlockTableRecord
  2
*D14
340
0
 70
0
280
1
281
0
  0
BLOCK_RECORD
  5
60E
330
9
100
AcDbSymbolTableRecord
100
AcDbBlockTableRecord
  2
*D15
340
0
 70
0
280
1
281
0
  0
BLOCK_RECORD
  5
61B
330
9
100
AcDbSymbolTableRecord
100
AcDbBlockTableRecord
  2
*D16
340
0
 70
0
280
1
281
0
  0
BLOCK_RECORD
  5
628
330
9
100
AcDbSymbolTableRecord
100
AcDbBlockTableRecord
  2
*D17
340
0
 70
0
280
1
281
0
  0
BLOCK_RECORD
  5
635
330
9
100
AcDbSymbolTableRecord
100
AcDbBlockTableRecord
  2
*D18
340
0
 70
0
280
1
281
0
  0
BLOCK_RECORD
  5
641
330
9
100
AcDbSymbolTableRecord
100
AcDbBlockTableRecord
  2
*Paper_Space0
340
644
 70
0
280
1
281
0
  0
ENDTAB
  0
ENDSEC
  0
SECTION
  2
BLOCKS
  0
BLOCK
  5
18
330
17
100
AcDbEntity
  8
0
100
AcDbBlockBegin
  2
*Model_Space
 70
0
 10
0.0
 20
0.0
 30
0.0
  3
*Model_Space
  1

  0
ENDBLK
  5
19
330
17
100
AcDbEntity
  8
0
100
AcDbBlockEnd
  0
BLOCK
  5
1C
330
1B
100
AcDbEntity
  8
0
100
AcDbBlockBegin
  2
*Paper_Space
 70
0
 10
0.0
 20
0.0
 30
0.0
  3
*Paper_Space
  1

  0
ENDBLK
  5
1D
330
1B
100
AcDbEntity
  8
0
100
AcDbBlockEnd
  0
BLOCK
  5
75
330
74
100
AcDbEntity
  8
0
100
AcDbBlockBegin
  2
_ARCHTICK
 70
0
 10
0.0
 20
0.0
 30
0.0
  3
_ARCHTICK
  1

  0
LWPOLYLINE
  5
77
330
74
100
AcDbEntity
  8
0
  6
BYBLOCK
 62
0
100
AcDbPolyline
 90
2
 70
0
 43
0.15
 10
-0.5
 20
-0.5
 10
0.5
 20
0.5
  0
ENDBLK
  5
76
330
74
100
AcDbEntity
  8
0
100
AcDbBlockEnd
  0
BLOCK
  5
79
330
78
100
AcDbEntity
  8
0
100
AcDbBlockBegin
  2
_CLOSEDFILLED
 70
0
 10
0.0
 20
0.0
 30
0.0
  3
_CLOSEDFILLED
  1

  0
SOLID
  5
7B
330
78
100
AcDbEntity
  8
0
  6
BYBLOCK
 62
0
100
AcDbTrace
 10
-1.0
 20
0.16439898372402537
 30
0.0
 11
0.0
 21
0.0
 31
0.0
 12
-1.0
 22
-0.16439898372402537
 32
0.0
 13
-1.0
 23
-0.16439898372402537
 33
0.0
  0
ENDBLK
  5
7A
330
78
100
AcDbEntity
  8
0
100
AcDbBlockEnd
  0
BLOCK
  5
85
330
84
100
AcDbEntity
  8
0
100
AcDbBlockBegin
  2
_CLOSEDBLANK
 70
0
 10
0.0
 20
0.0
 30
0.0
  3
_CLOSEDBLANK
  1

  0
LWPOLYLINE
  5
87
330
84
100
AcDbEntity
  8
0
  6
BYBLOCK
 62
0
100
AcDbPolyline
 90
3
 70
1
 10
-1.0
 20
0.16439898372402537
 10
0.0
 20
0.0
 10
-1.0
 20
-0.16439898372402537
  0
ENDBLK
  5
86
330
84
100
AcDbEntity
  8
0
100
AcDbBlockEnd
  0
BLOCK
  5
555
330
554
100
AcDbEntity
  8
0
100
AcDbBlockBegin
  2
*D1
 70
1
 10
0.0
 20
0.0
 30
0.0
  3
*D1
  1

  0
INSERT
  5
55B
330
554
100
AcDbEntity
  8
A-DIMS
100
AcDbBlockReference
  2
_OBLIQUE
 10
1200.0
 20
13900.0
 30
0.0
 41
110.00000000000001
 42
110.00000000000001
  0
INSERT
  5
55D
330
554
100
AcDbEntity
  8
A-DIMS
100
AcDbBlockReference
  2
_OBLIQUE
 10
4800.0
 20
13900.0
 30
0.0
 41
110.00000000000001
 42
110.00000000000001
  0
LINE
  5
55F
330
554
100
AcDbEntity
  8
0
370
13
100
AcDbLine
 10
1150.0
 20
13900.0
 30
0.0
 11
4850.0
 21
13900.0
 31
0.0
  0
MTEXT
  5
560
330
554
100
AcDbEntity
  8
A-DIMS
100
AcDbMText
 10
3000.0
 20
14002.5
 30
0.0
 40
125.0
 71
5
  1
3600
  7
PLAN-REGULAR
 45
1.1
 90
3
 63
1
  0
POINT
  5
561
330
554
100
AcDbEntity
  8
Defpoints
100
AcDbPoint
 10
1200.0
 20
13900.0
 30
0.0
  0
POINT
  5
562
330
554
100
AcDbEntity
  8
Defpoints
100
AcDbPoint
 10
1200.0
 20
13900.0
 30
0.0
  0
POINT
  5
563
330
554
100
AcDbEntity
  8
Defpoints
100
AcDbPoint
 10
4800.0
 20
13900.0
 30
0.0
  0
ENDBLK
  5
556
330
554
100
AcDbEntity
  8
0
100
AcDbBlockEnd
  0
BLOCK
  5
558
330
557
100
AcDbEntity
  8
0
100
AcDbBlockBegin
  2
_OBLIQUE
 70
0
 10
0.0
 20
0.0
 30
0.0
  3
_OBLIQUE
  1

  0
LINE
  5
55A
330
557
100
AcDbEntity
  8
0
  6
BYBLOCK
 62
0
100
AcDbLine
 10
-0.5
 20
-0.5
 30
0.0
 11
0.5
 21
0.5
 31
0.0
  0
ENDBLK
  5
559
330
557
100
AcDbEntity
  8
0
100
AcDbBlockEnd
  0
BLOCK
  5
566
330
565
100
AcDbEntity
  8
0
100
AcDbBlockBegin
  2
*D2
 70
1
 10
0.0
 20
0.0
 30
0.0
  3
*D2
  1

  0
INSERT
  5
568
330
565
100
AcDbEntity
  8
A-DIMS
100
AcDbBlockReference
  2
_OBLIQUE
 10
4100.0
 20
14150.0
 30
0.0
 41
110.00000000000001
 42
110.00000000000001
 50
90.0
  0
INSERT
  5
56A
330
565
100
AcDbEntity
  8
A-DIMS
100
AcDbBlockReference
  2
_OBLIQUE
 10
4100.0
 20
12150.0
 30
0.0
 41
110.00000000000001
 42
110.00000000000001
 50
90.0
  0
LINE
  5
56C
330
565
100
AcDbEntity
  8
0
370
13
100
AcDbLine
 10
4100.0
 20
14200.0
 30
0.0
 11
4100.0
 21
12100.0
 31
0.0
  0
MTEXT
  5
56D
330
565
100
AcDbEntity
  8
A-DIMS
100
AcDbMText
 10
4202.5
 20
13150.0
 30
0.0
 40
125.0
 71
5
  1
2000
  7
PLAN-REGULAR
 50
90.0
 45
1.1
 90
3
 63
1
  0
POINT
  5
56E
330
565
100
AcDbEntity
  8
Defpoints
100
AcDbPoint
 10
4100.0
 20
14150.0
 30
0.0
  0
POINT
  5
56F
330
565
100
AcDbEntity
  8
Defpoints
100
AcDbPoint
 10
4100.0
 20
14150.0
 30
0.0
  0
POINT
  5
570
330
565
100
AcDbEntity
  8
Defpoints
100
AcDbPoint
 10
4100.0
 20
12150.0
 30
0.0
  0
ENDBLK
  5
567
330
565
100
AcDbEntity
  8
0
100
AcDbBlockEnd
  0
BLOCK
  5
573
330
572
100
AcDbEntity
  8
0
100
AcDbBlockBegin
  2
*D3
 70
1
 10
0.0
 20
0.0
 30
0.0
  3
*D3
  1

  0
INSERT
  5
575
330
572
100
AcDbEntity
  8
A-DIMS
100
AcDbBlockReference
  2
_OBLIQUE
 10
6380.0
 20
13775.0
 30
0.0
 41
110.00000000000001
 42
110.00000000000001
  0
INSERT
  5
577
330
572
100
AcDbEntity
  8
A-DIMS
100
AcDbBlockReference
  2
_OBLIQUE
 10
11350.0
 20
13775.0
 30
0.0
 41
110.00000000000001
 42
110.00000000000001
  0
LINE
  5
579
330
572
100
AcDbEntity
  8
0
370
13
100
AcDbLine
 10
6330.0
 20
13775.0
 30
0.0
 11
11400.0
 21
13775.0
 31
0.0
  0
MTEXT
  5
57A
330
572
100
AcDbEntity
  8
A-DIMS
100
AcDbMText
 10
8865.0
 20
13877.5
 30
0.0
 40
125.0
 71
5
  1
4970
  7
PLAN-REGULAR
 45
1.1
 90
3
 63
1
  0
POINT
  5
57B
330
572
100
AcDbEntity
  8
Defpoints
100
AcDbPoint
 10
6380.0
 20
13775.0
 30
0.0
  0
POINT
  5
57C
330
572
100
AcDbEntity
  8
Defpoints
100
AcDbPoint
 10
6380.0
 20
13775.0
 30
0.0
  0
POINT
  5
57D
330
572
100
AcDbEntity
  8
Defpoints
100
AcDbPoint
 10
11350.0
 20
13775.0
 30
0.0
  0
ENDBLK
  5
574
330
572
100
AcDbEntity
  8
0
100
AcDbBlockEnd
  0
BLOCK
  5
580
330
57F
100
AcDbEntity
  8
0
100
AcDbBlockBegin
  2
*D4
 70
1
 10
0.0
 20
0.0
 30
0.0
  3
*D4
  1

  0
INSERT
  5
582
330
57F
100
AcDbEntity
  8
A-DIMS
100
AcDbBlockReference
  2
_OBLIQUE
 10
10500.0
 20
14150.0
 30
0.0
 41
110.00000000000001
 42
110.00000000000001
 50
90.0
  0
INSERT
  5
584
330
57F
100
AcDbEntity
  8
A-DIMS
100
AcDbBlockReference
  2
_OBLIQUE
 10
10500.0
 20
11150.0
 30
0.0
 41
110.00000000000001
 42
110.00000000000001
 50
90.0
  0
LINE
  5
586
330
57F
100
AcDbEntity
  8
0
370
13
100
AcDbLine
 10
10500.0
 20
14200.0
 30
0.0
 11
10500.0
 21
11100.0
 31
0.0
  0
MTEXT
  5
587
330
57F
100
AcDbEntity
  8
A-DIMS
100
AcDbMText
 10
10397.5
 20
11900.0
 30
0.0
 40
125.0
 71
5
  1
3000
  7
PLAN-REGULAR
 50
90.0
 45
1.1
 90
3
 63
1
  0
POINT
  5
588
330
57F
100
AcDbEntity
  8
Defpoints
100
AcDbPoint
 10
10500.0
 20
14150.0
 30
0.0
  0
POINT
  5
589
330
57F
100
AcDbEntity
  8
Defpoints
100
AcDbPoint
 10
10500.0
 20
14150.0
 30
0.0
  0
POINT
  5
58A
330
57F
100
AcDbEntity
  8
Defpoints
100
AcDbPoint
 10
10500.0
 20
11150.0
 30
0.0
  0
ENDBLK
  5
581
330
57F
100
AcDbEntity
  8
0
100
AcDbBlockEnd
  0
BLOCK
  5
58D
330
58C
100
AcDbEntity
  8
0
100
AcDbBlockBegin
  2
*D5
 70
1
 10
0.0
 20
0.0
 30
0.0
  3
*D5
  1

  0
INSERT
  5
58F
330
58C
100
AcDbEntity
  8
A-DIMS
100
AcDbBlockReference
  2
_OBLIQUE
 10
3400.0
 20
11950.0
 30
0.0
 41
110.00000000000001
 42
110.00000000000001
 50
90.0
  0
INSERT
  5
591
330
58C
100
AcDbEntity
  8
A-DIMS
100
AcDbBlockReference
  2
_OBLIQUE
 10
3400.0
 20
9500.0
 30
0.0
 41
110.00000000000001
 42
110.00000000000001
 50
90.0
  0
LINE
  5
593
330
58C
100
AcDbEntity
  8
0
370
13
100
AcDbLine
 10
3400.0
 20
12000.0
 30
0.0
 11
3400.0
 21
9450.0
 31
0.0
  0
MTEXT
  5
594
330
58C
100
AcDbEntity
  8
A-DIMS
100
AcDbMText
 10
3502.5
 20
10725.0
 30
0.0
 40
125.0
 71
5
  1
2450
  7
PLAN-REGULAR
 50
90.0
 45
1.1
 90
3
 63
1
  0
POINT
  5
595
330
58C
100
AcDbEntity
  8
Defpoints
100
AcDbPoint
 10
3400.0
 20
11950.0
 30
0.0
  0
POINT
  5
596
330
58C
100
AcDbEntity
  8
Defpoints
100
AcDbPoint
 10
3400.0
 20
11950.0
 30
0.0
  0
POINT
  5
597
330
58C
100
AcDbEntity
  8
Defpoints
100
AcDbPoint
 10
3400.0
 20
9500.0
 30
0.0
  0
ENDBLK
  5
58E
330
58C
100
AcDbEntity
  8
0
100
AcDbBlockEnd
  0
BLOCK
  5
59A
330
599
100
AcDbEntity
  8
0
100
AcDbBlockBegin
  2
*D6
 70
1
 10
0.0
 20
0.0
 30
0.0
  3
*D6
  1

  0
INSERT
  5
59C
330
599
100
AcDbEntity
  8
A-DIMS
100
AcDbBlockReference
  2
_OBLIQUE
 10
3235.0
 20
9770.0
 30
0.0
 41
110.00000000000001
 42
110.00000000000001
  0
INSERT
  5
59E
330
599
100
AcDbEntity
  8
A-DIMS
100
AcDbBlockReference
  2
_OBLIQUE
 10
4900.0
 20
9770.0
 30
0.0
 41
110.00000000000001
 42
110.00000000000001
  0
LINE
  5
5A0
330
599
100
AcDbEntity
  8
0
370
13
100
AcDbLine
 10
3185.0
 20
9770.0
 30
0.0
 11
4950.0
 21
9770.0
 31
0.0
  0
MTEXT
  5
5A1
330
599
100
AcDbEntity
  8
A-DIMS
100
AcDbMText
 10
4067.5
 20
9872.5
 30
0.0
 40
125.0
 71
5
  1
1665
  7
PLAN-REGULAR
 45
1.1
 90
3
 63
1
  0
POINT
  5
5A2
330
599
100
AcDbEntity
  8
Defpoints
100
AcDbPoint
 10
3235.0
 20
9770.0
 30
0.0
  0
POINT
  5
5A3
330
599
100
AcDbEntity
  8
Defpoints
100
AcDbPoint
 10
3235.0
 20
9770.0
 30
0.0
  0
POINT
  5
5A4
330
599
100
AcDbEntity
  8
Defpoints
100
AcDbPoint
 10
4900.0
 20
9770.0
 30
0.0
  0
ENDBLK
  5
59B
330
599
100
AcDbEntity
  8
0
100
AcDbBlockEnd
  0
BLOCK
  5
5A7
330
5A6
100
AcDbEntity
  8
0
100
AcDbBlockBegin
  2
*D7
 70
1
 10
0.0
 20
0.0
 30
0.0
  3
*D7
  1

  0
INSERT
  5
5A9
330
5A6
100
AcDbEntity
  8
A-DIMS
100
AcDbBlockReference
  2
_OBLIQUE
 10
5100.0
 20
10650.0
 30
0.0
 41
110.00000000000001
 42
110.00000000000001
  0
INSERT
  5
5AB
330
5A6
100
AcDbEntity
  8
A-DIMS
100
AcDbBlockReference
  2
_OBLIQUE
 10
6950.0
 20
10650.0
 30
0.0
 41
110.00000000000001
 42
110.00000000000001
  0
LINE
  5
5AD
330
5A6
100
AcDbEntity
  8
0
370
13
100
AcDbLine
 10
5050.0
 20
10650.0
 30
0.0
 11
7000.0
 21
10650.0
 31
0.0
  0
MTEXT
  5
5AE
330
5A6
100
AcDbEntity
  8
A-DIMS
100
AcDbMText
 10
6025.0
 20
10752.5
 30
0.0
 40
125.0
 71
5
  1
1850
  7
PLAN-REGULAR
 45
1.1
 90
3
 63
1
  0
POINT
  5
5AF
330
5A6
100
AcDbEntity
  8
Defpoints
100
AcDbPoint
 10
5100.0
 20
10650.0
 30
0.0
  0
POINT
  5
5B0
330
5A6
100
AcDbEntity
  8
Defpoints
100
AcDbPoint
 10
5100.0
 20
10650.0
 30
0.0
  0
POINT
  5
5B1
330
5A6
100
AcDbEntity
  8
Defpoints
100
AcDbPoint
 10
6950.0
 20
10650.0
 30
0.0
  0
ENDBLK
  5
5A8
330
5A6
100
AcDbEntity
  8
0
100
AcDbBlockEnd
  0
BLOCK
  5
5B4
330
5B3
100
AcDbEntity
  8
0
100
AcDbBlockBegin
  2
*D8
 70
1
 10
0.0
 20
0.0
 30
0.0
  3
*D8
  1

  0
INSERT
  5
5B6
330
5B3
100
AcDbEntity
  8
A-DIMS
100
AcDbBlockReference
  2
_OBLIQUE
 10
5100.0
 20
7250.0
 30
0.0
 41
110.00000000000001
 42
110.00000000000001
  0
INSERT
  5
5B8
330
5B3
100
AcDbEntity
  8
A-DIMS
100
AcDbBlockReference
  2
_OBLIQUE
 10
8000.0
 20
7250.0
 30
0.0
 41
110.00000000000001
 42
110.00000000000001
  0
LINE
  5
5BA
330
5B3
100
AcDbEntity
  8
0
370
13
100
AcDbLine
 10
5050.0
 20
7250.0
 30
0.0
 11
8050.0
 21
7250.0
 31
0.0
  0
MTEXT
  5
5BB
330
5B3
100
AcDbEntity
  8
A-DIMS
100
AcDbMText
 10
6550.0
 20
7352.5
 30
0.0
 40
125.0
 71
5
  1
2900
  7
PLAN-REGULAR
 45
1.1
 90
3
 63
1
  0
POINT
  5
5BC
330
5B3
100
AcDbEntity
  8
Defpoints
100
AcDbPoint
 10
5100.0
 20
7250.0
 30
0.0
  0
POINT
  5
5BD
330
5B3
100
AcDbEntity
  8
Defpoints
100
AcDbPoint
 10
5100.0
 20
7250.0
 30
0.0
  0
POINT
  5
5BE
330
5B3
100
AcDbEntity
  8
Defpoints
100
AcDbPoint
 10
8000.0
 20
7250.0
 30
0.0
  0
ENDBLK
  5
5B5
330
5B3
100
AcDbEntity
  8
0
100
AcDbBlockEnd
  0
BLOCK
  5
5C1
330
5C0
100
AcDbEntity
  8
0
100
AcDbBlockBegin
  2
*D9
 70
1
 10
0.0
 20
0.0
 30
0.0
  3
*D9
  1

  0
INSERT
  5
5C3
330
5C0
100
AcDbEntity
  8
A-DIMS
100
AcDbBlockReference
  2
_OBLIQUE
 10
7150.0
 20
10250.0
 30
0.0
 41
110.00000000000001
 42
110.00000000000001
  0
INSERT
  5
5C5
330
5C0
100
AcDbEntity
  8
A-DIMS
100
AcDbBlockReference
  2
_OBLIQUE
 10
10600.0
 20
10250.0
 30
0.0
 41
110.00000000000001
 42
110.00000000000001
  0
LINE
  5
5C7
330
5C0
100
AcDbEntity
  8
0
370
13
100
AcDbLine
 10
7100.0
 20
10250.0
 30
0.0
 11
10650.0
 21
10250.0
 31
0.0
  0
MTEXT
  5
5C8
330
5C0
100
AcDbEntity
  8
A-DIMS
100
AcDbMText
 10
7800.0
 20
10352.5
 30
0.0
 40
125.0
 71
5
  1
3450
  7
PLAN-REGULAR
 45
1.1
 90
3
 63
1
  0
POINT
  5
5C9
330
5C0
100
AcDbEntity
  8
Defpoints
100
AcDbPoint
 10
7150.0
 20
10250.0
 30
0.0
  0
POINT
  5
5CA
330
5C0
100
AcDbEntity
  8
Defpoints
100
AcDbPoint
 10
7150.0
 20
10250.0
 30
0.0
  0
POINT
  5
5CB
330
5C0
100
AcDbEntity
  8
Defpoints
100
AcDbPoint
 10
10600.0
 20
10250.0
 30
0.0
  0
ENDBLK
  5
5C2
330
5C0
100
AcDbEntity
  8
0
100
AcDbBlockEnd
  0
BLOCK
  5
5CE
330
5CD
100
AcDbEntity
  8
0
100
AcDbBlockBegin
  2
*D10
 70
1
 10
0.0
 20
0.0
 30
0.0
  3
*D10
  1

  0
INSERT
  5
5D0
330
5CD
100
AcDbEntity
  8
A-DIMS
100
AcDbBlockReference
  2
_OBLIQUE
 10
8300.0
 20
10950.0
 30
0.0
 41
110.00000000000001
 42
110.00000000000001
 50
90.0
  0
INSERT
  5
5D2
330
5CD
100
AcDbEntity
  8
A-DIMS
100
AcDbBlockReference
  2
_OBLIQUE
 10
8300.0
 20
9250.0
 30
0.0
 41
110.00000000000001
 42
110.00000000000001
 50
90.0
  0
LINE
  5
5D4
330
5CD
100
AcDbEntity
  8
0
370
13
100
AcDbLine
 10
8300.0
 20
11000.0
 30
0.0
 11
8300.0
 21
9200.0
 31
0.0
  0
MTEXT
  5
5D5
330
5CD
100
AcDbEntity
  8
A-DIMS
100
AcDbMText
 10
8197.5
 20
9600.0
 30
0.0
 40
125.0
 71
5
  1
1700
  7
PLAN-REGULAR
 50
90.0
 45
1.1
 90
3
 63
1
  0
POINT
  5
5D6
330
5CD
100
AcDbEntity
  8
Defpoints
100
AcDbPoint
 10
8300.0
 20
10950.0
 30
0.0
  0
POINT
  5
5D7
330
5CD
100
AcDbEntity
  8
Defpoints
100
AcDbPoint
 10
8300.0
 20
10950.0
 30
0.0
  0
POINT
  5
5D8
330
5CD
100
AcDbEntity
  8
Defpoints
100
AcDbPoint
 10
8300.0
 20
9250.0
 30
0.0
  0
ENDBLK
  5
5CF
330
5CD
100
AcDbEntity
  8
0
100
AcDbBlockEnd
  0
BLOCK
  5
5DB
330
5DA
100
AcDbEntity
  8
0
100
AcDbBlockBegin
  2
*D11
 70
1
 10
0.0
 20
0.0
 30
0.0
  3
*D11
  1

  0
INSERT
  5
5DD
330
5DA
100
AcDbEntity
  8
A-DIMS
100
AcDbBlockReference
  2
_OBLIQUE
 10
8200.0
 20
8900.0
 30
0.0
 41
110.00000000000001
 42
110.00000000000001
  0
INSERT
  5
5DF
330
5DA
100
AcDbEntity
  8
A-DIMS
100
AcDbBlockReference
  2
_OBLIQUE
 10
9700.0
 20
8900.0
 30
0.0
 41
110.00000000000001
 42
110.00000000000001
  0
LINE
  5
5E1
330
5DA
100
AcDbEntity
  8
0
370
13
100
AcDbLine
 10
8150.0
 20
8900.0
 30
0.0
 11
9750.0
 21
8900.0
 31
0.0
  0
MTEXT
  5
5E2
330
5DA
100
AcDbEntity
  8
A-DIMS
100
AcDbMText
 10
8650.0
 20
9002.5
 30
0.0
 40
125.0
 71
5
  1
1500
  7
PLAN-REGULAR
 45
1.1
 90
3
 63
1
  0
POINT
  5
5E3
330
5DA
100
AcDbEntity
  8
Defpoints
100
AcDbPoint
 10
8200.0
 20
8900.0
 30
0.0
  0
POINT
  5
5E4
330
5DA
100
AcDbEntity
  8
Defpoints
100
AcDbPoint
 10
8200.0
 20
8900.0
 30
0.0
  0
POINT
  5
5E5
330
5DA
100
AcDbEntity
  8
Defpoints
100
AcDbPoint
 10
9700.0
 20
8900.0
 30
0.0
  0
ENDBLK
  5
5DC
330
5DA
100
AcDbEntity
  8
0
100
AcDbBlockEnd
  0
BLOCK
  5
5E8
330
5E7
100
AcDbEntity
  8
0
100
AcDbBlockBegin
  2
*D12
 70
1
 10
0.0
 20
0.0
 30
0.0
  3
*D12
  1

  0
INSERT
  5
5EA
330
5E7
100
AcDbEntity
  8
A-DIMS
100
AcDbBlockReference
  2
_OBLIQUE
 10
9550.0
 20
9050.0
 30
0.0
 41
110.00000000000001
 42
110.00000000000001
 50
90.0
  0
INSERT
  5
5EC
330
5E7
100
AcDbEntity
  8
A-DIMS
100
AcDbBlockReference
  2
_OBLIQUE
 10
9550.0
 20
7900.0
 30
0.0
 41
110.00000000000001
 42
110.00000000000001
 50
90.0
  0
LINE
  5
5EE
330
5E7
100
AcDbEntity
  8
0
370
13
100
AcDbLine
 10
9550.0
 20
9100.0
 30
0.0
 11
9550.0
 21
7850.0
 31
0.0
  0
MTEXT
  5
5EF
330
5E7
100
AcDbEntity
  8
A-DIMS
100
AcDbMText
 10
9447.5
 20
8170.0
 30
0.0
 40
125.0
 71
5
  1
1150
  7
PLAN-REGULAR
 50
90.0
 45
1.1
 90
3
 63
1
  0
POINT
  5
5F0
330
5E7
100
AcDbEntity
  8
Defpoints
100
AcDbPoint
 10
9550.0
 20
9050.0
 30
0.0
  0
POINT
  5
5F1
330
5E7
100
AcDbEntity
  8
Defpoints
100
AcDbPoint
 10
9550.0
 20
9050.0
 30
0.0
  0
POINT
  5
5F2
330
5E7
100
AcDbEntity
  8
Defpoints
100
AcDbPoint
 10
9550.0
 20
7900.0
 30
0.0
  0
ENDBLK
  5
5E9
330
5E7
100
AcDbEntity
  8
0
100
AcDbBlockEnd
  0
BLOCK
  5
5F5
330
5F4
100
AcDbEntity
  8
0
100
AcDbBlockBegin
  2
*D13
 70
1
 10
0.0
 20
0.0
 30
0.0
  3
*D13
  1

  0
INSERT
  5
5F7
330
5F4
100
AcDbEntity
  8
A-DIMS
100
AcDbBlockReference
  2
_OBLIQUE
 10
9800.0
 20
8500.0
 30
0.0
 41
110.00000000000001
 42
110.00000000000001
  0
INSERT
  5
5F9
330
5F4
100
AcDbEntity
  8
A-DIMS
100
AcDbBlockReference
  2
_OBLIQUE
 10
11350.0
 20
8500.0
 30
0.0
 41
110.00000000000001
 42
110.00000000000001
  0
LINE
  5
5FB
330
5F4
100
AcDbEntity
  8
0
370
13
100
AcDbLine
 10
9750.0
 20
8500.0
 30
0.0
 11
11400.0
 21
8500.0
 31
0.0
  0
MTEXT
  5
5FC
330
5F4
100
AcDbEntity
  8
A-DIMS
100
AcDbMText
 10
10500.0
 20
8602.5
 30
0.0
 40
125.0
 71
5
  1
1550
  7
PLAN-REGULAR
 45
1.1
 90
3
 63
1
  0
POINT
  5
5FD
330
5F4
100
AcDbEntity
  8
Defpoints
100
AcDbPoint
 10
9800.0
 20
8500.0
 30
0.0
  0
POINT
  5
5FE
330
5F4
100
AcDbEntity
  8
Defpoints
100
AcDbPoint
 10
9800.0
 20
8500.0
 30
0.0
  0
POINT
  5
5FF
330
5F4
100
AcDbEntity
  8
Defpoints
100
AcDbPoint
 10
11350.0
 20
8500.0
 30
0.0
  0
ENDBLK
  5
5F6
330
5F4
100
AcDbEntity
  8
0
100
AcDbBlockEnd
  0
BLOCK
  5
602
330
601
100
AcDbEntity
  8
0
100
AcDbBlockBegin
  2
*D14
 70
1
 10
0.0
 20
0.0
 30
0.0
  3
*D14
  1

  0
INSERT
  5
604
330
601
100
AcDbEntity
  8
A-DIMS
100
AcDbBlockReference
  2
_OBLIQUE
 10
8200.0
 20
2400.0
 30
0.0
 41
110.00000000000001
 42
110.00000000000001
  0
INSERT
  5
606
330
601
100
AcDbEntity
  8
A-DIMS
100
AcDbBlockReference
  2
_OBLIQUE
 10
11350.0
 20
2400.0
 30
0.0
 41
110.00000000000001
 42
110.00000000000001
  0
LINE
  5
608
330
601
100
AcDbEntity
  8
0
370
13
100
AcDbLine
 10
8150.0
 20
2400.0
 30
0.0
 11
11400.0
 21
2400.0
 31
0.0
  0
MTEXT
  5
609
330
601
100
AcDbEntity
  8
A-DIMS
100
AcDbMText
 10
9775.0
 20
2502.5
 30
0.0
 40
125.0
 71
5
  1
3150
  7
PLAN-REGULAR
 45
1.1
 90
3
 63
1
  0
POINT
  5
60A
330
601
100
AcDbEntity
  8
Defpoints
100
AcDbPoint
 10
8200.0
 20
2400.0
 30
0.0
  0
POINT
  5
60B
330
601
100
AcDbEntity
  8
Defpoints
100
AcDbPoint
 10
8200.0
 20
2400.0
 30
0.0
  0
POINT
  5
60C
330
601
100
AcDbEntity
  8
Defpoints
100
AcDbPoint
 10
11350.0
 20
2400.0
 30
0.0
  0
ENDBLK
  5
603
330
601
100
AcDbEntity
  8
0
100
AcDbBlockEnd
  0
BLOCK
  5
60F
330
60E
100
AcDbEntity
  8
0
100
AcDbBlockBegin
  2
*D15
 70
1
 10
0.0
 20
0.0
 30
0.0
  3
*D15
  1

  0
INSERT
  5
611
330
60E
100
AcDbEntity
  8
A-DIMS
100
AcDbBlockReference
  2
_OBLIQUE
 10
8700.0
 20
7800.0
 30
0.0
 41
110.00000000000001
 42
110.00000000000001
 50
90.0
  0
INSERT
  5
613
330
60E
100
AcDbEntity
  8
A-DIMS
100
AcDbBlockReference
  2
_OBLIQUE
 10
8700.0
 20
2000.0
 30
0.0
 41
110.00000000000001
 42
110.00000000000001
 50
90.0
  0
LINE
  5
615
330
60E
100
AcDbEntity
  8
0
370
13
100
AcDbLine
 10
8700.0
 20
7850.0
 30
0.0
 11
8700.0
 21
1950.0
 31
0.0
  0
MTEXT
  5
616
330
60E
100
AcDbEntity
  8
A-DIMS
100
AcDbMText
 10
8597.5
 20
5750.0
 30
0.0
 40
125.0
 71
5
  1
5800
  7
PLAN-REGULAR
 50
90.0
 45
1.1
 90
3
 63
1
  0
POINT
  5
617
330
60E
100
AcDbEntity
  8
Defpoints
100
AcDbPoint
 10
8700.0
 20
7800.0
 30
0.0
  0
POINT
  5
618
330
60E
100
AcDbEntity
  8
Defpoints
100
AcDbPoint
 10
8700.0
 20
7800.0
 30
0.0
  0
POINT
  5
619
330
60E
100
AcDbEntity
  8
Defpoints
100
AcDbPoint
 10
8700.0
 20
2000.0
 30
0.0
  0
ENDBLK
  5
610
330
60E
100
AcDbEntity
  8
0
100
AcDbBlockEnd
  0
BLOCK
  5
61C
330
61B
100
AcDbEntity
  8
0
100
AcDbBlockBegin
  2
*D16
 70
1
 10
0.0
 20
0.0
 30
0.0
  3
*D16
  1

  0
INSERT
  5
61E
330
61B
100
AcDbEntity
  8
A-DIMS
100
AcDbBlockReference
  2
_OBLIQUE
 10
5100.0
 20
3850.0
 30
0.0
 41
110.00000000000001
 42
110.00000000000001
  0
INSERT
  5
620
330
61B
100
AcDbEntity
  8
A-DIMS
100
AcDbBlockReference
  2
_OBLIQUE
 10
8000.0
 20
3850.0
 30
0.0
 41
110.00000000000001
 42
110.00000000000001
  0
LINE
  5
622
330
61B
100
AcDbEntity
  8
0
370
13
100
AcDbLine
 10
5050.0
 20
3850.0
 30
0.0
 11
8050.0
 21
3850.0
 31
0.0
  0
MTEXT
  5
623
330
61B
100
AcDbEntity
  8
A-DIMS
100
AcDbMText
 10
6550.0
 20
3952.5
 30
0.0
 40
125.0
 71
5
  1
2900
  7
PLAN-REGULAR
 45
1.1
 90
3
 63
1
  0
POINT
  5
624
330
61B
100
AcDbEntity
  8
Defpoints
100
AcDbPoint
 10
5100.0
 20
3850.0
 30
0.0
  0
POINT
  5
625
330
61B
100
AcDbEntity
  8
Defpoints
100
AcDbPoint
 10
5100.0
 20
3850.0
 30
0.0
  0
POINT
  5
626
330
61B
100
AcDbEntity
  8
Defpoints
100
AcDbPoint
 10
8000.0
 20
3850.0
 30
0.0
  0
ENDBLK
  5
61D
330
61B
100
AcDbEntity
  8
0
100
AcDbBlockEnd
  0
BLOCK
  5
629
330
628
100
AcDbEntity
  8
0
100
AcDbBlockBegin
  2
*D17
 70
1
 10
0.0
 20
0.0
 30
0.0
  3
*D17
  1

  0
INSERT
  5
62B
330
628
100
AcDbEntity
  8
A-DIMS
100
AcDbBlockReference
  2
_OBLIQUE
 10
7850.0
 20
4750.0
 30
0.0
 41
110.00000000000001
 42
110.00000000000001
 50
90.0
  0
INSERT
  5
62D
330
628
100
AcDbEntity
  8
A-DIMS
100
AcDbBlockReference
  2
_OBLIQUE
 10
7850.0
 20
150.0
 30
0.0
 41
110.00000000000001
 42
110.00000000000001
 50
90.0
  0
LINE
  5
62F
330
628
100
AcDbEntity
  8
0
370
13
100
AcDbLine
 10
7850.0
 20
4800.0
 30
0.0
 11
7850.0
 21
100.0
 31
0.0
  0
MTEXT
  5
630
330
628
100
AcDbEntity
  8
A-DIMS
100
AcDbMText
 10
7747.5
 20
3250.0
 30
0.0
 40
125.0
 71
5
  1
4600
  7
PLAN-REGULAR
 50
90.0
 45
1.1
 90
3
 63
1
  0
POINT
  5
631
330
628
100
AcDbEntity
  8
Defpoints
100
AcDbPoint
 10
7850.0
 20
4750.0
 30
0.0
  0
POINT
  5
632
330
628
100
AcDbEntity
  8
Defpoints
100
AcDbPoint
 10
7850.0
 20
4750.0
 30
0.0
  0
POINT
  5
633
330
628
100
AcDbEntity
  8
Defpoints
100
AcDbPoint
 10
7850.0
 20
150.0
 30
0.0
  0
ENDBLK
  5
62A
330
628
100
AcDbEntity
  8
0
100
AcDbBlockEnd
  0
BLOCK
  5
636
330
635
100
AcDbEntity
  8
0
100
AcDbBlockBegin
  2
*D18
 70
1
 10
0.0
 20
0.0
 30
0.0
  3
*D18
  1

  0
INSERT
  5
638
330
635
100
AcDbEntity
  8
A-DIMS
100
AcDbBlockReference
  2
_OBLIQUE
 10
9650.0
 20
1800.0
 30
0.0
 41
110.00000000000001
 42
110.00000000000001
 50
90.0
  0
INSERT
  5
63A
330
635
100
AcDbEntity
  8
A-DIMS
100
AcDbBlockReference
  2
_OBLIQUE
 10
9650.0
 20
150.0
 30
0.0
 41
110.00000000000001
 42
110.00000000000001
 50
90.0
  0
LINE
  5
63C
330
635
100
AcDbEntity
  8
0
370
13
100
AcDbLine
 10
9650.0
 20
1850.0
 30
0.0
 11
9650.0
 21
100.0
 31
0.0
  0
MTEXT
  5
63D
330
635
100
AcDbEntity
  8
A-DIMS
100
AcDbMText
 10
9752.5
 20
975.0
 30
0.0
 40
125.0
 71
5
  1
1650
  7
PLAN-REGULAR
 50
90.0
 45
1.1
 90
3
 63
1
  0
POINT
  5
63E
330
635
100
AcDbEntity
  8
Defpoints
100
AcDbPoint
 10
9650.0
 20
1800.0
 30
0.0
  0
POINT
  5
63F
330
635
100
AcDbEntity
  8
Defpoints
100
AcDbPoint
 10
9650.0
 20
1800.0
 30
0.0
  0
POINT
  5
640
330
635
100
AcDbEntity
  8
Defpoints
100
AcDbPoint
 10
9650.0
 20
150.0
 30
0.0
  0
ENDBLK
  5
637
330
635
100
AcDbEntity
  8
0
100
AcDbBlockEnd
  0
BLOCK
  5
642
330
641
100
AcDbEntity
  8
0
100
AcDbBlockBegin
  2
*Paper_Space0
 70
0
 10
0.0
 20
0.0
 30
0.0
  3
*Paper_Space0
  1

  0
VIEWPORT
  5
645
330
641
100
AcDbEntity
 67
1
  8
VIEWPORTS
100
AcDbViewport
 10
228096.0
 20
322560.0
 30
0.0
 40
501811.2
 41
709632.0
 68
1
 69
1
 12
228096.0
 22
322560.0
 13
0.0
 23
0.0
 14
10.0
 24
10.0
 15
10.0
 25
10.0
 16
0.0
 26
0.0
 36
1.0
 17
0.0
 27
0.0
 37
0.0
 42
50.0
 43
0.0
 44
0.0
 45
709632.0
 50
0.0
 51
0.0
 72
100
 90
557088
  1

281
0
 71
0
 74
0
110
0.0
120
0.0
130
0.0
111
1.0
121
0.0
131
0.0
112
0.0
122
1.0
132
0.0
 79
0
146
0.0
282
0
  0
LWPOLYLINE
  5
646
330
641
100
AcDbEntity
 67
1
  8
A-SHEET
370
70
100
AcDbPolyline
 90
4
 70
1
 10
20.0
 20
415.0
 10
292.0
 20
415.0
 10
292.0
 20
5.0
 10
20.0
 20
5.0
  0
TEXT
  5
647
330
641
100
AcDbEntity
 67
1
  8
A-TEXT
100
AcDbText
 10
41.0
 20
389.0
 30
0.0
 40
4.0
  1
ДИЗАЙН-ПЛАНИРОВКА  /  FURNISHED DESIGN LAYOUT
  7
PLAN-BOLD
 11
41.0
 21
389.0
 31
0.0
100
AcDbText
 73
2
  0
TEXT
  5
648
330
641
100
AcDbEntity
 67
1
  8
A-TEXT
100
AcDbText
 10
41.0
 20
384.0
 30
0.0
 40
3.0
  1
М 1:50
  7
PLAN-REGULAR
 11
41.0
 21
384.0
 31
0.0
100
AcDbText
 73
2
  0
TEXT
  5
649
330
641
100
AcDbEntity
 67
1
  8
A-TEXT
100
AcDbText
 10
42.0
 20
271.0
 30
0.0
 40
2.5
  1
ЭКСПЛИКАЦИЯ / ROOM SCHEDULE
  7
PLAN-BOLD
 11
42.0
 21
271.0
 31
0.0
100
AcDbText
 73
2
  0
LINE
  5
64A
330
641
100
AcDbEntity
 67
1
  8
A-SHEET
370
50
100
AcDbLine
 10
42.0
 20
268.0
 30
0.0
 11
128.0
 21
268.0
 31
0.0
  0
TEXT
  5
64B
330
641
100
AcDbEntity
 67
1
  8
A-TEXT
100
AcDbText
 10
46.0
 20
265.0
 30
0.0
 40
1.9
  1
№
  7
PLAN-BOLD
 72
1
 11
46.0
 21
265.0
 31
0.0
100
AcDbText
 73
2
  0
TEXT
  5
64C
330
641
100
AcDbEntity
 67
1
  8
A-TEXT
100
AcDbText
 10
51.2
 20
265.0
 30
0.0
 40
1.9
  1
Помещение
  7
PLAN-BOLD
 11
51.2
 21
265.0
 31
0.0
100
AcDbText
 73
2
  0
TEXT
  5
64D
330
641
100
AcDbEntity
 67
1
  8
A-TEXT
100
AcDbText
 10
77.2
 20
265.0
 30
0.0
 40
1.7
  1
Room
  7
PLAN-BOLD
 11
77.2
 21
265.0
 31
0.0
100
AcDbText
 73
2
  0
TEXT
  5
64E
330
641
100
AcDbEntity
 67
1
  8
A-TEXT
100
AcDbText
 10
112.5
 20
265.0
 30
0.0
 40
1.9
  1
было
  7
PLAN-BOLD
 72
2
 11
112.5
 21
265.0
 31
0.0
100
AcDbText
 73
2
  0
TEXT
  5
64F
330
641
100
AcDbEntity
 67
1
  8
A-TEXT
100
AcDbText
 10
126.5
 20
265.0
 30
0.0
 40
1.9
  1
стало
  7
PLAN-BOLD
 72
2
 11
126.5
 21
265.0
 31
0.0
100
AcDbText
 73
2
  0
LINE
  5
650
330
641
100
AcDbEntity
 67
1
  8
A-SHEET
370
50
100
AcDbLine
 10
42.0
 20
262.0
 30
0.0
 11
128.0
 21
262.0
 31
0.0
  0
TEXT
  5
651
330
641
100
AcDbEntity
 67
1
  8
A-TEXT
100
AcDbText
 10
46.0
 20
259.0
 30
0.0
 40
1.9
  1
1
  7
PLAN-REGULAR
 72
1
 11
46.0
 21
259.0
 31
0.0
100
AcDbText
 73
2
  0
TEXT
  5
652
330
641
100
AcDbEntity
 67
1
  8
A-TEXT
100
AcDbText
 10
51.2
 20
259.0
 30
0.0
 40
1.9
  1
Прихожая
  7
PLAN-REGULAR
 11
51.2
 21
259.0
 31
0.0
100
AcDbText
 73
2
  0
TEXT
  5
653
330
641
100
AcDbEntity
 67
1
  8
A-TEXT
100
AcDbText
 10
77.2
 20
259.0
 30
0.0
 40
1.7
  1
Entrance hall
  7
PLAN-REGULAR
 11
77.2
 21
259.0
 31
0.0
100
AcDbText
 73
2
  0
TEXT
  5
654
330
641
100
AcDbEntity
 67
1
  8
A-TEXT
100
AcDbText
 10
112.5
 20
259.0
 30
0.0
 40
1.9
  1
5.8
  7
PLAN-REGULAR
 72
2
 11
112.5
 21
259.0
 31
0.0
100
AcDbText
 73
2
  0
TEXT
  5
655
330
641
100
AcDbEntity
 67
1
  8
A-TEXT
100
AcDbText
 10
126.5
 20
259.0
 30
0.0
 40
1.9
  1
5.8
  7
PLAN-REGULAR
 72
2
 11
126.5
 21
259.0
 31
0.0
100
AcDbText
 73
2
  0
LINE
  5
656
330
641
100
AcDbEntity
 67
1
  8
A-SHEET
370
18
100
AcDbLine
 10
42.0
 20
256.0
 30
0.0
 11
128.0
 21
256.0
 31
0.0
  0
TEXT
  5
657
330
641
100
AcDbEntity
 67
1
  8
A-TEXT
100
AcDbText
 10
46.0
 20
253.0
 30
0.0
 40
1.9
  1
2
  7
PLAN-REGULAR
 72
1
 11
46.0
 21
253.0
 31
0.0
100
AcDbText
 73
2
  0
TEXT
  5
658
330
641
100
AcDbEntity
 67
1
  8
A-TEXT
100
AcDbText
 10
51.2
 20
253.0
 30
0.0
 40
1.9
  1
Студия
  7
PLAN-REGULAR
 11
51.2
 21
253.0
 31
0.0
100
AcDbText
 73
2
  0
TEXT
  5
659
330
641
100
AcDbEntity
 67
1
  8
A-TEXT
100
AcDbText
 10
77.2
 20
253.0
 30
0.0
 40
1.7
  1
Studio (lounge + dining)
  7
PLAN-REGULAR
 11
77.2
 21
253.0
 31
0.0
100
AcDbText
 73
2
  0
TEXT
  5
65A
330
641
100
AcDbEntity
 67
1
  8
A-TEXT
100
AcDbText
 10
112.5
 20
253.0
 30
0.0
 40
1.9
  1
14.1
  7
PLAN-REGULAR
 72
2
 11
112.5
 21
253.0
 31
0.0
100
AcDbText
 73
2
  0
TEXT
  5
65B
330
641
100
AcDbEntity
 67
1
  8
A-TEXT
100
AcDbText
 10
126.5
 20
253.0
 30
0.0
 40
1.9
  1
21.8
  7
PLAN-REGULAR
 72
2
 11
126.5
 21
253.0
 31
0.0
100
AcDbText
 73
2
  0
LINE
  5
65C
330
641
100
AcDbEntity
 67
1
  8
A-SHEET
370
18
100
AcDbLine
 10
42.0
 20
250.0
 30
0.0
 11
128.0
 21
250.0
 31
0.0
  0
TEXT
  5
65D
330
641
100
AcDbEntity
 67
1
  8
A-TEXT
100
AcDbText
 10
46.0
 20
247.0
 30
0.0
 40
1.9
  1
3
  7
PLAN-REGULAR
 72
1
 11
46.0
 21
247.0
 31
0.0
100
AcDbText
 73
2
  0
TEXT
  5
65E
330
641
100
AcDbEntity
 67
1
  8
A-TEXT
100
AcDbText
 10
51.2
 20
247.0
 30
0.0
 40
1.9
  1
С/У
  7
PLAN-REGULAR
 11
51.2
 21
247.0
 31
0.0
100
AcDbText
 73
2
  0
TEXT
  5
65F
330
641
100
AcDbEntity
 67
1
  8
A-TEXT
100
AcDbText
 10
77.2
 20
247.0
 30
0.0
 40
1.7
  1
Bathroom / WC
  7
PLAN-REGULAR
 11
77.2
 21
247.0
 31
0.0
100
AcDbText
 73
2
  0
TEXT
  5
660
330
641
100
AcDbEntity
 67
1
  8
A-TEXT
100
AcDbText
 10
112.5
 20
247.0
 30
0.0
 40
1.9
  1
4.1
  7
PLAN-REGULAR
 72
2
 11
112.5
 21
247.0
 31
0.0
100
AcDbText
 73
2
  0
TEXT
  5
661
330
641
100
AcDbEntity
 67
1
  8
A-TEXT
100
AcDbText
 10
126.5
 20
247.0
 30
0.0
 40
1.9
  1
4.0
  7
PLAN-REGULAR
 72
2
 11
126.5
 21
247.0
 31
0.0
100
AcDbText
 73
2
  0
LINE
  5
662
330
641
100
AcDbEntity
 67
1
  8
A-SHEET
370
18
100
AcDbLine
 10
42.0
 20
244.0
 30
0.0
 11
128.0
 21
244.0
 31
0.0
  0
TEXT
  5
663
330
641
100
AcDbEntity
 67
1
  8
A-TEXT
100
AcDbText
 10
46.0
 20
241.0
 30
0.0
 40
1.9
  1
4
  7
PLAN-REGULAR
 72
1
 11
46.0
 21
241.0
 31
0.0
100
AcDbText
 73
2
  0
TEXT
  5
664
330
641
100
AcDbEntity
 67
1
  8
A-TEXT
100
AcDbText
 10
51.2
 20
241.0
 30
0.0
 40
1.9
  1
Детская для двоих
  7
PLAN-REGULAR
 11
51.2
 21
241.0
 31
0.0
100
AcDbText
 73
2
  0
TEXT
  5
665
330
641
100
AcDbEntity
 67
1
  8
A-TEXT
100
AcDbText
 10
77.2
 20
241.0
 30
0.0
 40
1.7
  1
Children's room (two)
  7
PLAN-REGULAR
 11
77.2
 21
241.0
 31
0.0
100
AcDbText
 73
2
  0
TEXT
  5
666
330
641
100
AcDbEntity
 67
1
  8
A-TEXT
100
AcDbText
 10
112.5
 20
241.0
 30
0.0
 40
1.9
  1
14.4
  7
PLAN-REGULAR
 72
2
 11
112.5
 21
241.0
 31
0.0
100
AcDbText
 73
2
  0
TEXT
  5
667
330
641
100
AcDbEntity
 67
1
  8
A-TEXT
100
AcDbText
 10
126.5
 20
241.0
 30
0.0
 40
1.9
  1
14.3
  7
PLAN-REGULAR
 72
2
 11
126.5
 21
241.0
 31
0.0
100
AcDbText
 73
2
  0
LINE
  5
668
330
641
100
AcDbEntity
 67
1
  8
A-SHEET
370
18
100
AcDbLine
 10
42.0
 20
238.0
 30
0.0
 11
128.0
 21
238.0
 31
0.0
  0
TEXT
  5
669
330
641
100
AcDbEntity
 67
1
  8
A-TEXT
100
AcDbText
 10
46.0
 20
235.0
 30
0.0
 40
1.9
  1
5
  7
PLAN-REGULAR
 72
1
 11
46.0
 21
235.0
 31
0.0
100
AcDbText
 73
2
  0
TEXT
  5
66A
330
641
100
AcDbEntity
 67
1
  8
A-TEXT
100
AcDbText
 10
51.2
 20
235.0
 30
0.0
 40
1.9
  1
Кухня (открытая)
  7
PLAN-REGULAR
 11
51.2
 21
235.0
 31
0.0
100
AcDbText
 73
2
  0
TEXT
  5
66B
330
641
100
AcDbEntity
 67
1
  8
A-TEXT
100
AcDbText
 10
77.2
 20
235.0
 30
0.0
 40
1.7
  1
Kitchen (open plan)
  7
PLAN-REGULAR
 11
77.2
 21
235.0
 31
0.0
100
AcDbText
 73
2
  0
TEXT
  5
66C
330
641
100
AcDbEntity
 67
1
  8
A-TEXT
100
AcDbText
 10
112.5
 20
235.0
 30
0.0
 40
1.9
  1
11.0
  7
PLAN-REGULAR
 72
2
 11
112.5
 21
235.0
 31
0.0
100
AcDbText
 73
2
  0
TEXT
  5
66D
330
641
100
AcDbEntity
 67
1
  8
A-TEXT
100
AcDbText
 10
126.5
 20
235.0
 30
0.0
 40
1.9
  1
6.0
  7
PLAN-REGULAR
 72
2
 11
126.5
 21
235.0
 31
0.0
100
AcDbText
 73
2
  0
LINE
  5
66E
330
641
100
AcDbEntity
 67
1
  8
A-SHEET
370
18
100
AcDbLine
 10
42.0
 20
232.0
 30
0.0
 11
128.0
 21
232.0
 31
0.0
  0
TEXT
  5
66F
330
641
100
AcDbEntity
 67
1
  8
A-TEXT
100
AcDbText
 10
46.0
 20
229.0
 30
0.0
 40
1.9
  1
6
  7
PLAN-REGULAR
 72
1
 11
46.0
 21
229.0
 31
0.0
100
AcDbText
 73
2
  0
TEXT
  5
670
330
641
100
AcDbEntity
 67
1
  8
A-TEXT
100
AcDbText
 10
51.2
 20
229.0
 30
0.0
 40
1.9
  1
ПК и кинотеатр
  7
PLAN-REGULAR
 11
51.2
 21
229.0
 31
0.0
100
AcDbText
 73
2
  0
TEXT
  5
671
330
641
100
AcDbEntity
 67
1
  8
A-TEXT
100
AcDbText
 10
77.2
 20
229.0
 30
0.0
 40
1.7
  1
PC + home cinema (hidden)
  7
PLAN-REGULAR
 11
77.2
 21
229.0
 31
0.0
100
AcDbText
 73
2
  0
TEXT
  5
672
330
641
100
AcDbEntity
 67
1
  8
A-TEXT
100
AcDbText
 10
112.5
 20
229.0
 30
0.0
 40
1.9
  1
17.8
  7
PLAN-REGULAR
 72
2
 11
112.5
 21
229.0
 31
0.0
100
AcDbText
 73
2
  0
TEXT
  5
673
330
641
100
AcDbEntity
 67
1
  8
A-TEXT
100
AcDbText
 10
126.5
 20
229.0
 30
0.0
 40
1.9
  1
13.0
  7
PLAN-REGULAR
 72
2
 11
126.5
 21
229.0
 31
0.0
100
AcDbText
 73
2
  0
LINE
  5
674
330
641
100
AcDbEntity
 67
1
  8
A-SHEET
370
18
100
AcDbLine
 10
42.0
 20
226.0
 30
0.0
 11
128.0
 21
226.0
 31
0.0
  0
TEXT
  5
675
330
641
100
AcDbEntity
 67
1
  8
A-TEXT
100
AcDbText
 10
46.0
 20
223.0
 30
0.0
 40
1.9
  1
7
  7
PLAN-REGULAR
 72
1
 11
46.0
 21
223.0
 31
0.0
100
AcDbText
 73
2
  0
TEXT
  5
676
330
641
100
AcDbEntity
 67
1
  8
A-TEXT
100
AcDbText
 10
51.2
 20
223.0
 30
0.0
 40
1.9
  1
Мастер-спальня
  7
PLAN-REGULAR
 11
51.2
 21
223.0
 31
0.0
100
AcDbText
 73
2
  0
TEXT
  5
677
330
641
100
AcDbEntity
 67
1
  8
A-TEXT
100
AcDbText
 10
77.2
 20
223.0
 30
0.0
 40
1.7
  1
Master bedroom
  7
PLAN-REGULAR
 11
77.2
 21
223.0
 31
0.0
100
AcDbText
 73
2
  0
TEXT
  5
678
330
641
100
AcDbEntity
 67
1
  8
A-TEXT
100
AcDbText
 10
112.5
 20
223.0
 30
0.0
 40
1.9
  1
19.7
  7
PLAN-REGULAR
 72
2
 11
112.5
 21
223.0
 31
0.0
100
AcDbText
 73
2
  0
TEXT
  5
679
330
641
100
AcDbEntity
 67
1
  8
A-TEXT
100
AcDbText
 10
126.5
 20
223.0
 30
0.0
 40
1.9
  1
18.1
  7
PLAN-REGULAR
 72
2
 11
126.5
 21
223.0
 31
0.0
100
AcDbText
 73
2
  0
LINE
  5
67A
330
641
100
AcDbEntity
 67
1
  8
A-SHEET
370
18
100
AcDbLine
 10
42.0
 20
220.0
 30
0.0
 11
128.0
 21
220.0
 31
0.0
  0
TEXT
  5
67B
330
641
100
AcDbEntity
 67
1
  8
A-TEXT
100
AcDbText
 10
46.0
 20
217.0
 30
0.0
 40
1.9
  1
7.1
  7
PLAN-REGULAR
 72
1
 11
46.0
 21
217.0
 31
0.0
100
AcDbText
 73
2
  0
TEXT
  5
67C
330
641
100
AcDbEntity
 67
1
  8
A-TEXT
100
AcDbText
 10
51.2
 20
217.0
 30
0.0
 40
1.9
  1
Санузел
  7
PLAN-REGULAR
 11
51.2
 21
217.0
 31
0.0
100
AcDbText
 73
2
  0
TEXT
  5
67D
330
641
100
AcDbEntity
 67
1
  8
A-TEXT
100
AcDbText
 10
77.2
 20
217.0
 30
0.0
 40
1.7
  1
En-suite shower room
  7
PLAN-REGULAR
 11
77.2
 21
217.0
 31
0.0
100
AcDbText
 73
2
  0
TEXT
  5
67E
330
641
100
AcDbEntity
 67
1
  8
A-TEXT
100
AcDbText
 10
112.5
 20
217.0
 30
0.0
 40
1.9
  1
—
  7
PLAN-REGULAR
 72
2
 11
112.5
 21
217.0
 31
0.0
100
AcDbText
 73
2
  0
TEXT
  5
67F
330
641
100
AcDbEntity
 67
1
  8
A-TEXT
100
AcDbText
 10
126.5
 20
217.0
 30
0.0
 40
1.9
  1
1.7
  7
PLAN-REGULAR
 72
2
 11
126.5
 21
217.0
 31
0.0
100
AcDbText
 73
2
  0
LINE
  5
680
330
641
100
AcDbEntity
 67
1
  8
A-SHEET
370
18
100
AcDbLine
 10
42.0
 20
214.0
 30
0.0
 11
128.0
 21
214.0
 31
0.0
  0
TEXT
  5
681
330
641
100
AcDbEntity
 67
1
  8
A-TEXT
100
AcDbText
 10
46.0
 20
211.0
 30
0.0
 40
1.9
  1
7.2
  7
PLAN-REGULAR
 72
1
 11
46.0
 21
211.0
 31
0.0
100
AcDbText
 73
2
  0
TEXT
  5
682
330
641
100
AcDbEntity
 67
1
  8
A-TEXT
100
AcDbText
 10
51.2
 20
211.0
 30
0.0
 40
1.9
  1
Гардероб
  7
PLAN-REGULAR
 11
51.2
 21
211.0
 31
0.0
100
AcDbText
 73
2
  0
TEXT
  5
683
330
641
100
AcDbEntity
 67
1
  8
A-TEXT
100
AcDbText
 10
77.2
 20
211.0
 30
0.0
 40
1.7
  1
Walk-in wardrobe
  7
PLAN-REGULAR
 11
77.2
 21
211.0
 31
0.0
100
AcDbText
 73
2
  0
TEXT
  5
684
330
641
100
AcDbEntity
 67
1
  8
A-TEXT
100
AcDbText
 10
112.5
 20
211.0
 30
0.0
 40
1.9
  1
—
  7
PLAN-REGULAR
 72
2
 11
112.5
 21
211.0
 31
0.0
100
AcDbText
 73
2
  0
TEXT
  5
685
330
641
100
AcDbEntity
 67
1
  8
A-TEXT
100
AcDbText
 10
126.5
 20
211.0
 30
0.0
 40
1.9
  1
1.6
  7
PLAN-REGULAR
 72
2
 11
126.5
 21
211.0
 31
0.0
100
AcDbText
 73
2
  0
LINE
  5
686
330
641
100
AcDbEntity
 67
1
  8
A-SHEET
370
18
100
AcDbLine
 10
42.0
 20
208.0
 30
0.0
 11
128.0
 21
208.0
 31
0.0
  0
TEXT
  5
687
330
641
100
AcDbEntity
 67
1
  8
A-TEXT
100
AcDbText
 10
46.0
 20
205.0
 30
0.0
 40
1.9
  1
8
  7
PLAN-REGULAR
 72
1
 11
46.0
 21
205.0
 31
0.0
100
AcDbText
 73
2
  0
TEXT
  5
688
330
641
100
AcDbEntity
 67
1
  8
A-TEXT
100
AcDbText
 10
51.2
 20
205.0
 30
0.0
 40
1.9
  1
Лоджия
  7
PLAN-REGULAR
 11
51.2
 21
205.0
 31
0.0
100
AcDbText
 73
2
  0
TEXT
  5
689
330
641
100
AcDbEntity
 67
1
  8
A-TEXT
100
AcDbText
 10
77.2
 20
205.0
 30
0.0
 40
1.7
  1
Loggia
  7
PLAN-REGULAR
 11
77.2
 21
205.0
 31
0.0
100
AcDbText
 73
2
  0
TEXT
  5
68A
330
641
100
AcDbEntity
 67
1
  8
A-TEXT
100
AcDbText
 10
112.5
 20
205.0
 30
0.0
 40
1.9
  1
5.3
  7
PLAN-REGULAR
 72
2
 11
112.5
 21
205.0
 31
0.0
100
AcDbText
 73
2
  0
TEXT
  5
68B
330
641
100
AcDbEntity
 67
1
  8
A-TEXT
100
AcDbText
 10
126.5
 20
205.0
 30
0.0
 40
1.9
  1
5.1
  7
PLAN-REGULAR
 72
2
 11
126.5
 21
205.0
 31
0.0
100
AcDbText
 73
2
  0
LINE
  5
68C
330
641
100
AcDbEntity
 67
1
  8
A-SHEET
370
50
100
AcDbLine
 10
42.0
 20
202.0
 30
0.0
 11
128.0
 21
202.0
 31
0.0
  0
TEXT
  5
68D
330
641
100
AcDbEntity
 67
1
  8
A-TEXT
100
AcDbText
 10
46.0
 20
199.0
 30
0.0
 40
1.9
  1

  7
PLAN-BOLD
 72
1
 11
46.0
 21
199.0
 31
0.0
100
AcDbText
 73
2
  0
TEXT
  5
68E
330
641
100
AcDbEntity
 67
1
  8
A-TEXT
100
AcDbText
 10
51.2
 20
199.0
 30
0.0
 40
1.9
  1
Итого
  7
PLAN-BOLD
 11
51.2
 21
199.0
 31
0.0
100
AcDbText
 73
2
  0
TEXT
  5
68F
330
641
100
AcDbEntity
 67
1
  8
A-TEXT
100
AcDbText
 10
77.2
 20
199.0
 30
0.0
 40
1.7
  1
Total
  7
PLAN-BOLD
 11
77.2
 21
199.0
 31
0.0
100
AcDbText
 73
2
  0
TEXT
  5
690
330
641
100
AcDbEntity
 67
1
  8
A-TEXT
100
AcDbText
 10
112.5
 20
199.0
 30
0.0
 40
1.9
  1
92.2
  7
PLAN-BOLD
 72
2
 11
112.5
 21
199.0
 31
0.0
100
AcDbText
 73
2
  0
TEXT
  5
691
330
641
100
AcDbEntity
 67
1
  8
A-TEXT
100
AcDbText
 10
126.5
 20
199.0
 30
0.0
 40
1.9
  1
91.5
  7
PLAN-BOLD
 72
2
 11
126.5
 21
199.0
 31
0.0
100
AcDbText
 73
2
  0
LINE
  5
692
330
641
100
AcDbEntity
 67
1
  8
A-SHEET
370
50
100
AcDbLine
 10
42.0
 20
196.0
 30
0.0
 11
128.0
 21
196.0
 31
0.0
  0
LINE
  5
693
330
641
100
AcDbEntity
 67
1
  8
A-SHEET
370
50
100
AcDbLine
 10
42.0
 20
268.0
 30
0.0
 11
42.0
 21
196.0
 31
0.0
  0
LINE
  5
694
330
641
100
AcDbEntity
 67
1
  8
A-SHEET
370
18
100
AcDbLine
 10
50.0
 20
268.0
 30
0.0
 11
50.0
 21
196.0
 31
0.0
  0
LINE
  5
695
330
641
100
AcDbEntity
 67
1
  8
A-SHEET
370
18
100
AcDbLine
 10
76.0
 20
268.0
 30
0.0
 11
76.0
 21
196.0
 31
0.0
  0
LINE
  5
696
330
641
100
AcDbEntity
 67
1
  8
A-SHEET
370
18
100
AcDbLine
 10
100.0
 20
268.0
 30
0.0
 11
100.0
 21
196.0
 31
0.0
  0
LINE
  5
697
330
641
100
AcDbEntity
 67
1
  8
A-SHEET
370
18
100
AcDbLine
 10
114.0
 20
268.0
 30
0.0
 11
114.0
 21
196.0
 31
0.0
  0
LINE
  5
698
330
641
100
AcDbEntity
 67
1
  8
A-SHEET
370
50
100
AcDbLine
 10
128.0
 20
268.0
 30
0.0
 11
128.0
 21
196.0
 31
0.0
  0
TEXT
  5
699
330
641
100
AcDbEntity
 67
1
  8
A-TEXT
100
AcDbText
 10
42.0
 20
188.0
 30
0.0
 40
1.9
  1
ПРИМЕЧАНИЯ / NOTES
  7
PLAN-BOLD
 11
42.0
 21
188.0
 31
0.0
100
AcDbText
 73
2
  0
TEXT
  5
69A
330
641
100
AcDbEntity
 67
1
  8
A-TEXT
100
AcDbText
 10
42.0
 20
183.8
 30
0.0
 40
1.9
  1
1. Дизайн-планировка варианта 3 (лист 4), М 1:50 при
  7
PLAN-REGULAR
 11
42.0
 21
183.8
 31
0.0
100
AcDbText
 73
2
  0
TEXT
  5
69B
330
641
100
AcDbEntity
 67
1
  8
A-TEXT
100
AcDbText
 10
42.0
 20
179.6
 30
0.0
 40
1.9
  1
   печати A3 100 %. / Furnished layout of variant 3, 1:50.
  7
PLAN-ITALIC
 11
42.0
 21
179.6
 31
0.0
100
AcDbText
 73
2
  0
TEXT
  5
69C
330
641
100
AcDbEntity
 67
1
  8
A-TEXT
100
AcDbText
 10
42.0
 20
175.4
 30
0.0
 40
1.9
  1
2. Стены, двери, размеры и площади - как на листе 4.
  7
PLAN-REGULAR
 11
42.0
 21
175.4
 31
0.0
100
AcDbText
 73
2
  0
TEXT
  5
69D
330
641
100
AcDbEntity
 67
1
  8
A-TEXT
100
AcDbText
 10
42.0
 20
171.2
 30
0.0
 40
1.9
  1
   Walls, doors, sizes and areas as on sheet 4.
  7
PLAN-ITALIC
 11
42.0
 21
171.2
 31
0.0
100
AcDbText
 73
2
  0
TEXT
  5
69E
330
641
100
AcDbEntity
 67
1
  8
A-TEXT
100
AcDbText
 10
42.0
 20
167.0
 30
0.0
 40
1.9
  1
3. Мебель и отделка - концепция, размеры условные.
  7
PLAN-REGULAR
 11
42.0
 21
167.0
 31
0.0
100
AcDbText
 73
2
  0
TEXT
  5
69F
330
641
100
AcDbEntity
 67
1
  8
A-TEXT
100
AcDbText
 10
42.0
 20
162.8
 30
0.0
 40
1.9
  1
   Furniture and finishes are a concept, sizes indicative.
  7
PLAN-ITALIC
 11
42.0
 21
162.8
 31
0.0
100
AcDbText
 73
2
  0
TEXT
  5
6A0
330
641
100
AcDbEntity
 67
1
  8
A-TEXT
100
AcDbText
 10
42.0
 20
158.60000000000002
 30
0.0
 40
1.9
  1
4. Кинозал: затемняющие шторы на окнах.
  7
PLAN-REGULAR
 11
42.0
 21
158.60000000000002
 31
0.0
100
AcDbText
 73
2
  0
TEXT
  5
6A1
330
641
100
AcDbEntity
 67
1
  8
A-TEXT
100
AcDbText
 10
42.0
 20
154.39999999999998
 30
0.0
 40
1.9
  1
   Cinema room: blackout blinds on the glazing.
  7
PLAN-ITALIC
 11
42.0
 21
154.39999999999998
 31
0.0
100
AcDbText
 73
2
  0
TEXT
  5
6A2
330
641
100
AcDbEntity
 67
1
  8
A-TEXT
100
AcDbText
 10
42.0
 20
146.2
 30
0.0
 40
2.1
  1
УСЛОВНЫЕ ОБОЗНАЧЕНИЯ / LEGEND
  7
PLAN-BOLD
 11
42.0
 21
146.2
 31
0.0
100
AcDbText
 73
2
  0
LWPOLYLINE
  5
6A3
330
641
100
AcDbEntity
 67
1
  8
A-SHEET
370
20
100
AcDbPolyline
 90
4
 70
1
 10
42.0
 20
142.8
 10
52.0
 20
142.8
 10
52.0
 20
139.59999999999997
 10
42.0
 20
139.59999999999997
  0
HATCH
  5
6A4
330
641
100
AcDbEntity
 67
1
  8
A-SHEET
 62
7
420
14598036
100
AcDbHatch
 10
0.0
 20
0.0
 30
0.0
210
0.0
220
0.0
230
1.0
  2
SOLID
 70
1
 71
0
 91
1
 92
3
 72
0
 73
1
 93
4
 10
42.0
 20
142.8
 10
52.0
 20
142.8
 10
52.0
 20
139.59999999999997
 10
42.0
 20
139.59999999999997
 97
0
 75
1
 76
1
 98
0
  0
TEXT
  5
6A5
330
641
100
AcDbEntity
 67
1
  8
A-TEXT
100
AcDbText
 10
55.0
 20
141.2
 30
0.0
 40
1.9
  1
Паркет дуб / Oak parquet
  7
PLAN-REGULAR
 11
55.0
 21
141.2
 31
0.0
100
AcDbText
 73
2
  0
LWPOLYLINE
  5
6A6
330
641
100
AcDbEntity
 67
1
  8
A-SHEET
370
20
100
AcDbPolyline
 90
4
 70
1
 10
42.0
 20
137.8
 10
52.0
 20
137.8
 10
52.0
 20
134.59999999999997
 10
42.0
 20
134.59999999999997
  0
HATCH
  5
6A7
330
641
100
AcDbEntity
 67
1
  8
A-SHEET
 62
7
420
14737110
100
AcDbHatch
 10
0.0
 20
0.0
 30
0.0
210
0.0
220
0.0
230
1.0
  2
SOLID
 70
1
 71
0
 91
1
 92
3
 72
0
 73
1
 93
4
 10
42.0
 20
137.8
 10
52.0
 20
137.8
 10
52.0
 20
134.59999999999997
 10
42.0
 20
134.59999999999997
 97
0
 75
1
 76
1
 98
0
  0
TEXT
  5
6A8
330
641
100
AcDbEntity
 67
1
  8
A-TEXT
100
AcDbText
 10
55.0
 20
136.2
 30
0.0
 40
1.9
  1
Керамогранит / Porcelain tile
  7
PLAN-REGULAR
 11
55.0
 21
136.2
 31
0.0
100
AcDbText
 73
2
  0
LWPOLYLINE
  5
6A9
330
641
100
AcDbEntity
 67
1
  8
A-SHEET
370
20
100
AcDbPolyline
 90
4
 70
1
 10
42.0
 20
132.8
 10
52.0
 20
132.8
 10
52.0
 20
129.59999999999997
 10
42.0
 20
129.59999999999997
  0
HATCH
  5
6AA
330
641
100
AcDbEntity
 67
1
  8
A-SHEET
 62
7
420
13951208
100
AcDbHatch
 10
0.0
 20
0.0
 30
0.0
210
0.0
220
0.0
230
1.0
  2
SOLID
 70
1
 71
0
 91
1
 92
3
 72
0
 73
1
 93
4
 10
42.0
 20
132.8
 10
52.0
 20
132.8
 10
52.0
 20
129.59999999999997
 10
42.0
 20
129.59999999999997
 97
0
 75
1
 76
1
 98
0
  0
TEXT
  5
6AB
330
641
100
AcDbEntity
 67
1
  8
A-TEXT
100
AcDbText
 10
55.0
 20
131.2
 30
0.0
 40
1.9
  1
Плитка с/у / Bathroom tile
  7
PLAN-REGULAR
 11
55.0
 21
131.2
 31
0.0
100
AcDbText
 73
2
  0
LWPOLYLINE
  5
6AC
330
641
100
AcDbEntity
 67
1
  8
A-SHEET
370
20
100
AcDbPolyline
 90
4
 70
1
 10
42.0
 20
127.80000000000001
 10
52.0
 20
127.80000000000001
 10
52.0
 20
124.59999999999997
 10
42.0
 20
124.59999999999997
  0
HATCH
  5
6AD
330
641
100
AcDbEntity
 67
1
  8
A-SHEET
 62
7
420
4540247
100
AcDbHatch
 10
0.0
 20
0.0
 30
0.0
210
0.0
220
0.0
230
1.0
  2
SOLID
 70
1
 71
0
 91
1
 92
3
 72
0
 73
1
 93
4
 10
42.0
 20
127.80000000000001
 10
52.0
 20
127.80000000000001
 10
52.0
 20
124.59999999999997
 10
42.0
 20
124.59999999999997
 97
0
 75
1
 76
1
 98
0
  0
TEXT
  5
6AE
330
641
100
AcDbEntity
 67
1
  8
A-TEXT
100
AcDbText
 10
55.0
 20
126.19999999999999
 30
0.0
 40
1.9
  1
Ковролин / Carpet (cinema)
  7
PLAN-REGULAR
 11
55.0
 21
126.19999999999999
 31
0.0
100
AcDbText
 73
2
  0
LWPOLYLINE
  5
6AF
330
641
100
AcDbEntity
 67
1
  8
A-SHEET
370
20
100
AcDbPolyline
 90
4
 70
1
 10
42.0
 20
122.80000000000001
 10
52.0
 20
122.80000000000001
 10
52.0
 20
119.59999999999997
 10
42.0
 20
119.59999999999997
  0
HATCH
  5
6B0
330
641
100
AcDbEntity
 67
1
  8
A-SHEET
 62
7
420
12095334
100
AcDbHatch
 10
0.0
 20
0.0
 30
0.0
210
0.0
220
0.0
230
1.0
  2
SOLID
 70
1
 71
0
 91
1
 92
3
 72
0
 73
1
 93
4
 10
42.0
 20
122.80000000000001
 10
52.0
 20
122.80000000000001
 10
52.0
 20
119.59999999999997
 10
42.0
 20
119.59999999999997
 97
0
 75
1
 76
1
 98
0
  0
TEXT
  5
6B1
330
641
100
AcDbEntity
 67
1
  8
A-TEXT
100
AcDbText
 10
55.0
 20
121.19999999999999
 30
0.0
 40
1.9
  1
Террасная доска / Decking
  7
PLAN-REGULAR
 11
55.0
 21
121.19999999999999
 31
0.0
100
AcDbText
 73
2
  0
TEXT
  5
6B2
330
641
100
AcDbEntity
 67
1
  8
A-TEXT
100
AcDbText
 10
41.0
 20
88.5
 30
0.0
 40
2.0
  1
Масштабная линейка / Scale bar 1:50 (м / m)
  7
PLAN-REGULAR
 11
41.0
 21
88.5
 31
0.0
100
AcDbText
 73
2
  0
LWPOLYLINE
  5
6B3
330
641
100
AcDbEntity
 67
1
  8
A-SHEET
370
25
100
AcDbPolyline
 90
4
 70
1
 10
41.0
 20
85.0
 10
61.0
 20
85.0
 10
61.0
 20
83.39999999999998
 10
41.0
 20
83.39999999999998
  0
HATCH
  5
6B4
330
641
100
AcDbEntity
 67
1
  8
A-SHEET
 62
7
420
0
100
AcDbHatch
 10
0.0
 20
0.0
 30
0.0
210
0.0
220
0.0
230
1.0
  2
SOLID
 70
1
 71
0
 91
1
 92
3
 72
0
 73
1
 93
4
 10
41.0
 20
85.0
 10
61.0
 20
85.0
 10
61.0
 20
83.39999999999998
 10
41.0
 20
83.39999999999998
 97
0
 75
1
 76
1
 98
0
  0
LWPOLYLINE
  5
6B5
330
641
100
AcDbEntity
 67
1
  8
A-SHEET
370
25
100
AcDbPolyline
 90
4
 70
1
 10
61.0
 20
85.0
 10
81.0
 20
85.0
 10
81.0
 20
83.39999999999998
 10
61.0
 20
83.39999999999998
  0
LWPOLYLINE
  5
6B6
330
641
100
AcDbEntity
 67
1
  8
A-SHEET
370
25
100
AcDbPolyline
 90
4
 70
1
 10
81.0
 20
85.0
 10
101.0
 20
85.0
 10
101.0
 20
83.39999999999998
 10
81.0
 20
83.39999999999998
  0
HATCH
  5
6B7
330
641
100
AcDbEntity
 67
1
  8
A-SHEET
 62
7
420
0
100
AcDbHatch
 10
0.0
 20
0.0
 30
0.0
210
0.0
220
0.0
230
1.0
  2
SOLID
 70
1
 71
0
 91
1
 92
3
 72
0
 73
1
 93
4
 10
81.0
 20
85.0
 10
101.0
 20
85.0
 10
101.0
 20
83.39999999999998
 10
81.0
 20
83.39999999999998
 97
0
 75
1
 76
1
 98
0
  0
LWPOLYLINE
  5
6B8
330
641
100
AcDbEntity
 67
1
  8
A-SHEET
370
25
100
AcDbPolyline
 90
4
 70
1
 10
101.0
 20
85.0
 10
121.0
 20
85.0
 10
121.0
 20
83.39999999999998
 10
101.0
 20
83.39999999999998
  0
LWPOLYLINE
  5
6B9
330
641
100
AcDbEntity
 67
1
  8
A-SHEET
370
25
100
AcDbPolyline
 90
4
 70
1
 10
121.0
 20
85.0
 10
141.0
 20
85.0
 10
141.0
 20
83.39999999999998
 10
121.0
 20
83.39999999999998
  0
HATCH
  5
6BA
330
641
100
AcDbEntity
 67
1
  8
A-SHEET
 62
7
420
0
100
AcDbHatch
 10
0.0
 20
0.0
 30
0.0
210
0.0
220
0.0
230
1.0
  2
SOLID
 70
1
 71
0
 91
1
 92
3
 72
0
 73
1
 93
4
 10
121.0
 20
85.0
 10
141.0
 20
85.0
 10
141.0
 20
83.39999999999998
 10
121.0
 20
83.39999999999998
 97
0
 75
1
 76
1
 98
0
  0
TEXT
  5
6BB
330
641
100
AcDbEntity
 67
1
  8
A-TEXT
100
AcDbText
 10
41.0
 20
80.5
 30
0.0
 40
2.0
  1
0
  7
PLAN-REGULAR
 72
1
 11
41.0
 21
80.5
 31
0.0
100
AcDbText
 73
2
  0
TEXT
  5
6BC
330
641
100
AcDbEntity
 67
1
  8
A-TEXT
100
AcDbText
 10
61.0
 20
80.5
 30
0.0
 40
2.0
  1
1
  7
PLAN-REGULAR
 72
1
 11
61.0
 21
80.5
 31
0.0
100
AcDbText
 73
2
  0
TEXT
  5
6BD
330
641
100
AcDbEntity
 67
1
  8
A-TEXT
100
AcDbText
 10
81.0
 20
80.5
 30
0.0
 40
2.0
  1
2
  7
PLAN-REGULAR
 72
1
 11
81.0
 21
80.5
 31
0.0
100
AcDbText
 73
2
  0
TEXT
  5
6BE
330
641
100
AcDbEntity
 67
1
  8
A-TEXT
100
AcDbText
 10
101.0
 20
80.5
 30
0.0
 40
2.0
  1
3
  7
PLAN-REGULAR
 72
1
 11
101.0
 21
80.5
 31
0.0
100
AcDbText
 73
2
  0
TEXT
  5
6BF
330
641
100
AcDbEntity
 67
1
  8
A-TEXT
100
AcDbText
 10
121.0
 20
80.5
 30
0.0
 40
2.0
  1
4
  7
PLAN-REGULAR
 72
1
 11
121.0
 21
80.5
 31
0.0
100
AcDbText
 73
2
  0
TEXT
  5
6C0
330
641
100
AcDbEntity
 67
1
  8
A-TEXT
100
AcDbText
 10
141.0
 20
80.5
 30
0.0
 40
2.0
  1
5
  7
PLAN-REGULAR
 72
1
 11
141.0
 21
80.5
 31
0.0
100
AcDbText
 73
2
  0
LWPOLYLINE
  5
6C1
330
641
100
AcDbEntity
 67
1
  8
A-SHEET
370
70
100
AcDbPolyline
 90
4
 70
1
 10
107.0
 20
45.0
 10
292.0
 20
45.0
 10
292.0
 20
5.0
 10
107.0
 20
5.0
  0
LINE
  5
6C2
330
641
100
AcDbEntity
 67
1
  8
A-SHEET
370
50
100
AcDbLine
 10
107.0
 20
31.0
 30
0.0
 11
292.0
 21
31.0
 31
0.0
  0
LINE
  5
6C3
330
641
100
AcDbEntity
 67
1
  8
A-SHEET
370
50
100
AcDbLine
 10
107.0
 20
18.0
 30
0.0
 11
292.0
 21
18.0
 31
0.0
  0
LINE
  5
6C4
330
641
100
AcDbEntity
 67
1
  8
A-SHEET
370
50
100
AcDbLine
 10
227.0
 20
31.0
 30
0.0
 11
227.0
 21
5.0
 31
0.0
  0
LINE
  5
6C5
330
641
100
AcDbEntity
 67
1
  8
A-SHEET
370
50
100
AcDbLine
 10
257.0
 20
31.0
 30
0.0
 11
257.0
 21
5.0
 31
0.0
  0
TEXT
  5
6C6
330
641
100
AcDbEntity
 67
1
  8
A-TEXT
100
AcDbText
 10
111.0
 20
40.0
 30
0.0
 40
3.2
  1
Дизайн-планировка с мебелью (вариант 3)
  7
PLAN-BOLD
 11
111.0
 21
40.0
 31
0.0
100
AcDbText
 73
2
  0
TEXT
  5
6C7
330
641
100
AcDbEntity
 67
1
  8
A-TEXT
100
AcDbText
 10
111.0
 20
35.0
 30
0.0
 40
2.4
  1
Furnished colour design layout (replanning variant 3)
  7
PLAN-ITALIC
 11
111.0
 21
35.0
 31
0.0
100
AcDbText
 73
2
  0
TEXT
  5
6C8
330
641
100
AcDbEntity
 67
1
  8
A-TEXT
100
AcDbText
 10
111.0
 20
26.5
 30
0.0
 40
2.2
  1
Общая площадь / Total area (по чертежу / measured):
  7
PLAN-REGULAR
 11
111.0
 21
26.5
 31
0.0
100
AcDbText
 73
2
  0
TEXT
  5
6C9
330
641
100
AcDbEntity
 67
1
  8
A-TEXT
100
AcDbText
 10
111.0
 20
22.0
 30
0.0
 40
2.2
  1
91.5 м² (в т.ч. лоджия / incl. loggia 5.1 м²)
  7
PLAN-BOLD
 11
111.0
 21
22.0
 31
0.0
100
AcDbText
 73
2
  0
TEXT
  5
6CA
330
641
100
AcDbEntity
 67
1
  8
A-TEXT
100
AcDbText
 10
242.0
 20
27.5
 30
0.0
 40
1.8
  1
Масштаб / Scale
  7
PLAN-REGULAR
 72
1
 11
242.0
 21
27.5
 31
0.0
100
AcDbText
 73
2
  0
TEXT
  5
6CB
330
641
100
AcDbEntity
 67
1
  8
A-TEXT
100
AcDbText
 10
242.0
 20
22.0
 30
0.0
 40
3.5
  1
1:50
  7
PLAN-BOLD
 72
1
 11
242.0
 21
22.0
 31
0.0
100
AcDbText
 73
2
  0
TEXT
  5
6CC
330
641
100
AcDbEntity
 67
1
  8
A-TEXT
100
AcDbText
 10
274.5
 20
27.5
 30
0.0
 40
1.8
  1
Формат / Size
  7
PLAN-REGULAR
 72
1
 11
274.5
 21
27.5
 31
0.0
100
AcDbText
 73
2
  0
TEXT
  5
6CD
330
641
100
AcDbEntity
 67
1
  8
A-TEXT
100
AcDbText
 10
274.5
 20
22.0
 30
0.0
 40
3.5
  1
A3
  7
PLAN-BOLD
 72
1
 11
274.5
 21
22.0
 31
0.0
100
AcDbText
 73
2
  0
TEXT
  5
6CE
330
641
100
AcDbEntity
 67
1
  8
A-TEXT
100
AcDbText
 10
111.0
 20
13.5
 30
0.0
 40
2.2
  1
Размеры в мм / Dimensions in mm
  7
PLAN-REGULAR
 11
111.0
 21
13.5
 31
0.0
100
AcDbText
 73
2
  0
TEXT
  5
6CF
330
641
100
AcDbEntity
 67
1
  8
A-TEXT
100
AcDbText
 10
111.0
 20
9.0
 30
0.0
 40
1.8
  1
Основа / Base: output/flat-plan_1-50_A3.pdf
  7
PLAN-REGULAR
 11
111.0
 21
9.0
 31
0.0
100
AcDbText
 73
2
  0
TEXT
  5
6D0
330
641
100
AcDbEntity
 67
1
  8
A-TEXT
100
AcDbText
 10
242.0
 20
14.5
 30
0.0
 40
1.8
  1
Лист / Sheet
  7
PLAN-REGULAR
 72
1
 11
242.0
 21
14.5
 31
0.0
100
AcDbText
 73
2
  0
TEXT
  5
6D1
330
641
100
AcDbEntity
 67
1
  8
A-TEXT
100
AcDbText
 10
242.0
 20
9.5
 30
0.0
 40
3.0
  1
5
  7
PLAN-BOLD
 72
1
 11
242.0
 21
9.5
 31
0.0
100
AcDbText
 73
2
  0
TEXT
  5
6D2
330
641
100
AcDbEntity
 67
1
  8
A-TEXT
100
AcDbText
 10
274.5
 20
14.5
 30
0.0
 40
1.8
  1
Дата / Date
  7
PLAN-REGULAR
 72
1
 11
274.5
 21
14.5
 31
0.0
100
AcDbText
 73
2
  0
TEXT
  5
6D3
330
641
100
AcDbEntity
 67
1
  8
A-TEXT
100
AcDbText
 10
274.5
 20
9.5
 30
0.0
 40
2.4
  1
27.09.2026
  7
PLAN-REGULAR
 72
1
 11
274.5
 21
9.5
 31
0.0
100
AcDbText
 73
2
  0
VIEWPORT
  5
6D4
330
641
100
AcDbEntity
 67
1
  8
A-VPORT
100
AcDbViewport
 10
156.0
 20
236.5
 30
0.0
 40
232.0
 41
289.0
 68
2
 69
3
 12
5750.0
 22
7175.0
 13
0.0
 23
0.0
 14
10.0
 24
10.0
 15
10.0
 25
10.0
 16
0.0
 26
0.0
 36
1.0
 17
0.0
 27
0.0
 37
0.0
 42
50.0
 43
0.0
 44
0.0
 45
14450.0
 50
0.0
 51
0.0
 72
100
 90
16384
  1

281
0
 71
0
 74
0
110
0.0
120
0.0
130
0.0
111
1.0
121
0.0
131
0.0
112
0.0
122
1.0
132
0.0
 79
0
146
0.0
282
0
  0
ENDBLK
  5
643
330
641
100
AcDbEntity
  8
0
100
AcDbBlockEnd
  0
ENDSEC
  0
SECTION
  2
ENTITIES
  0
HATCH
  5
A5
330
17
100
AcDbEntity
  8
I-FLOOR
 62
7
420
14737110
100
AcDbHatch
 10
0.0
 20
0.0
 30
0.0
210
0.0
220
0.0
230
1.0
  2
SOLID
 70
1
 71
0
 91
1
 92
3
 72
0
 73
1
 93
5
 10
4098.0
 20
14150.0
 10
1200.0
 20
14150.0
 10
1200.0
 20
12150.0
 10
3817.157287525381
 20
12150.0
 10
4098.0
 20
12150.0
 97
0
 75
1
 76
1
 98
0
  0
LINE
  5
A6
330
17
100
AcDbEntity
  8
I-FLOOR-PAT
370
9
420
12763064
100
AcDbLine
 10
1200.0
 20
13550.0
 30
0.0
 11
4098.0
 21
13550.0
 31
0.0
  0
LINE
  5
A7
330
17
100
AcDbEntity
  8
I-FLOOR-PAT
370
9
420
12763064
100
AcDbLine
 10
1200.0
 20
12950.0
 30
0.0
 11
4098.0
 21
12950.0
 31
0.0
  0
LINE
  5
A8
330
17
100
AcDbEntity
  8
I-FLOOR-PAT
370
9
420
12763064
100
AcDbLine
 10
1200.0
 20
12350.0
 30
0.0
 11
4098.0
 21
12350.0
 31
0.0
  0
LINE
  5
A9
330
17
100
AcDbEntity
  8
I-FLOOR-PAT
370
9
420
12763064
100
AcDbLine
 10
1800.0
 20
14150.0
 30
0.0
 11
1800.0
 21
12150.0
 31
0.0
  0
LINE
  5
AA
330
17
100
AcDbEntity
  8
I-FLOOR-PAT
370
9
420
12763064
100
AcDbLine
 10
2400.0
 20
14150.0
 30
0.0
 11
2400.0
 21
12150.0
 31
0.0
  0
LINE
  5
AB
330
17
100
AcDbEntity
  8
I-FLOOR-PAT
370
9
420
12763064
100
AcDbLine
 10
3000.0
 20
14150.0
 30
0.0
 11
3000.0
 21
12150.0
 31
0.0
  0
LINE
  5
AC
330
17
100
AcDbEntity
  8
I-FLOOR-PAT
370
9
420
12763064
100
AcDbLine
 10
3600.0
 20
14150.0
 30
0.0
 11
3600.0
 21
12150.0
 31
0.0
  0
HATCH
  5
AD
330
17
100
AcDbEntity
  8
I-FLOOR
 62
7
420
14598036
100
AcDbHatch
 10
0.0
 20
0.0
 30
0.0
210
0.0
220
0.0
230
1.0
  2
SOLID
 70
1
 71
0
 91
1
 92
3
 72
0
 73
1
 93
42
 10
8000.0
 20
4950.0
 10
8000.0
 20
9050.0
 10
8000.0
 20
9248.0
 10
7150.0
 20
9248.0
 10
7149.80396571934
 20
9248.009630546656
 10
7149.609819355968
 20
9248.038429439193
 10
7149.419430645491
 20
9248.086119328535
 10
7149.234633135269
 20
9248.152240934978
 10
7149.057206526348
 20
9248.236157471303
 10
7148.888859533961
 20
9248.337060775395
 10
7148.731213431673
 20
9248.453979093276
 10
7148.585786437627
 20
9248.585786437627
 10
7148.453979093274
 20
9248.731213431673
 10
7148.337060775395
 20
9248.88885953396
 10
7148.236157471303
 20
9249.057206526348
 10
7148.152240934977
 20
9249.234633135271
 10
7148.0861193285355
 20
9249.419430645492
 10
7148.038429439193
 20
9249.609819355966
 10
7148.009630546656
 20
9249.80396571934
 10
7148.0
 20
9250.0
 10
7148.0
 20
10220.0
 10
6950.0
 20
10220.0
 10
6950.0
 20
10950.0
 10
6950.0
 20
11000.0
 10
6180.0
 20
11770.0
 10
6180.0
 20
12052.84271247462
 10
6180.0
 20
14150.0
 10
5350.0
 20
14150.0
 10
5350.0
 20
13900.0
 10
4800.0
 20
13900.0
 10
4800.0
 20
14150.0
 10
4102.0
 20
14150.0
 10
4102.0
 20
12148.0
 10
5100.0
 20
11150.0
 10
5100.0
 20
10867.15728752538
 10
5100.0
 20
9500.0
 10
5100.0
 20
9300.0
 10
5100.0
 20
8350.0
 10
5375.0
 20
8350.0
 10
5375.0
 20
7800.0
 10
5100.0
 20
7800.0
 10
5100.0
 20
4950.0
 97
0
 75
1
 76
1
 98
0
  0
LINE
  5
AE
330
17
100
AcDbEntity
  8
I-FLOOR-PAT
370
9
420
12754547
100
AcDbLine
 10
4282.0
 20
14150.0
 30
0.0
 11
4282.0
 21
11968.0
 31
0.0
  0
LINE
  5
AF
330
17
100
AcDbEntity
  8
I-FLOOR-PAT
370
9
420
12754547
100
AcDbLine
 10
4102.0
 20
14150.0
 30
0.0
 11
4282.0
 21
14150.0
 31
0.0
  0
LINE
  5
B0
330
17
100
AcDbEntity
  8
I-FLOOR-PAT
370
9
420
12754547
100
AcDbLine
 10
4102.0
 20
12950.0
 30
0.0
 11
4282.0
 21
12950.0
 31
0.0
  0
LINE
  5
B1
330
17
100
AcDbEntity
  8
I-FLOOR-PAT
370
9
420
12754547
100
AcDbLine
 10
4462.0
 20
14150.0
 30
0.0
 11
4462.0
 21
11788.0
 31
0.0
  0
LINE
  5
B2
330
17
100
AcDbEntity
  8
I-FLOOR-PAT
370
9
420
12754547
100
AcDbLine
 10
4282.0
 20
13750.0
 30
0.0
 11
4462.0
 21
13750.0
 31
0.0
  0
LINE
  5
B3
330
17
100
AcDbEntity
  8
I-FLOOR-PAT
370
9
420
12754547
100
AcDbLine
 10
4282.0
 20
12550.0
 30
0.0
 11
4462.0
 21
12550.0
 31
0.0
  0
LINE
  5
B4
330
17
100
AcDbEntity
  8
I-FLOOR-PAT
370
9
420
12754547
100
AcDbLine
 10
4642.0
 20
14150.0
 30
0.0
 11
4642.0
 21
11608.0
 31
0.0
  0
LINE
  5
B5
330
17
100
AcDbEntity
  8
I-FLOOR-PAT
370
9
420
12754547
100
AcDbLine
 10
4462.0
 20
13350.0
 30
0.0
 11
4642.0
 21
13350.0
 31
0.0
  0
LINE
  5
B6
330
17
100
AcDbEntity
  8
I-FLOOR-PAT
370
9
420
12754547
100
AcDbLine
 10
4462.0
 20
12150.0
 30
0.0
 11
4642.0
 21
12150.0
 31
0.0
  0
LINE
  5
B7
330
17
100
AcDbEntity
  8
I-FLOOR-PAT
370
9
420
12754547
100
AcDbLine
 10
4822.0
 20
13900.0
 30
0.0
 11
4822.0
 21
11428.0
 31
0.0
  0
LINE
  5
B8
330
17
100
AcDbEntity
  8
I-FLOOR-PAT
370
9
420
12754547
100
AcDbLine
 10
4642.0
 20
14150.0
 30
0.0
 11
4800.0
 21
14150.0
 31
0.0
  0
LINE
  5
B9
330
17
100
AcDbEntity
  8
I-FLOOR-PAT
370
9
420
12754547
100
AcDbLine
 10
4642.0
 20
12950.0
 30
0.0
 11
4822.0
 21
12950.0
 31
0.0
  0
LINE
  5
BA
330
17
100
AcDbEntity
  8
I-FLOOR-PAT
370
9
420
12754547
100
AcDbLine
 10
4642.0
 20
11750.0
 30
0.0
 11
4822.0
 21
11750.0
 31
0.0
  0
LINE
  5
BB
330
17
100
AcDbEntity
  8
I-FLOOR-PAT
370
9
420
12754547
100
AcDbLine
 10
5002.0
 20
13900.0
 30
0.0
 11
5002.0
 21
11248.0
 31
0.0
  0
LINE
  5
BC
330
17
100
AcDbEntity
  8
I-FLOOR-PAT
370
9
420
12754547
100
AcDbLine
 10
4822.0
 20
13750.0
 30
0.0
 11
5002.0
 21
13750.0
 31
0.0
  0
LINE
  5
BD
330
17
100
AcDbEntity
  8
I-FLOOR-PAT
370
9
420
12754547
100
AcDbLine
 10
4822.0
 20
12550.0
 30
0.0
 11
5002.0
 21
12550.0
 31
0.0
  0
LINE
  5
BE
330
17
100
AcDbEntity
  8
I-FLOOR-PAT
370
9
420
12754547
100
AcDbLine
 10
4900.0
 20
11350.0
 30
0.0
 11
5002.0
 21
11350.0
 31
0.0
  0
LINE
  5
BF
330
17
100
AcDbEntity
  8
I-FLOOR-PAT
370
9
420
12754547
100
AcDbLine
 10
5182.0
 20
13900.0
 30
0.0
 11
5182.0
 21
8350.0
 31
0.0
  0
LINE
  5
C0
330
17
100
AcDbEntity
  8
I-FLOOR-PAT
370
9
420
12754547
100
AcDbLine
 10
5182.0
 20
7800.0
 30
0.0
 11
5182.0
 21
4950.0
 31
0.0
  0
LINE
  5
C1
330
17
100
AcDbEntity
  8
I-FLOOR-PAT
370
9
420
12754547
100
AcDbLine
 10
5002.0
 20
13350.0
 30
0.0
 11
5182.0
 21
13350.0
 31
0.0
  0
LINE
  5
C2
330
17
100
AcDbEntity
  8
I-FLOOR-PAT
370
9
420
12754547
100
AcDbLine
 10
5002.0
 20
12150.0
 30
0.0
 11
5182.0
 21
12150.0
 31
0.0
  0
LINE
  5
C3
330
17
100
AcDbEntity
  8
I-FLOOR-PAT
370
9
420
12754547
100
AcDbLine
 10
5100.0
 20
10950.0
 30
0.0
 11
5182.0
 21
10950.0
 31
0.0
  0
LINE
  5
C4
330
17
100
AcDbEntity
  8
I-FLOOR-PAT
370
9
420
12754547
100
AcDbLine
 10
5100.0
 20
9750.0
 30
0.0
 11
5182.0
 21
9750.0
 31
0.0
  0
LINE
  5
C5
330
17
100
AcDbEntity
  8
I-FLOOR-PAT
370
9
420
12754547
100
AcDbLine
 10
5100.0
 20
8550.0
 30
0.0
 11
5182.0
 21
8550.0
 31
0.0
  0
LINE
  5
C6
330
17
100
AcDbEntity
  8
I-FLOOR-PAT
370
9
420
12754547
100
AcDbLine
 10
5100.0
 20
7350.0
 30
0.0
 11
5182.0
 21
7350.0
 31
0.0
  0
LINE
  5
C7
330
17
100
AcDbEntity
  8
I-FLOOR-PAT
370
9
420
12754547
100
AcDbLine
 10
5100.0
 20
6150.0
 30
0.0
 11
5182.0
 21
6150.0
 31
0.0
  0
LINE
  5
C8
330
17
100
AcDbEntity
  8
I-FLOOR-PAT
370
9
420
12754547
100
AcDbLine
 10
5362.0
 20
14150.0
 30
0.0
 11
5362.0
 21
8350.0
 31
0.0
  0
LINE
  5
C9
330
17
100
AcDbEntity
  8
I-FLOOR-PAT
370
9
420
12754547
100
AcDbLine
 10
5362.0
 20
7800.0
 30
0.0
 11
5362.0
 21
4950.0
 31
0.0
  0
LINE
  5
CA
330
17
100
AcDbEntity
  8
I-FLOOR-PAT
370
9
420
12754547
100
AcDbLine
 10
5350.0
 20
14150.0
 30
0.0
 11
5362.0
 21
14150.0
 31
0.0
  0
LINE
  5
CB
330
17
100
AcDbEntity
  8
I-FLOOR-PAT
370
9
420
12754547
100
AcDbLine
 10
5182.0
 20
12950.0
 30
0.0
 11
5362.0
 21
12950.0
 31
0.0
  0
LINE
  5
CC
330
17
100
AcDbEntity
  8
I-FLOOR-PAT
370
9
420
12754547
100
AcDbLine
 10
5182.0
 20
11750.0
 30
0.0
 11
5362.0
 21
11750.0
 31
0.0
  0
LINE
  5
CD
330
17
100
AcDbEntity
  8
I-FLOOR-PAT
370
9
420
12754547
100
AcDbLine
 10
5182.0
 20
10550.0
 30
0.0
 11
5362.0
 21
10550.0
 31
0.0
  0
LINE
  5
CE
330
17
100
AcDbEntity
  8
I-FLOOR-PAT
370
9
420
12754547
100
AcDbLine
 10
5182.0
 20
9350.0
 30
0.0
 11
5362.0
 21
9350.0
 31
0.0
  0
LINE
  5
CF
330
17
100
AcDbEntity
  8
I-FLOOR-PAT
370
9
420
12754547
100
AcDbLine
 10
5182.0
 20
6950.0
 30
0.0
 11
5362.0
 21
6950.0
 31
0.0
  0
LINE
  5
D0
330
17
100
AcDbEntity
  8
I-FLOOR-PAT
370
9
420
12754547
100
AcDbLine
 10
5182.0
 20
5750.0
 30
0.0
 11
5362.0
 21
5750.0
 31
0.0
  0
LINE
  5
D1
330
17
100
AcDbEntity
  8
I-FLOOR-PAT
370
9
420
12754547
100
AcDbLine
 10
5542.0
 20
14150.0
 30
0.0
 11
5542.0
 21
4950.0
 31
0.0
  0
LINE
  5
D2
330
17
100
AcDbEntity
  8
I-FLOOR-PAT
370
9
420
12754547
100
AcDbLine
 10
5362.0
 20
13750.0
 30
0.0
 11
5542.0
 21
13750.0
 31
0.0
  0
LINE
  5
D3
330
17
100
AcDbEntity
  8
I-FLOOR-PAT
370
9
420
12754547
100
AcDbLine
 10
5362.0
 20
12550.0
 30
0.0
 11
5542.0
 21
12550.0
 31
0.0
  0
LINE
  5
D4
330
17
100
AcDbEntity
  8
I-FLOOR-PAT
370
9
420
12754547
100
AcDbLine
 10
5362.0
 20
11350.0
 30
0.0
 11
5542.0
 21
11350.0
 31
0.0
  0
LINE
  5
D5
330
17
100
AcDbEntity
  8
I-FLOOR-PAT
370
9
420
12754547
100
AcDbLine
 10
5362.0
 20
10150.0
 30
0.0
 11
5542.0
 21
10150.0
 31
0.0
  0
LINE
  5
D6
330
17
100
AcDbEntity
  8
I-FLOOR-PAT
370
9
420
12754547
100
AcDbLine
 10
5362.0
 20
8950.0
 30
0.0
 11
5542.0
 21
8950.0
 31
0.0
  0
LINE
  5
D7
330
17
100
AcDbEntity
  8
I-FLOOR-PAT
370
9
420
12754547
100
AcDbLine
 10
5362.0
 20
7750.0
 30
0.0
 11
5542.0
 21
7750.0
 31
0.0
  0
LINE
  5
D8
330
17
100
AcDbEntity
  8
I-FLOOR-PAT
370
9
420
12754547
100
AcDbLine
 10
5362.0
 20
6550.0
 30
0.0
 11
5542.0
 21
6550.0
 31
0.0
  0
LINE
  5
D9
330
17
100
AcDbEntity
  8
I-FLOOR-PAT
370
9
420
12754547
100
AcDbLine
 10
5362.0
 20
5350.0
 30
0.0
 11
5542.0
 21
5350.0
 31
0.0
  0
LINE
  5
DA
330
17
100
AcDbEntity
  8
I-FLOOR-PAT
370
9
420
12754547
100
AcDbLine
 10
5722.0
 20
14150.0
 30
0.0
 11
5722.0
 21
4950.0
 31
0.0
  0
LINE
  5
DB
330
17
100
AcDbEntity
  8
I-FLOOR-PAT
370
9
420
12754547
100
AcDbLine
 10
5542.0
 20
13350.0
 30
0.0
 11
5722.0
 21
13350.0
 31
0.0
  0
LINE
  5
DC
330
17
100
AcDbEntity
  8
I-FLOOR-PAT
370
9
420
12754547
100
AcDbLine
 10
5542.0
 20
12150.0
 30
0.0
 11
5722.0
 21
12150.0
 31
0.0
  0
LINE
  5
DD
330
17
100
AcDbEntity
  8
I-FLOOR-PAT
370
9
420
12754547
100
AcDbLine
 10
5542.0
 20
10950.0
 30
0.0
 11
5722.0
 21
10950.0
 31
0.0
  0
LINE
  5
DE
330
17
100
AcDbEntity
  8
I-FLOOR-PAT
370
9
420
12754547
100
AcDbLine
 10
5542.0
 20
9750.0
 30
0.0
 11
5722.0
 21
9750.0
 31
0.0
  0
LINE
  5
DF
330
17
100
AcDbEntity
  8
I-FLOOR-PAT
370
9
420
12754547
100
AcDbLine
 10
5542.0
 20
8550.0
 30
0.0
 11
5722.0
 21
8550.0
 31
0.0
  0
LINE
  5
E0
330
17
100
AcDbEntity
  8
I-FLOOR-PAT
370
9
420
12754547
100
AcDbLine
 10
5542.0
 20
7350.0
 30
0.0
 11
5722.0
 21
7350.0
 31
0.0
  0
LINE
  5
E1
330
17
100
AcDbEntity
  8
I-FLOOR-PAT
370
9
420
12754547
100
AcDbLine
 10
5542.0
 20
6150.0
 30
0.0
 11
5722.0
 21
6150.0
 31
0.0
  0
LINE
  5
E2
330
17
100
AcDbEntity
  8
I-FLOOR-PAT
370
9
420
12754547
100
AcDbLine
 10
5902.0
 20
14150.0
 30
0.0
 11
5902.0
 21
4950.0
 31
0.0
  0
LINE
  5
E3
330
17
100
AcDbEntity
  8
I-FLOOR-PAT
370
9
420
12754547
100
AcDbLine
 10
5722.0
 20
14150.0
 30
0.0
 11
5902.0
 21
14150.0
 31
0.0
  0
LINE
  5
E4
330
17
100
AcDbEntity
  8
I-FLOOR-PAT
370
9
420
12754547
100
AcDbLine
 10
5722.0
 20
12950.0
 30
0.0
 11
5902.0
 21
12950.0
 31
0.0
  0
LINE
  5
E5
330
17
100
AcDbEntity
  8
I-FLOOR-PAT
370
9
420
12754547
100
AcDbLine
 10
5722.0
 20
11750.0
 30
0.0
 11
5902.0
 21
11750.0
 31
0.0
  0
LINE
  5
E6
330
17
100
AcDbEntity
  8
I-FLOOR-PAT
370
9
420
12754547
100
AcDbLine
 10
5722.0
 20
10550.0
 30
0.0
 11
5902.0
 21
10550.0
 31
0.0
  0
LINE
  5
E7
330
17
100
AcDbEntity
  8
I-FLOOR-PAT
370
9
420
12754547
100
AcDbLine
 10
5722.0
 20
9350.0
 30
0.0
 11
5902.0
 21
9350.0
 31
0.0
  0
LINE
  5
E8
330
17
100
AcDbEntity
  8
I-FLOOR-PAT
370
9
420
12754547
100
AcDbLine
 10
5722.0
 20
8150.0
 30
0.0
 11
5902.0
 21
8150.0
 31
0.0
  0
LINE
  5
E9
330
17
100
AcDbEntity
  8
I-FLOOR-PAT
370
9
420
12754547
100
AcDbLine
 10
5722.0
 20
6950.0
 30
0.0
 11
5902.0
 21
6950.0
 31
0.0
  0
LINE
  5
EA
330
17
100
AcDbEntity
  8
I-FLOOR-PAT
370
9
420
12754547
100
AcDbLine
 10
5722.0
 20
5750.0
 30
0.0
 11
5902.0
 21
5750.0
 31
0.0
  0
LINE
  5
EB
330
17
100
AcDbEntity
  8
I-FLOOR-PAT
370
9
420
12754547
100
AcDbLine
 10
6082.0
 20
14150.0
 30
0.0
 11
6082.0
 21
4950.0
 31
0.0
  0
LINE
  5
EC
330
17
100
AcDbEntity
  8
I-FLOOR-PAT
370
9
420
12754547
100
AcDbLine
 10
5902.0
 20
13750.0
 30
0.0
 11
6082.0
 21
13750.0
 31
0.0
  0
LINE
  5
ED
330
17
100
AcDbEntity
  8
I-FLOOR-PAT
370
9
420
12754547
100
AcDbLine
 10
5902.0
 20
12550.0
 30
0.0
 11
6082.0
 21
12550.0
 31
0.0
  0
LINE
  5
EE
330
17
100
AcDbEntity
  8
I-FLOOR-PAT
370
9
420
12754547
100
AcDbLine
 10
5902.0
 20
11350.0
 30
0.0
 11
6082.0
 21
11350.0
 31
0.0
  0
LINE
  5
EF
330
17
100
AcDbEntity
  8
I-FLOOR-PAT
370
9
420
12754547
100
AcDbLine
 10
5902.0
 20
10150.0
 30
0.0
 11
6082.0
 21
10150.0
 31
0.0
  0
LINE
  5
F0
330
17
100
AcDbEntity
  8
I-FLOOR-PAT
370
9
420
12754547
100
AcDbLine
 10
5902.0
 20
8950.0
 30
0.0
 11
6082.0
 21
8950.0
 31
0.0
  0
LINE
  5
F1
330
17
100
AcDbEntity
  8
I-FLOOR-PAT
370
9
420
12754547
100
AcDbLine
 10
5902.0
 20
7750.0
 30
0.0
 11
6082.0
 21
7750.0
 31
0.0
  0
LINE
  5
F2
330
17
100
AcDbEntity
  8
I-FLOOR-PAT
370
9
420
12754547
100
AcDbLine
 10
5902.0
 20
6550.0
 30
0.0
 11
6082.0
 21
6550.0
 31
0.0
  0
LINE
  5
F3
330
17
100
AcDbEntity
  8
I-FLOOR-PAT
370
9
420
12754547
100
AcDbLine
 10
5902.0
 20
5350.0
 30
0.0
 11
6082.0
 21
5350.0
 31
0.0
  0
LINE
  5
F4
330
17
100
AcDbEntity
  8
I-FLOOR-PAT
370
9
420
12754547
100
AcDbLine
 10
6262.0
 20
11688.0
 30
0.0
 11
6262.0
 21
4950.0
 31
0.0
  0
LINE
  5
F5
330
17
100
AcDbEntity
  8
I-FLOOR-PAT
370
9
420
12754547
100
AcDbLine
 10
6082.0
 20
13350.0
 30
0.0
 11
6180.0
 21
13350.0
 31
0.0
  0
LINE
  5
F6
330
17
100
AcDbEntity
  8
I-FLOOR-PAT
370
9
420
12754547
100
AcDbLine
 10
6082.0
 20
12150.0
 30
0.0
 11
6180.0
 21
12150.0
 31
0.0
  0
LINE
  5
F7
330
17
100
AcDbEntity
  8
I-FLOOR-PAT
370
9
420
12754547
100
AcDbLine
 10
6082.0
 20
10950.0
 30
0.0
 11
6262.0
 21
10950.0
 31
0.0
  0
LINE
  5
F8
330
17
100
AcDbEntity
  8
I-FLOOR-PAT
370
9
420
12754547
100
AcDbLine
 10
6082.0
 20
9750.0
 30
0.0
 11
6262.0
 21
9750.0
 31
0.0
  0
LINE
  5
F9
330
17
100
AcDbEntity
  8
I-FLOOR-PAT
370
9
420
12754547
100
AcDbLine
 10
6082.0
 20
8550.0
 30
0.0
 11
6262.0
 21
8550.0
 31
0.0
  0
LINE
  5
FA
330
17
100
AcDbEntity
  8
I-FLOOR-PAT
370
9
420
12754547
100
AcDbLine
 10
6082.0
 20
7350.0
 30
0.0
 11
6262.0
 21
7350.0
 31
0.0
  0
LINE
  5
FB
330
17
100
AcDbEntity
  8
I-FLOOR-PAT
370
9
420
12754547
100
AcDbLine
 10
6082.0
 20
6150.0
 30
0.0
 11
6262.0
 21
6150.0
 31
0.0
  0
LINE
  5
FC
330
17
100
AcDbEntity
  8
I-FLOOR-PAT
370
9
420
12754547
100
AcDbLine
 10
6442.0
 20
11508.0
 30
0.0
 11
6442.0
 21
4950.0
 31
0.0
  0
LINE
  5
FD
330
17
100
AcDbEntity
  8
I-FLOOR-PAT
370
9
420
12754547
100
AcDbLine
 10
6262.0
 20
10550.0
 30
0.0
 11
6442.0
 21
10550.0
 31
0.0
  0
LINE
  5
FE
330
17
100
AcDbEntity
  8
I-FLOOR-PAT
370
9
420
12754547
100
AcDbLine
 10
6262.0
 20
9350.0
 30
0.0
 11
6442.0
 21
9350.0
 31
0.0
  0
LINE
  5
FF
330
17
100
AcDbEntity
  8
I-FLOOR-PAT
370
9
420
12754547
100
AcDbLine
 10
6262.0
 20
8150.0
 30
0.0
 11
6442.0
 21
8150.0
 31
0.0
  0
LINE
  5
100
330
17
100
AcDbEntity
  8
I-FLOOR-PAT
370
9
420
12754547
100
AcDbLine
 10
6262.0
 20
6950.0
 30
0.0
 11
6442.0
 21
6950.0
 31
0.0
  0
LINE
  5
101
330
17
100
AcDbEntity
  8
I-FLOOR-PAT
370
9
420
12754547
100
AcDbLine
 10
6262.0
 20
5750.0
 30
0.0
 11
6442.0
 21
5750.0
 31
0.0
  0
LINE
  5
102
330
17
100
AcDbEntity
  8
I-FLOOR-PAT
370
9
420
12754547
100
AcDbLine
 10
6622.0
 20
11328.0
 30
0.0
 11
6622.0
 21
4950.0
 31
0.0
  0
LINE
  5
103
330
17
100
AcDbEntity
  8
I-FLOOR-PAT
370
9
420
12754547
100
AcDbLine
 10
6442.0
 20
11350.0
 30
0.0
 11
6600.0
 21
11350.0
 31
0.0
  0
LINE
  5
104
330
17
100
AcDbEntity
  8
I-FLOOR-PAT
370
9
420
12754547
100
AcDbLine
 10
6442.0
 20
10150.0
 30
0.0
 11
6622.0
 21
10150.0
 31
0.0
  0
LINE
  5
105
330
17
100
AcDbEntity
  8
I-FLOOR-PAT
370
9
420
12754547
100
AcDbLine
 10
6442.0
 20
8950.0
 30
0.0
 11
6622.0
 21
8950.0
 31
0.0
  0
LINE
  5
106
330
17
100
AcDbEntity
  8
I-FLOOR-PAT
370
9
420
12754547
100
AcDbLine
 10
6442.0
 20
7750.0
 30
0.0
 11
6622.0
 21
7750.0
 31
0.0
  0
LINE
  5
107
330
17
100
AcDbEntity
  8
I-FLOOR-PAT
370
9
420
12754547
100
AcDbLine
 10
6442.0
 20
6550.0
 30
0.0
 11
6622.0
 21
6550.0
 31
0.0
  0
LINE
  5
108
330
17
100
AcDbEntity
  8
I-FLOOR-PAT
370
9
420
12754547
100
AcDbLine
 10
6442.0
 20
5350.0
 30
0.0
 11
6622.0
 21
5350.0
 31
0.0
  0
LINE
  5
109
330
17
100
AcDbEntity
  8
I-FLOOR-PAT
370
9
420
12754547
100
AcDbLine
 10
6802.0
 20
11148.0
 30
0.0
 11
6802.0
 21
4950.0
 31
0.0
  0
LINE
  5
10A
330
17
100
AcDbEntity
  8
I-FLOOR-PAT
370
9
420
12754547
100
AcDbLine
 10
6622.0
 20
10950.0
 30
0.0
 11
6802.0
 21
10950.0
 31
0.0
  0
LINE
  5
10B
330
17
100
AcDbEntity
  8
I-FLOOR-PAT
370
9
420
12754547
100
AcDbLine
 10
6622.0
 20
9750.0
 30
0.0
 11
6802.0
 21
9750.0
 31
0.0
  0
LINE
  5
10C
330
17
100
AcDbEntity
  8
I-FLOOR-PAT
370
9
420
12754547
100
AcDbLine
 10
6622.0
 20
8550.0
 30
0.0
 11
6802.0
 21
8550.0
 31
0.0
  0
LINE
  5
10D
330
17
100
AcDbEntity
  8
I-FLOOR-PAT
370
9
420
12754547
100
AcDbLine
 10
6622.0
 20
7350.0
 30
0.0
 11
6802.0
 21
7350.0
 31
0.0
  0
LINE
  5
10E
330
17
100
AcDbEntity
  8
I-FLOOR-PAT
370
9
420
12754547
100
AcDbLine
 10
6622.0
 20
6150.0
 30
0.0
 11
6802.0
 21
6150.0
 31
0.0
  0
LINE
  5
10F
330
17
100
AcDbEntity
  8
I-FLOOR-PAT
370
9
420
12754547
100
AcDbLine
 10
6982.0
 20
10220.0
 30
0.0
 11
6982.0
 21
4950.0
 31
0.0
  0
LINE
  5
110
330
17
100
AcDbEntity
  8
I-FLOOR-PAT
370
9
420
12754547
100
AcDbLine
 10
6802.0
 20
10550.0
 30
0.0
 11
6950.0
 21
10550.0
 31
0.0
  0
LINE
  5
111
330
17
100
AcDbEntity
  8
I-FLOOR-PAT
370
9
420
12754547
100
AcDbLine
 10
6802.0
 20
9350.0
 30
0.0
 11
6982.0
 21
9350.0
 31
0.0
  0
LINE
  5
112
330
17
100
AcDbEntity
  8
I-FLOOR-PAT
370
9
420
12754547
100
AcDbLine
 10
6802.0
 20
8150.0
 30
0.0
 11
6982.0
 21
8150.0
 31
0.0
  0
LINE
  5
113
330
17
100
AcDbEntity
  8
I-FLOOR-PAT
370
9
420
12754547
100
AcDbLine
 10
6802.0
 20
6950.0
 30
0.0
 11
6982.0
 21
6950.0
 31
0.0
  0
LINE
  5
114
330
17
100
AcDbEntity
  8
I-FLOOR-PAT
370
9
420
12754547
100
AcDbLine
 10
6802.0
 20
5750.0
 30
0.0
 11
6982.0
 21
5750.0
 31
0.0
  0
LINE
  5
115
330
17
100
AcDbEntity
  8
I-FLOOR-PAT
370
9
420
12754547
100
AcDbLine
 10
7162.0
 20
9248.0
 30
0.0
 11
7162.0
 21
4950.0
 31
0.0
  0
LINE
  5
116
330
17
100
AcDbEntity
  8
I-FLOOR-PAT
370
9
420
12754547
100
AcDbLine
 10
6982.0
 20
10150.0
 30
0.0
 11
7148.0
 21
10150.0
 31
0.0
  0
LINE
  5
117
330
17
100
AcDbEntity
  8
I-FLOOR-PAT
370
9
420
12754547
100
AcDbLine
 10
6982.0
 20
8950.0
 30
0.0
 11
7162.0
 21
8950.0
 31
0.0
  0
LINE
  5
118
330
17
100
AcDbEntity
  8
I-FLOOR-PAT
370
9
420
12754547
100
AcDbLine
 10
6982.0
 20
7750.0
 30
0.0
 11
7162.0
 21
7750.0
 31
0.0
  0
LINE
  5
119
330
17
100
AcDbEntity
  8
I-FLOOR-PAT
370
9
420
12754547
100
AcDbLine
 10
6982.0
 20
6550.0
 30
0.0
 11
7162.0
 21
6550.0
 31
0.0
  0
LINE
  5
11A
330
17
100
AcDbEntity
  8
I-FLOOR-PAT
370
9
420
12754547
100
AcDbLine
 10
6982.0
 20
5350.0
 30
0.0
 11
7162.0
 21
5350.0
 31
0.0
  0
LINE
  5
11B
330
17
100
AcDbEntity
  8
I-FLOOR-PAT
370
9
420
12754547
100
AcDbLine
 10
7342.0
 20
9248.0
 30
0.0
 11
7342.0
 21
4950.0
 31
0.0
  0
LINE
  5
11C
330
17
100
AcDbEntity
  8
I-FLOOR-PAT
370
9
420
12754547
100
AcDbLine
 10
7162.0
 20
8550.0
 30
0.0
 11
7342.0
 21
8550.0
 31
0.0
  0
LINE
  5
11D
330
17
100
AcDbEntity
  8
I-FLOOR-PAT
370
9
420
12754547
100
AcDbLine
 10
7162.0
 20
7350.0
 30
0.0
 11
7342.0
 21
7350.0
 31
0.0
  0
LINE
  5
11E
330
17
100
AcDbEntity
  8
I-FLOOR-PAT
370
9
420
12754547
100
AcDbLine
 10
7162.0
 20
6150.0
 30
0.0
 11
7342.0
 21
6150.0
 31
0.0
  0
LINE
  5
11F
330
17
100
AcDbEntity
  8
I-FLOOR-PAT
370
9
420
12754547
100
AcDbLine
 10
7522.0
 20
9248.0
 30
0.0
 11
7522.0
 21
4950.0
 31
0.0
  0
LINE
  5
120
330
17
100
AcDbEntity
  8
I-FLOOR-PAT
370
9
420
12754547
100
AcDbLine
 10
7342.0
 20
8150.0
 30
0.0
 11
7522.0
 21
8150.0
 31
0.0
  0
LINE
  5
121
330
17
100
AcDbEntity
  8
I-FLOOR-PAT
370
9
420
12754547
100
AcDbLine
 10
7342.0
 20
6950.0
 30
0.0
 11
7522.0
 21
6950.0
 31
0.0
  0
LINE
  5
122
330
17
100
AcDbEntity
  8
I-FLOOR-PAT
370
9
420
12754547
100
AcDbLine
 10
7342.0
 20
5750.0
 30
0.0
 11
7522.0
 21
5750.0
 31
0.0
  0
LINE
  5
123
330
17
100
AcDbEntity
  8
I-FLOOR-PAT
370
9
420
12754547
100
AcDbLine
 10
7702.0
 20
9248.0
 30
0.0
 11
7702.0
 21
4950.0
 31
0.0
  0
LINE
  5
124
330
17
100
AcDbEntity
  8
I-FLOOR-PAT
370
9
420
12754547
100
AcDbLine
 10
7522.0
 20
8950.0
 30
0.0
 11
7702.0
 21
8950.0
 31
0.0
  0
LINE
  5
125
330
17
100
AcDbEntity
  8
I-FLOOR-PAT
370
9
420
12754547
100
AcDbLine
 10
7522.0
 20
7750.0
 30
0.0
 11
7702.0
 21
7750.0
 31
0.0
  0
LINE
  5
126
330
17
100
AcDbEntity
  8
I-FLOOR-PAT
370
9
420
12754547
100
AcDbLine
 10
7522.0
 20
6550.0
 30
0.0
 11
7702.0
 21
6550.0
 31
0.0
  0
LINE
  5
127
330
17
100
AcDbEntity
  8
I-FLOOR-PAT
370
9
420
12754547
100
AcDbLine
 10
7522.0
 20
5350.0
 30
0.0
 11
7702.0
 21
5350.0
 31
0.0
  0
LINE
  5
128
330
17
100
AcDbEntity
  8
I-FLOOR-PAT
370
9
420
12754547
100
AcDbLine
 10
7882.0
 20
9248.0
 30
0.0
 11
7882.0
 21
4950.0
 31
0.0
  0
LINE
  5
129
330
17
100
AcDbEntity
  8
I-FLOOR-PAT
370
9
420
12754547
100
AcDbLine
 10
7702.0
 20
8550.0
 30
0.0
 11
7882.0
 21
8550.0
 31
0.0
  0
LINE
  5
12A
330
17
100
AcDbEntity
  8
I-FLOOR-PAT
370
9
420
12754547
100
AcDbLine
 10
7702.0
 20
7350.0
 30
0.0
 11
7882.0
 21
7350.0
 31
0.0
  0
LINE
  5
12B
330
17
100
AcDbEntity
  8
I-FLOOR-PAT
370
9
420
12754547
100
AcDbLine
 10
7702.0
 20
6150.0
 30
0.0
 11
7882.0
 21
6150.0
 31
0.0
  0
HATCH
  5
12C
330
17
100
AcDbEntity
  8
I-FLOOR
 62
7
420
13951208
100
AcDbHatch
 10
0.0
 20
0.0
 30
0.0
210
0.0
220
0.0
230
1.0
  2
SOLID
 70
1
 71
0
 91
1
 92
3
 72
0
 73
1
 93
9
 10
4017.157287525381
 20
11950.0
 10
3000.0
 20
11950.0
 10
3000.0
 20
10550.0
 10
3115.0
 20
10550.0
 10
3235.0
 20
10550.0
 10
3235.0
 20
10450.0
 10
3235.0
 20
9500.0
 10
4900.0
 20
9500.0
 10
4900.0
 20
11067.15728752538
 97
0
 75
1
 76
1
 98
0
  0
LINE
  5
12D
330
17
100
AcDbEntity
  8
I-FLOOR-PAT
370
9
420
11715791
100
AcDbLine
 10
3000.0
 20
11650.0
 30
0.0
 11
4317.1572875253805
 21
11650.0
 31
0.0
  0
LINE
  5
12E
330
17
100
AcDbEntity
  8
I-FLOOR-PAT
370
9
420
11715791
100
AcDbLine
 10
3000.0
 20
11350.0
 30
0.0
 11
4617.1572875253805
 21
11350.0
 31
0.0
  0
LINE
  5
12F
330
17
100
AcDbEntity
  8
I-FLOOR-PAT
370
9
420
11715791
100
AcDbLine
 10
3000.0
 20
11050.0
 30
0.0
 11
4900.0
 21
11050.0
 31
0.0
  0
LINE
  5
130
330
17
100
AcDbEntity
  8
I-FLOOR-PAT
370
9
420
11715791
100
AcDbLine
 10
3000.0
 20
10750.0
 30
0.0
 11
4900.0
 21
10750.0
 31
0.0
  0
LINE
  5
131
330
17
100
AcDbEntity
  8
I-FLOOR-PAT
370
9
420
11715791
100
AcDbLine
 10
3235.0
 20
10450.0
 30
0.0
 11
4900.0
 21
10450.0
 31
0.0
  0
LINE
  5
132
330
17
100
AcDbEntity
  8
I-FLOOR-PAT
370
9
420
11715791
100
AcDbLine
 10
3235.0
 20
10150.0
 30
0.0
 11
4900.0
 21
10150.0
 31
0.0
  0
LINE
  5
133
330
17
100
AcDbEntity
  8
I-FLOOR-PAT
370
9
420
11715791
100
AcDbLine
 10
3235.0
 20
9850.0
 30
0.0
 11
4900.0
 21
9850.0
 31
0.0
  0
LINE
  5
134
330
17
100
AcDbEntity
  8
I-FLOOR-PAT
370
9
420
11715791
100
AcDbLine
 10
3235.0
 20
9550.0
 30
0.0
 11
4900.0
 21
9550.0
 31
0.0
  0
LINE
  5
135
330
17
100
AcDbEntity
  8
I-FLOOR-PAT
370
9
420
11715791
100
AcDbLine
 10
3300.0
 20
11950.0
 30
0.0
 11
3300.0
 21
9500.0
 31
0.0
  0
LINE
  5
136
330
17
100
AcDbEntity
  8
I-FLOOR-PAT
370
9
420
11715791
100
AcDbLine
 10
3600.0
 20
11950.0
 30
0.0
 11
3600.0
 21
9500.0
 31
0.0
  0
LINE
  5
137
330
17
100
AcDbEntity
  8
I-FLOOR-PAT
370
9
420
11715791
100
AcDbLine
 10
3900.0
 20
11950.0
 30
0.0
 11
3900.0
 21
9500.0
 31
0.0
  0
LINE
  5
138
330
17
100
AcDbEntity
  8
I-FLOOR-PAT
370
9
420
11715791
100
AcDbLine
 10
4200.0
 20
11767.15728752538
 30
0.0
 11
4200.0
 21
9500.0
 31
0.0
  0
LINE
  5
139
330
17
100
AcDbEntity
  8
I-FLOOR-PAT
370
9
420
11715791
100
AcDbLine
 10
4500.0
 20
11467.15728752538
 30
0.0
 11
4500.0
 21
9500.0
 31
0.0
  0
LINE
  5
13A
330
17
100
AcDbEntity
  8
I-FLOOR-PAT
370
9
420
11715791
100
AcDbLine
 10
4800.0
 20
11167.15728752538
 30
0.0
 11
4800.0
 21
9500.0
 31
0.0
  0
HATCH
  5
13B
330
17
100
AcDbEntity
  8
I-FLOOR
 62
7
420
14598036
100
AcDbHatch
 10
0.0
 20
0.0
 30
0.0
210
0.0
220
0.0
230
1.0
  2
SOLID
 70
1
 71
0
 91
1
 92
3
 72
0
 73
1
 93
12
 10
11350.0
 20
13900.0
 10
10850.0
 20
13900.0
 10
10850.0
 20
14150.0
 10
6380.0
 20
14150.0
 10
6380.0
 20
11852.84271247462
 10
7082.8427124746195
 20
11150.0
 10
7150.0
 20
11150.0
 10
10600.0
 20
11150.0
 10
10600.0
 20
11250.0
 10
10600.0
 20
11450.0
 10
10800.0
 20
11450.0
 10
11350.0
 20
11450.0
 97
0
 75
1
 76
1
 98
0
  0
LINE
  5
13C
330
17
100
AcDbEntity
  8
I-FLOOR-PAT
370
9
420
12754547
100
AcDbLine
 10
6380.0
 20
13970.0
 30
0.0
 11
10850.0
 21
13970.0
 31
0.0
  0
LINE
  5
13D
330
17
100
AcDbEntity
  8
I-FLOOR-PAT
370
9
420
12754547
100
AcDbLine
 10
6380.0
 20
14150.0
 30
0.0
 11
6380.0
 21
13970.0
 31
0.0
  0
LINE
  5
13E
330
17
100
AcDbEntity
  8
I-FLOOR-PAT
370
9
420
12754547
100
AcDbLine
 10
7580.0
 20
14150.0
 30
0.0
 11
7580.0
 21
13970.0
 31
0.0
  0
LINE
  5
13F
330
17
100
AcDbEntity
  8
I-FLOOR-PAT
370
9
420
12754547
100
AcDbLine
 10
8780.0
 20
14150.0
 30
0.0
 11
8780.0
 21
13970.0
 31
0.0
  0
LINE
  5
140
330
17
100
AcDbEntity
  8
I-FLOOR-PAT
370
9
420
12754547
100
AcDbLine
 10
9980.0
 20
14150.0
 30
0.0
 11
9980.0
 21
13970.0
 31
0.0
  0
LINE
  5
141
330
17
100
AcDbEntity
  8
I-FLOOR-PAT
370
9
420
12754547
100
AcDbLine
 10
6380.0
 20
13790.0
 30
0.0
 11
11350.0
 21
13790.0
 31
0.0
  0
LINE
  5
142
330
17
100
AcDbEntity
  8
I-FLOOR-PAT
370
9
420
12754547
100
AcDbLine
 10
6780.0
 20
13970.0
 30
0.0
 11
6780.0
 21
13790.0
 31
0.0
  0
LINE
  5
143
330
17
100
AcDbEntity
  8
I-FLOOR-PAT
370
9
420
12754547
100
AcDbLine
 10
7980.0
 20
13970.0
 30
0.0
 11
7980.0
 21
13790.0
 31
0.0
  0
LINE
  5
144
330
17
100
AcDbEntity
  8
I-FLOOR-PAT
370
9
420
12754547
100
AcDbLine
 10
9180.0
 20
13970.0
 30
0.0
 11
9180.0
 21
13790.0
 31
0.0
  0
LINE
  5
145
330
17
100
AcDbEntity
  8
I-FLOOR-PAT
370
9
420
12754547
100
AcDbLine
 10
10380.0
 20
13970.0
 30
0.0
 11
10380.0
 21
13790.0
 31
0.0
  0
LINE
  5
146
330
17
100
AcDbEntity
  8
I-FLOOR-PAT
370
9
420
12754547
100
AcDbLine
 10
6380.0
 20
13610.0
 30
0.0
 11
11350.0
 21
13610.0
 31
0.0
  0
LINE
  5
147
330
17
100
AcDbEntity
  8
I-FLOOR-PAT
370
9
420
12754547
100
AcDbLine
 10
7180.0
 20
13790.0
 30
0.0
 11
7180.0
 21
13610.0
 31
0.0
  0
LINE
  5
148
330
17
100
AcDbEntity
  8
I-FLOOR-PAT
370
9
420
12754547
100
AcDbLine
 10
8380.0
 20
13790.0
 30
0.0
 11
8380.0
 21
13610.0
 31
0.0
  0
LINE
  5
149
330
17
100
AcDbEntity
  8
I-FLOOR-PAT
370
9
420
12754547
100
AcDbLine
 10
9580.0
 20
13790.0
 30
0.0
 11
9580.0
 21
13610.0
 31
0.0
  0
LINE
  5
14A
330
17
100
AcDbEntity
  8
I-FLOOR-PAT
370
9
420
12754547
100
AcDbLine
 10
10780.0
 20
13790.0
 30
0.0
 11
10780.0
 21
13610.0
 31
0.0
  0
LINE
  5
14B
330
17
100
AcDbEntity
  8
I-FLOOR-PAT
370
9
420
12754547
100
AcDbLine
 10
6380.0
 20
13430.0
 30
0.0
 11
11350.0
 21
13430.0
 31
0.0
  0
LINE
  5
14C
330
17
100
AcDbEntity
  8
I-FLOOR-PAT
370
9
420
12754547
100
AcDbLine
 10
6380.0
 20
13610.0
 30
0.0
 11
6380.0
 21
13430.0
 31
0.0
  0
LINE
  5
14D
330
17
100
AcDbEntity
  8
I-FLOOR-PAT
370
9
420
12754547
100
AcDbLine
 10
7580.0
 20
13610.0
 30
0.0
 11
7580.0
 21
13430.0
 31
0.0
  0
LINE
  5
14E
330
17
100
AcDbEntity
  8
I-FLOOR-PAT
370
9
420
12754547
100
AcDbLine
 10
8780.0
 20
13610.0
 30
0.0
 11
8780.0
 21
13430.0
 31
0.0
  0
LINE
  5
14F
330
17
100
AcDbEntity
  8
I-FLOOR-PAT
370
9
420
12754547
100
AcDbLine
 10
9980.0
 20
13610.0
 30
0.0
 11
9980.0
 21
13430.0
 31
0.0
  0
LINE
  5
150
330
17
100
AcDbEntity
  8
I-FLOOR-PAT
370
9
420
12754547
100
AcDbLine
 10
11180.0
 20
13610.0
 30
0.0
 11
11180.0
 21
13430.0
 31
0.0
  0
LINE
  5
151
330
17
100
AcDbEntity
  8
I-FLOOR-PAT
370
9
420
12754547
100
AcDbLine
 10
6380.0
 20
13250.0
 30
0.0
 11
11350.0
 21
13250.0
 31
0.0
  0
LINE
  5
152
330
17
100
AcDbEntity
  8
I-FLOOR-PAT
370
9
420
12754547
100
AcDbLine
 10
6780.0
 20
13430.0
 30
0.0
 11
6780.0
 21
13250.0
 31
0.0
  0
LINE
  5
153
330
17
100
AcDbEntity
  8
I-FLOOR-PAT
370
9
420
12754547
100
AcDbLine
 10
7980.0
 20
13430.0
 30
0.0
 11
7980.0
 21
13250.0
 31
0.0
  0
LINE
  5
154
330
17
100
AcDbEntity
  8
I-FLOOR-PAT
370
9
420
12754547
100
AcDbLine
 10
9180.0
 20
13430.0
 30
0.0
 11
9180.0
 21
13250.0
 31
0.0
  0
LINE
  5
155
330
17
100
AcDbEntity
  8
I-FLOOR-PAT
370
9
420
12754547
100
AcDbLine
 10
10380.0
 20
13430.0
 30
0.0
 11
10380.0
 21
13250.0
 31
0.0
  0
LINE
  5
156
330
17
100
AcDbEntity
  8
I-FLOOR-PAT
370
9
420
12754547
100
AcDbLine
 10
6380.0
 20
13070.0
 30
0.0
 11
11350.0
 21
13070.0
 31
0.0
  0
LINE
  5
157
330
17
100
AcDbEntity
  8
I-FLOOR-PAT
370
9
420
12754547
100
AcDbLine
 10
7180.0
 20
13250.0
 30
0.0
 11
7180.0
 21
13070.0
 31
0.0
  0
LINE
  5
158
330
17
100
AcDbEntity
  8
I-FLOOR-PAT
370
9
420
12754547
100
AcDbLine
 10
8380.0
 20
13250.0
 30
0.0
 11
8380.0
 21
13070.0
 31
0.0
  0
LINE
  5
159
330
17
100
AcDbEntity
  8
I-FLOOR-PAT
370
9
420
12754547
100
AcDbLine
 10
9580.0
 20
13250.0
 30
0.0
 11
9580.0
 21
13070.0
 31
0.0
  0
LINE
  5
15A
330
17
100
AcDbEntity
  8
I-FLOOR-PAT
370
9
420
12754547
100
AcDbLine
 10
10780.0
 20
13250.0
 30
0.0
 11
10780.0
 21
13070.0
 31
0.0
  0
LINE
  5
15B
330
17
100
AcDbEntity
  8
I-FLOOR-PAT
370
9
420
12754547
100
AcDbLine
 10
6380.0
 20
12890.0
 30
0.0
 11
11350.0
 21
12890.0
 31
0.0
  0
LINE
  5
15C
330
17
100
AcDbEntity
  8
I-FLOOR-PAT
370
9
420
12754547
100
AcDbLine
 10
6380.0
 20
13070.0
 30
0.0
 11
6380.0
 21
12890.0
 31
0.0
  0
LINE
  5
15D
330
17
100
AcDbEntity
  8
I-FLOOR-PAT
370
9
420
12754547
100
AcDbLine
 10
7580.0
 20
13070.0
 30
0.0
 11
7580.0
 21
12890.0
 31
0.0
  0
LINE
  5
15E
330
17
100
AcDbEntity
  8
I-FLOOR-PAT
370
9
420
12754547
100
AcDbLine
 10
8780.0
 20
13070.0
 30
0.0
 11
8780.0
 21
12890.0
 31
0.0
  0
LINE
  5
15F
330
17
100
AcDbEntity
  8
I-FLOOR-PAT
370
9
420
12754547
100
AcDbLine
 10
9980.0
 20
13070.0
 30
0.0
 11
9980.0
 21
12890.0
 31
0.0
  0
LINE
  5
160
330
17
100
AcDbEntity
  8
I-FLOOR-PAT
370
9
420
12754547
100
AcDbLine
 10
11180.0
 20
13070.0
 30
0.0
 11
11180.0
 21
12890.0
 31
0.0
  0
LINE
  5
161
330
17
100
AcDbEntity
  8
I-FLOOR-PAT
370
9
420
12754547
100
AcDbLine
 10
6380.0
 20
12710.0
 30
0.0
 11
11350.0
 21
12710.0
 31
0.0
  0
LINE
  5
162
330
17
100
AcDbEntity
  8
I-FLOOR-PAT
370
9
420
12754547
100
AcDbLine
 10
6780.0
 20
12890.0
 30
0.0
 11
6780.0
 21
12710.0
 31
0.0
  0
LINE
  5
163
330
17
100
AcDbEntity
  8
I-FLOOR-PAT
370
9
420
12754547
100
AcDbLine
 10
7980.0
 20
12890.0
 30
0.0
 11
7980.0
 21
12710.0
 31
0.0
  0
LINE
  5
164
330
17
100
AcDbEntity
  8
I-FLOOR-PAT
370
9
420
12754547
100
AcDbLine
 10
9180.0
 20
12890.0
 30
0.0
 11
9180.0
 21
12710.0
 31
0.0
  0
LINE
  5
165
330
17
100
AcDbEntity
  8
I-FLOOR-PAT
370
9
420
12754547
100
AcDbLine
 10
10380.0
 20
12890.0
 30
0.0
 11
10380.0
 21
12710.0
 31
0.0
  0
LINE
  5
166
330
17
100
AcDbEntity
  8
I-FLOOR-PAT
370
9
420
12754547
100
AcDbLine
 10
6380.0
 20
12530.0
 30
0.0
 11
11350.0
 21
12530.0
 31
0.0
  0
LINE
  5
167
330
17
100
AcDbEntity
  8
I-FLOOR-PAT
370
9
420
12754547
100
AcDbLine
 10
7180.0
 20
12710.0
 30
0.0
 11
7180.0
 21
12530.0
 31
0.0
  0
LINE
  5
168
330
17
100
AcDbEntity
  8
I-FLOOR-PAT
370
9
420
12754547
100
AcDbLine
 10
8380.0
 20
12710.0
 30
0.0
 11
8380.0
 21
12530.0
 31
0.0
  0
LINE
  5
169
330
17
100
AcDbEntity
  8
I-FLOOR-PAT
370
9
420
12754547
100
AcDbLine
 10
9580.0
 20
12710.0
 30
0.0
 11
9580.0
 21
12530.0
 31
0.0
  0
LINE
  5
16A
330
17
100
AcDbEntity
  8
I-FLOOR-PAT
370
9
420
12754547
100
AcDbLine
 10
10780.0
 20
12710.0
 30
0.0
 11
10780.0
 21
12530.0
 31
0.0
  0
LINE
  5
16B
330
17
100
AcDbEntity
  8
I-FLOOR-PAT
370
9
420
12754547
100
AcDbLine
 10
6380.0
 20
12350.0
 30
0.0
 11
11350.0
 21
12350.0
 31
0.0
  0
LINE
  5
16C
330
17
100
AcDbEntity
  8
I-FLOOR-PAT
370
9
420
12754547
100
AcDbLine
 10
6380.0
 20
12530.0
 30
0.0
 11
6380.0
 21
12350.0
 31
0.0
  0
LINE
  5
16D
330
17
100
AcDbEntity
  8
I-FLOOR-PAT
370
9
420
12754547
100
AcDbLine
 10
7580.0
 20
12530.0
 30
0.0
 11
7580.0
 21
12350.0
 31
0.0
  0
LINE
  5
16E
330
17
100
AcDbEntity
  8
I-FLOOR-PAT
370
9
420
12754547
100
AcDbLine
 10
8780.0
 20
12530.0
 30
0.0
 11
8780.0
 21
12350.0
 31
0.0
  0
LINE
  5
16F
330
17
100
AcDbEntity
  8
I-FLOOR-PAT
370
9
420
12754547
100
AcDbLine
 10
9980.0
 20
12530.0
 30
0.0
 11
9980.0
 21
12350.0
 31
0.0
  0
LINE
  5
170
330
17
100
AcDbEntity
  8
I-FLOOR-PAT
370
9
420
12754547
100
AcDbLine
 10
11180.0
 20
12530.0
 30
0.0
 11
11180.0
 21
12350.0
 31
0.0
  0
LINE
  5
171
330
17
100
AcDbEntity
  8
I-FLOOR-PAT
370
9
420
12754547
100
AcDbLine
 10
6380.0
 20
12170.0
 30
0.0
 11
11350.0
 21
12170.0
 31
0.0
  0
LINE
  5
172
330
17
100
AcDbEntity
  8
I-FLOOR-PAT
370
9
420
12754547
100
AcDbLine
 10
6780.0
 20
12350.0
 30
0.0
 11
6780.0
 21
12170.0
 31
0.0
  0
LINE
  5
173
330
17
100
AcDbEntity
  8
I-FLOOR-PAT
370
9
420
12754547
100
AcDbLine
 10
7980.0
 20
12350.0
 30
0.0
 11
7980.0
 21
12170.0
 31
0.0
  0
LINE
  5
174
330
17
100
AcDbEntity
  8
I-FLOOR-PAT
370
9
420
12754547
100
AcDbLine
 10
9180.0
 20
12350.0
 30
0.0
 11
9180.0
 21
12170.0
 31
0.0
  0
LINE
  5
175
330
17
100
AcDbEntity
  8
I-FLOOR-PAT
370
9
420
12754547
100
AcDbLine
 10
10380.0
 20
12350.0
 30
0.0
 11
10380.0
 21
12170.0
 31
0.0
  0
LINE
  5
176
330
17
100
AcDbEntity
  8
I-FLOOR-PAT
370
9
420
12754547
100
AcDbLine
 10
6380.0
 20
11990.0
 30
0.0
 11
11350.0
 21
11990.0
 31
0.0
  0
LINE
  5
177
330
17
100
AcDbEntity
  8
I-FLOOR-PAT
370
9
420
12754547
100
AcDbLine
 10
7180.0
 20
12170.0
 30
0.0
 11
7180.0
 21
11990.0
 31
0.0
  0
LINE
  5
178
330
17
100
AcDbEntity
  8
I-FLOOR-PAT
370
9
420
12754547
100
AcDbLine
 10
8380.0
 20
12170.0
 30
0.0
 11
8380.0
 21
11990.0
 31
0.0
  0
LINE
  5
179
330
17
100
AcDbEntity
  8
I-FLOOR-PAT
370
9
420
12754547
100
AcDbLine
 10
9580.0
 20
12170.0
 30
0.0
 11
9580.0
 21
11990.0
 31
0.0
  0
LINE
  5
17A
330
17
100
AcDbEntity
  8
I-FLOOR-PAT
370
9
420
12754547
100
AcDbLine
 10
10780.0
 20
12170.0
 30
0.0
 11
10780.0
 21
11990.0
 31
0.0
  0
LINE
  5
17B
330
17
100
AcDbEntity
  8
I-FLOOR-PAT
370
9
420
12754547
100
AcDbLine
 10
6422.8427124746195
 20
11810.0
 30
0.0
 11
11350.0
 21
11810.0
 31
0.0
  0
LINE
  5
17C
330
17
100
AcDbEntity
  8
I-FLOOR-PAT
370
9
420
12754547
100
AcDbLine
 10
6380.0
 20
11990.0
 30
0.0
 11
6380.0
 21
11852.84271247462
 31
0.0
  0
LINE
  5
17D
330
17
100
AcDbEntity
  8
I-FLOOR-PAT
370
9
420
12754547
100
AcDbLine
 10
7580.0
 20
11990.0
 30
0.0
 11
7580.0
 21
11810.0
 31
0.0
  0
LINE
  5
17E
330
17
100
AcDbEntity
  8
I-FLOOR-PAT
370
9
420
12754547
100
AcDbLine
 10
8780.0
 20
11990.0
 30
0.0
 11
8780.0
 21
11810.0
 31
0.0
  0
LINE
  5
17F
330
17
100
AcDbEntity
  8
I-FLOOR-PAT
370
9
420
12754547
100
AcDbLine
 10
9980.0
 20
11990.0
 30
0.0
 11
9980.0
 21
11810.0
 31
0.0
  0
LINE
  5
180
330
17
100
AcDbEntity
  8
I-FLOOR-PAT
370
9
420
12754547
100
AcDbLine
 10
11180.0
 20
11990.0
 30
0.0
 11
11180.0
 21
11810.0
 31
0.0
  0
LINE
  5
181
330
17
100
AcDbEntity
  8
I-FLOOR-PAT
370
9
420
12754547
100
AcDbLine
 10
6602.8427124746195
 20
11630.0
 30
0.0
 11
11350.0
 21
11630.0
 31
0.0
  0
LINE
  5
182
330
17
100
AcDbEntity
  8
I-FLOOR-PAT
370
9
420
12754547
100
AcDbLine
 10
6780.0
 20
11810.0
 30
0.0
 11
6780.0
 21
11630.0
 31
0.0
  0
LINE
  5
183
330
17
100
AcDbEntity
  8
I-FLOOR-PAT
370
9
420
12754547
100
AcDbLine
 10
7980.0
 20
11810.0
 30
0.0
 11
7980.0
 21
11630.0
 31
0.0
  0
LINE
  5
184
330
17
100
AcDbEntity
  8
I-FLOOR-PAT
370
9
420
12754547
100
AcDbLine
 10
9180.0
 20
11810.0
 30
0.0
 11
9180.0
 21
11630.0
 31
0.0
  0
LINE
  5
185
330
17
100
AcDbEntity
  8
I-FLOOR-PAT
370
9
420
12754547
100
AcDbLine
 10
10380.0
 20
11810.0
 30
0.0
 11
10380.0
 21
11630.0
 31
0.0
  0
LINE
  5
186
330
17
100
AcDbEntity
  8
I-FLOOR-PAT
370
9
420
12754547
100
AcDbLine
 10
6782.8427124746195
 20
11450.0
 30
0.0
 11
10600.0
 21
11450.0
 31
0.0
  0
LINE
  5
187
330
17
100
AcDbEntity
  8
I-FLOOR-PAT
370
9
420
12754547
100
AcDbLine
 10
10600.0
 20
11450.0
 30
0.0
 11
10800.0
 21
11450.0
 31
0.0
  0
LINE
  5
188
330
17
100
AcDbEntity
  8
I-FLOOR-PAT
370
9
420
12754547
100
AcDbLine
 10
10800.0
 20
11450.0
 30
0.0
 11
11350.0
 21
11450.0
 31
0.0
  0
LINE
  5
189
330
17
100
AcDbEntity
  8
I-FLOOR-PAT
370
9
420
12754547
100
AcDbLine
 10
7180.0
 20
11630.0
 30
0.0
 11
7180.0
 21
11450.0
 31
0.0
  0
LINE
  5
18A
330
17
100
AcDbEntity
  8
I-FLOOR-PAT
370
9
420
12754547
100
AcDbLine
 10
8380.0
 20
11630.0
 30
0.0
 11
8380.0
 21
11450.0
 31
0.0
  0
LINE
  5
18B
330
17
100
AcDbEntity
  8
I-FLOOR-PAT
370
9
420
12754547
100
AcDbLine
 10
9580.0
 20
11630.0
 30
0.0
 11
9580.0
 21
11450.0
 31
0.0
  0
LINE
  5
18C
330
17
100
AcDbEntity
  8
I-FLOOR-PAT
370
9
420
12754547
100
AcDbLine
 10
10780.0
 20
11630.0
 30
0.0
 11
10780.0
 21
11450.0
 31
0.0
  0
LINE
  5
18D
330
17
100
AcDbEntity
  8
I-FLOOR-PAT
370
9
420
12754547
100
AcDbLine
 10
6962.8427124746195
 20
11270.0
 30
0.0
 11
10600.0
 21
11270.0
 31
0.0
  0
LINE
  5
18E
330
17
100
AcDbEntity
  8
I-FLOOR-PAT
370
9
420
12754547
100
AcDbLine
 10
7580.0
 20
11450.0
 30
0.0
 11
7580.0
 21
11270.0
 31
0.0
  0
LINE
  5
18F
330
17
100
AcDbEntity
  8
I-FLOOR-PAT
370
9
420
12754547
100
AcDbLine
 10
8780.0
 20
11450.0
 30
0.0
 11
8780.0
 21
11270.0
 31
0.0
  0
LINE
  5
190
330
17
100
AcDbEntity
  8
I-FLOOR-PAT
370
9
420
12754547
100
AcDbLine
 10
9980.0
 20
11450.0
 30
0.0
 11
9980.0
 21
11270.0
 31
0.0
  0
HATCH
  5
191
330
17
100
AcDbEntity
  8
I-FLOOR
 62
7
420
14737110
100
AcDbHatch
 10
0.0
 20
0.0
 30
0.0
210
0.0
220
0.0
230
1.0
  2
SOLID
 70
1
 71
0
 91
1
 92
3
 72
0
 73
1
 93
47
 10
11350.0
 20
9900.0
 10
11200.0
 20
9900.0
 10
11200.0
 20
9890.0
 10
10800.0
 20
9890.0
 10
10800.0
 20
9900.0
 10
10600.0
 20
9900.0
 10
10600.0
 20
10950.0
 10
7800.0
 20
10950.0
 10
7800.0
 20
10450.0
 10
7150.0
 20
10450.0
 10
7150.0
 20
10232.0
 10
7150.19603428066
 20
10231.990369453344
 10
7150.390180644032
 20
10231.961570560807
 10
7150.580569354509
 20
10231.913880671465
 10
7150.765366864731
 20
10231.847759065022
 10
7150.942793473652
 20
10231.763842528697
 10
7151.111140466039
 20
10231.662939224605
 10
7151.268786568327
 20
10231.546020906726
 10
7151.414213562373
 20
10231.414213562373
 10
7151.546020906726
 20
10231.268786568327
 10
7151.662939224605
 20
10231.111140466039
 10
7151.763842528697
 20
10230.942793473652
 10
7151.847759065023
 20
10230.76536686473
 10
7151.9138806714645
 20
10230.580569354508
 10
7151.961570560807
 20
10230.390180644032
 10
7151.990369453344
 20
10230.19603428066
 10
7152.0
 20
10230.0
 10
7152.0
 20
9252.0
 10
8010.0
 20
9252.0
 10
8010.19603428066
 20
9251.990369453344
 10
8010.390180644032
 20
9251.961570560807
 10
8010.580569354509
 20
9251.913880671465
 10
8010.765366864731
 20
9251.847759065022
 10
8010.942793473652
 20
9251.763842528697
 10
8011.111140466039
 20
9251.662939224605
 10
8011.268786568327
 20
9251.546020906724
 10
8011.414213562373
 20
9251.414213562373
 10
8011.546020906726
 20
9251.268786568327
 10
8011.662939224605
 20
9251.11114046604
 10
8011.763842528697
 20
9250.942793473652
 10
8011.847759065023
 20
9250.765366864729
 10
8011.9138806714645
 20
9250.580569354508
 10
8011.961570560807
 20
9250.390180644034
 10
8011.990369453344
 20
9250.19603428066
 10
8012.0
 20
9250.0
 10
8200.0
 20
9250.0
 10
11350.0
 20
9250.0
 97
0
 75
1
 76
1
 98
0
  0
LINE
  5
192
330
17
100
AcDbEntity
  8
I-FLOOR-PAT
370
9
420
12763064
100
AcDbLine
 10
7150.0
 20
10350.0
 30
0.0
 11
10600.0
 21
10350.0
 31
0.0
  0
LINE
  5
193
330
17
100
AcDbEntity
  8
I-FLOOR-PAT
370
9
420
12763064
100
AcDbLine
 10
7152.0
 20
9750.0
 30
0.0
 11
11350.0
 21
9750.0
 31
0.0
  0
LINE
  5
194
330
17
100
AcDbEntity
  8
I-FLOOR-PAT
370
9
420
12763064
100
AcDbLine
 10
7750.0
 20
10450.0
 30
0.0
 11
7750.0
 21
9252.0
 31
0.0
  0
LINE
  5
195
330
17
100
AcDbEntity
  8
I-FLOOR-PAT
370
9
420
12763064
100
AcDbLine
 10
8350.0
 20
10950.0
 30
0.0
 11
8350.0
 21
9250.0
 31
0.0
  0
LINE
  5
196
330
17
100
AcDbEntity
  8
I-FLOOR-PAT
370
9
420
12763064
100
AcDbLine
 10
8950.0
 20
10950.0
 30
0.0
 11
8950.0
 21
9250.0
 31
0.0
  0
LINE
  5
197
330
17
100
AcDbEntity
  8
I-FLOOR-PAT
370
9
420
12763064
100
AcDbLine
 10
9550.0
 20
10950.0
 30
0.0
 11
9550.0
 21
9250.0
 31
0.0
  0
LINE
  5
198
330
17
100
AcDbEntity
  8
I-FLOOR-PAT
370
9
420
12763064
100
AcDbLine
 10
10150.0
 20
10950.0
 30
0.0
 11
10150.0
 21
9250.0
 31
0.0
  0
LINE
  5
199
330
17
100
AcDbEntity
  8
I-FLOOR-PAT
370
9
420
12763064
100
AcDbLine
 10
10750.0
 20
9900.0
 30
0.0
 11
10750.0
 21
9250.0
 31
0.0
  0
HATCH
  5
19A
330
17
100
AcDbEntity
  8
I-FLOOR
 62
7
420
4540247
100
AcDbHatch
 10
0.0
 20
0.0
 30
0.0
210
0.0
220
0.0
230
1.0
  2
SOLID
 70
1
 71
0
 91
1
 92
3
 72
0
 73
1
 93
12
 10
7350.0
 20
150.0
 10
7350.0
 20
300.0
 10
8000.0
 20
300.0
 10
8000.0
 20
4750.0
 10
5100.0
 20
4750.0
 10
5100.0
 20
2300.0
 10
5375.0
 20
2300.0
 10
5375.0
 20
1750.0
 10
5100.0
 20
1750.0
 10
5100.0
 20
400.0
 10
5350.0
 20
400.0
 10
5350.0
 20
150.0
 97
0
 75
1
 76
1
 98
0
  0
LINE
  5
19B
330
17
100
AcDbEntity
  8
I-FLOOR-PAT
370
9
420
5527401
100
AcDbLine
 10
5100.0
 20
4250.0
 30
0.0
 11
8000.0
 21
4250.0
 31
0.0
  0
LINE
  5
19C
330
17
100
AcDbEntity
  8
I-FLOOR-PAT
370
9
420
5527401
100
AcDbLine
 10
5100.0
 20
3750.0
 30
0.0
 11
8000.0
 21
3750.0
 31
0.0
  0
LINE
  5
19D
330
17
100
AcDbEntity
  8
I-FLOOR-PAT
370
9
420
5527401
100
AcDbLine
 10
5100.0
 20
3250.0
 30
0.0
 11
8000.0
 21
3250.0
 31
0.0
  0
LINE
  5
19E
330
17
100
AcDbEntity
  8
I-FLOOR-PAT
370
9
420
5527401
100
AcDbLine
 10
5100.0
 20
2750.0
 30
0.0
 11
8000.0
 21
2750.0
 31
0.0
  0
LINE
  5
19F
330
17
100
AcDbEntity
  8
I-FLOOR-PAT
370
9
420
5527401
100
AcDbLine
 10
5375.0
 20
2250.0
 30
0.0
 11
8000.0
 21
2250.0
 31
0.0
  0
LINE
  5
1A0
330
17
100
AcDbEntity
  8
I-FLOOR-PAT
370
9
420
5527401
100
AcDbLine
 10
5100.0
 20
1750.0
 30
0.0
 11
5375.0
 21
1750.0
 31
0.0
  0
LINE
  5
1A1
330
17
100
AcDbEntity
  8
I-FLOOR-PAT
370
9
420
5527401
100
AcDbLine
 10
5375.0
 20
1750.0
 30
0.0
 11
8000.0
 21
1750.0
 31
0.0
  0
LINE
  5
1A2
330
17
100
AcDbEntity
  8
I-FLOOR-PAT
370
9
420
5527401
100
AcDbLine
 10
5100.0
 20
1250.0
 30
0.0
 11
8000.0
 21
1250.0
 31
0.0
  0
LINE
  5
1A3
330
17
100
AcDbEntity
  8
I-FLOOR-PAT
370
9
420
5527401
100
AcDbLine
 10
5100.0
 20
750.0
 30
0.0
 11
8000.0
 21
750.0
 31
0.0
  0
LINE
  5
1A4
330
17
100
AcDbEntity
  8
I-FLOOR-PAT
370
9
420
5527401
100
AcDbLine
 10
5350.0
 20
250.0
 30
0.0
 11
7350.0
 21
250.0
 31
0.0
  0
LINE
  5
1A5
330
17
100
AcDbEntity
  8
I-FLOOR-PAT
370
9
420
5527401
100
AcDbLine
 10
5600.0
 20
4750.0
 30
0.0
 11
5600.0
 21
150.0
 31
0.0
  0
LINE
  5
1A6
330
17
100
AcDbEntity
  8
I-FLOOR-PAT
370
9
420
5527401
100
AcDbLine
 10
6100.0
 20
4750.0
 30
0.0
 11
6100.0
 21
150.0
 31
0.0
  0
LINE
  5
1A7
330
17
100
AcDbEntity
  8
I-FLOOR-PAT
370
9
420
5527401
100
AcDbLine
 10
6600.0
 20
4750.0
 30
0.0
 11
6600.0
 21
150.0
 31
0.0
  0
LINE
  5
1A8
330
17
100
AcDbEntity
  8
I-FLOOR-PAT
370
9
420
5527401
100
AcDbLine
 10
7100.0
 20
4750.0
 30
0.0
 11
7100.0
 21
150.0
 31
0.0
  0
LINE
  5
1A9
330
17
100
AcDbEntity
  8
I-FLOOR-PAT
370
9
420
5527401
100
AcDbLine
 10
7600.0
 20
4750.0
 30
0.0
 11
7600.0
 21
300.0
 31
0.0
  0
HATCH
  5
1AA
330
17
100
AcDbEntity
  8
I-FLOOR
 62
7
420
14598036
100
AcDbHatch
 10
0.0
 20
0.0
 30
0.0
210
0.0
220
0.0
230
1.0
  2
SOLID
 70
1
 71
0
 91
1
 92
3
 72
0
 73
1
 93
8
 10
11350.0
 20
7800.0
 10
10850.0
 20
7800.0
 10
8200.0
 20
7800.0
 10
8200.0
 20
2000.0
 10
9400.0
 20
2000.0
 10
10850.0
 20
2000.0
 10
10850.0
 20
2300.0
 10
11350.0
 20
2300.0
 97
0
 75
1
 76
1
 98
0
  0
LINE
  5
1AB
330
17
100
AcDbEntity
  8
I-FLOOR-PAT
370
9
420
12754547
100
AcDbLine
 10
8380.0
 20
7800.0
 30
0.0
 11
8380.0
 21
2000.0
 31
0.0
  0
LINE
  5
1AC
330
17
100
AcDbEntity
  8
I-FLOOR-PAT
370
9
420
12754547
100
AcDbLine
 10
8200.0
 20
7800.0
 30
0.0
 11
8380.0
 21
7800.0
 31
0.0
  0
LINE
  5
1AD
330
17
100
AcDbEntity
  8
I-FLOOR-PAT
370
9
420
12754547
100
AcDbLine
 10
8200.0
 20
6600.0
 30
0.0
 11
8380.0
 21
6600.0
 31
0.0
  0
LINE
  5
1AE
330
17
100
AcDbEntity
  8
I-FLOOR-PAT
370
9
420
12754547
100
AcDbLine
 10
8200.0
 20
5400.0
 30
0.0
 11
8380.0
 21
5400.0
 31
0.0
  0
LINE
  5
1AF
330
17
100
AcDbEntity
  8
I-FLOOR-PAT
370
9
420
12754547
100
AcDbLine
 10
8200.0
 20
4200.0
 30
0.0
 11
8380.0
 21
4200.0
 31
0.0
  0
LINE
  5
1B0
330
17
100
AcDbEntity
  8
I-FLOOR-PAT
370
9
420
12754547
100
AcDbLine
 10
8200.0
 20
3000.0
 30
0.0
 11
8380.0
 21
3000.0
 31
0.0
  0
LINE
  5
1B1
330
17
100
AcDbEntity
  8
I-FLOOR-PAT
370
9
420
12754547
100
AcDbLine
 10
8560.0
 20
7800.0
 30
0.0
 11
8560.0
 21
2000.0
 31
0.0
  0
LINE
  5
1B2
330
17
100
AcDbEntity
  8
I-FLOOR-PAT
370
9
420
12754547
100
AcDbLine
 10
8380.0
 20
7400.0
 30
0.0
 11
8560.0
 21
7400.0
 31
0.0
  0
LINE
  5
1B3
330
17
100
AcDbEntity
  8
I-FLOOR-PAT
370
9
420
12754547
100
AcDbLine
 10
8380.0
 20
6200.0
 30
0.0
 11
8560.0
 21
6200.0
 31
0.0
  0
LINE
  5
1B4
330
17
100
AcDbEntity
  8
I-FLOOR-PAT
370
9
420
12754547
100
AcDbLine
 10
8380.0
 20
5000.0
 30
0.0
 11
8560.0
 21
5000.0
 31
0.0
  0
LINE
  5
1B5
330
17
100
AcDbEntity
  8
I-FLOOR-PAT
370
9
420
12754547
100
AcDbLine
 10
8380.0
 20
3800.0
 30
0.0
 11
8560.0
 21
3800.0
 31
0.0
  0
LINE
  5
1B6
330
17
100
AcDbEntity
  8
I-FLOOR-PAT
370
9
420
12754547
100
AcDbLine
 10
8380.0
 20
2600.0
 30
0.0
 11
8560.0
 21
2600.0
 31
0.0
  0
LINE
  5
1B7
330
17
100
AcDbEntity
  8
I-FLOOR-PAT
370
9
420
12754547
100
AcDbLine
 10
8740.0
 20
7800.0
 30
0.0
 11
8740.0
 21
2000.0
 31
0.0
  0
LINE
  5
1B8
330
17
100
AcDbEntity
  8
I-FLOOR-PAT
370
9
420
12754547
100
AcDbLine
 10
8560.0
 20
7000.0
 30
0.0
 11
8740.0
 21
7000.0
 31
0.0
  0
LINE
  5
1B9
330
17
100
AcDbEntity
  8
I-FLOOR-PAT
370
9
420
12754547
100
AcDbLine
 10
8560.0
 20
5800.0
 30
0.0
 11
8740.0
 21
5800.0
 31
0.0
  0
LINE
  5
1BA
330
17
100
AcDbEntity
  8
I-FLOOR-PAT
370
9
420
12754547
100
AcDbLine
 10
8560.0
 20
4600.0
 30
0.0
 11
8740.0
 21
4600.0
 31
0.0
  0
LINE
  5
1BB
330
17
100
AcDbEntity
  8
I-FLOOR-PAT
370
9
420
12754547
100
AcDbLine
 10
8560.0
 20
3400.0
 30
0.0
 11
8740.0
 21
3400.0
 31
0.0
  0
LINE
  5
1BC
330
17
100
AcDbEntity
  8
I-FLOOR-PAT
370
9
420
12754547
100
AcDbLine
 10
8560.0
 20
2200.0
 30
0.0
 11
8740.0
 21
2200.0
 31
0.0
  0
LINE
  5
1BD
330
17
100
AcDbEntity
  8
I-FLOOR-PAT
370
9
420
12754547
100
AcDbLine
 10
8920.0
 20
7800.0
 30
0.0
 11
8920.0
 21
2000.0
 31
0.0
  0
LINE
  5
1BE
330
17
100
AcDbEntity
  8
I-FLOOR-PAT
370
9
420
12754547
100
AcDbLine
 10
8740.0
 20
7800.0
 30
0.0
 11
8920.0
 21
7800.0
 31
0.0
  0
LINE
  5
1BF
330
17
100
AcDbEntity
  8
I-FLOOR-PAT
370
9
420
12754547
100
AcDbLine
 10
8740.0
 20
6600.0
 30
0.0
 11
8920.0
 21
6600.0
 31
0.0
  0
LINE
  5
1C0
330
17
100
AcDbEntity
  8
I-FLOOR-PAT
370
9
420
12754547
100
AcDbLine
 10
8740.0
 20
5400.0
 30
0.0
 11
8920.0
 21
5400.0
 31
0.0
  0
LINE
  5
1C1
330
17
100
AcDbEntity
  8
I-FLOOR-PAT
370
9
420
12754547
100
AcDbLine
 10
8740.0
 20
4200.0
 30
0.0
 11
8920.0
 21
4200.0
 31
0.0
  0
LINE
  5
1C2
330
17
100
AcDbEntity
  8
I-FLOOR-PAT
370
9
420
12754547
100
AcDbLine
 10
8740.0
 20
3000.0
 30
0.0
 11
8920.0
 21
3000.0
 31
0.0
  0
LINE
  5
1C3
330
17
100
AcDbEntity
  8
I-FLOOR-PAT
370
9
420
12754547
100
AcDbLine
 10
9100.0
 20
7800.0
 30
0.0
 11
9100.0
 21
2000.0
 31
0.0
  0
LINE
  5
1C4
330
17
100
AcDbEntity
  8
I-FLOOR-PAT
370
9
420
12754547
100
AcDbLine
 10
8920.0
 20
7400.0
 30
0.0
 11
9100.0
 21
7400.0
 31
0.0
  0
LINE
  5
1C5
330
17
100
AcDbEntity
  8
I-FLOOR-PAT
370
9
420
12754547
100
AcDbLine
 10
8920.0
 20
6200.0
 30
0.0
 11
9100.0
 21
6200.0
 31
0.0
  0
LINE
  5
1C6
330
17
100
AcDbEntity
  8
I-FLOOR-PAT
370
9
420
12754547
100
AcDbLine
 10
8920.0
 20
5000.0
 30
0.0
 11
9100.0
 21
5000.0
 31
0.0
  0
LINE
  5
1C7
330
17
100
AcDbEntity
  8
I-FLOOR-PAT
370
9
420
12754547
100
AcDbLine
 10
8920.0
 20
3800.0
 30
0.0
 11
9100.0
 21
3800.0
 31
0.0
  0
LINE
  5
1C8
330
17
100
AcDbEntity
  8
I-FLOOR-PAT
370
9
420
12754547
100
AcDbLine
 10
8920.0
 20
2600.0
 30
0.0
 11
9100.0
 21
2600.0
 31
0.0
  0
LINE
  5
1C9
330
17
100
AcDbEntity
  8
I-FLOOR-PAT
370
9
420
12754547
100
AcDbLine
 10
9280.0
 20
7800.0
 30
0.0
 11
9280.0
 21
2000.0
 31
0.0
  0
LINE
  5
1CA
330
17
100
AcDbEntity
  8
I-FLOOR-PAT
370
9
420
12754547
100
AcDbLine
 10
9100.0
 20
7000.0
 30
0.0
 11
9280.0
 21
7000.0
 31
0.0
  0
LINE
  5
1CB
330
17
100
AcDbEntity
  8
I-FLOOR-PAT
370
9
420
12754547
100
AcDbLine
 10
9100.0
 20
5800.0
 30
0.0
 11
9280.0
 21
5800.0
 31
0.0
  0
LINE
  5
1CC
330
17
100
AcDbEntity
  8
I-FLOOR-PAT
370
9
420
12754547
100
AcDbLine
 10
9100.0
 20
4600.0
 30
0.0
 11
9280.0
 21
4600.0
 31
0.0
  0
LINE
  5
1CD
330
17
100
AcDbEntity
  8
I-FLOOR-PAT
370
9
420
12754547
100
AcDbLine
 10
9100.0
 20
3400.0
 30
0.0
 11
9280.0
 21
3400.0
 31
0.0
  0
LINE
  5
1CE
330
17
100
AcDbEntity
  8
I-FLOOR-PAT
370
9
420
12754547
100
AcDbLine
 10
9100.0
 20
2200.0
 30
0.0
 11
9280.0
 21
2200.0
 31
0.0
  0
LINE
  5
1CF
330
17
100
AcDbEntity
  8
I-FLOOR-PAT
370
9
420
12754547
100
AcDbLine
 10
9460.0
 20
7800.0
 30
0.0
 11
9460.0
 21
2000.0
 31
0.0
  0
LINE
  5
1D0
330
17
100
AcDbEntity
  8
I-FLOOR-PAT
370
9
420
12754547
100
AcDbLine
 10
9280.0
 20
7800.0
 30
0.0
 11
9460.0
 21
7800.0
 31
0.0
  0
LINE
  5
1D1
330
17
100
AcDbEntity
  8
I-FLOOR-PAT
370
9
420
12754547
100
AcDbLine
 10
9280.0
 20
6600.0
 30
0.0
 11
9460.0
 21
6600.0
 31
0.0
  0
LINE
  5
1D2
330
17
100
AcDbEntity
  8
I-FLOOR-PAT
370
9
420
12754547
100
AcDbLine
 10
9280.0
 20
5400.0
 30
0.0
 11
9460.0
 21
5400.0
 31
0.0
  0
LINE
  5
1D3
330
17
100
AcDbEntity
  8
I-FLOOR-PAT
370
9
420
12754547
100
AcDbLine
 10
9280.0
 20
4200.0
 30
0.0
 11
9460.0
 21
4200.0
 31
0.0
  0
LINE
  5
1D4
330
17
100
AcDbEntity
  8
I-FLOOR-PAT
370
9
420
12754547
100
AcDbLine
 10
9280.0
 20
3000.0
 30
0.0
 11
9460.0
 21
3000.0
 31
0.0
  0
LINE
  5
1D5
330
17
100
AcDbEntity
  8
I-FLOOR-PAT
370
9
420
12754547
100
AcDbLine
 10
9640.0
 20
7800.0
 30
0.0
 11
9640.0
 21
2000.0
 31
0.0
  0
LINE
  5
1D6
330
17
100
AcDbEntity
  8
I-FLOOR-PAT
370
9
420
12754547
100
AcDbLine
 10
9460.0
 20
7400.0
 30
0.0
 11
9640.0
 21
7400.0
 31
0.0
  0
LINE
  5
1D7
330
17
100
AcDbEntity
  8
I-FLOOR-PAT
370
9
420
12754547
100
AcDbLine
 10
9460.0
 20
6200.0
 30
0.0
 11
9640.0
 21
6200.0
 31
0.0
  0
LINE
  5
1D8
330
17
100
AcDbEntity
  8
I-FLOOR-PAT
370
9
420
12754547
100
AcDbLine
 10
9460.0
 20
5000.0
 30
0.0
 11
9640.0
 21
5000.0
 31
0.0
  0
LINE
  5
1D9
330
17
100
AcDbEntity
  8
I-FLOOR-PAT
370
9
420
12754547
100
AcDbLine
 10
9460.0
 20
3800.0
 30
0.0
 11
9640.0
 21
3800.0
 31
0.0
  0
LINE
  5
1DA
330
17
100
AcDbEntity
  8
I-FLOOR-PAT
370
9
420
12754547
100
AcDbLine
 10
9460.0
 20
2600.0
 30
0.0
 11
9640.0
 21
2600.0
 31
0.0
  0
LINE
  5
1DB
330
17
100
AcDbEntity
  8
I-FLOOR-PAT
370
9
420
12754547
100
AcDbLine
 10
9820.0
 20
7800.0
 30
0.0
 11
9820.0
 21
2000.0
 31
0.0
  0
LINE
  5
1DC
330
17
100
AcDbEntity
  8
I-FLOOR-PAT
370
9
420
12754547
100
AcDbLine
 10
9640.0
 20
7000.0
 30
0.0
 11
9820.0
 21
7000.0
 31
0.0
  0
LINE
  5
1DD
330
17
100
AcDbEntity
  8
I-FLOOR-PAT
370
9
420
12754547
100
AcDbLine
 10
9640.0
 20
5800.0
 30
0.0
 11
9820.0
 21
5800.0
 31
0.0
  0
LINE
  5
1DE
330
17
100
AcDbEntity
  8
I-FLOOR-PAT
370
9
420
12754547
100
AcDbLine
 10
9640.0
 20
4600.0
 30
0.0
 11
9820.0
 21
4600.0
 31
0.0
  0
LINE
  5
1DF
330
17
100
AcDbEntity
  8
I-FLOOR-PAT
370
9
420
12754547
100
AcDbLine
 10
9640.0
 20
3400.0
 30
0.0
 11
9820.0
 21
3400.0
 31
0.0
  0
LINE
  5
1E0
330
17
100
AcDbEntity
  8
I-FLOOR-PAT
370
9
420
12754547
100
AcDbLine
 10
9640.0
 20
2200.0
 30
0.0
 11
9820.0
 21
2200.0
 31
0.0
  0
LINE
  5
1E1
330
17
100
AcDbEntity
  8
I-FLOOR-PAT
370
9
420
12754547
100
AcDbLine
 10
10000.0
 20
7800.0
 30
0.0
 11
10000.0
 21
2000.0
 31
0.0
  0
LINE
  5
1E2
330
17
100
AcDbEntity
  8
I-FLOOR-PAT
370
9
420
12754547
100
AcDbLine
 10
9820.0
 20
7800.0
 30
0.0
 11
10000.0
 21
7800.0
 31
0.0
  0
LINE
  5
1E3
330
17
100
AcDbEntity
  8
I-FLOOR-PAT
370
9
420
12754547
100
AcDbLine
 10
9820.0
 20
6600.0
 30
0.0
 11
10000.0
 21
6600.0
 31
0.0
  0
LINE
  5
1E4
330
17
100
AcDbEntity
  8
I-FLOOR-PAT
370
9
420
12754547
100
AcDbLine
 10
9820.0
 20
5400.0
 30
0.0
 11
10000.0
 21
5400.0
 31
0.0
  0
LINE
  5
1E5
330
17
100
AcDbEntity
  8
I-FLOOR-PAT
370
9
420
12754547
100
AcDbLine
 10
9820.0
 20
4200.0
 30
0.0
 11
10000.0
 21
4200.0
 31
0.0
  0
LINE
  5
1E6
330
17
100
AcDbEntity
  8
I-FLOOR-PAT
370
9
420
12754547
100
AcDbLine
 10
9820.0
 20
3000.0
 30
0.0
 11
10000.0
 21
3000.0
 31
0.0
  0
LINE
  5
1E7
330
17
100
AcDbEntity
  8
I-FLOOR-PAT
370
9
420
12754547
100
AcDbLine
 10
10180.0
 20
7800.0
 30
0.0
 11
10180.0
 21
2000.0
 31
0.0
  0
LINE
  5
1E8
330
17
100
AcDbEntity
  8
I-FLOOR-PAT
370
9
420
12754547
100
AcDbLine
 10
10000.0
 20
7400.0
 30
0.0
 11
10180.0
 21
7400.0
 31
0.0
  0
LINE
  5
1E9
330
17
100
AcDbEntity
  8
I-FLOOR-PAT
370
9
420
12754547
100
AcDbLine
 10
10000.0
 20
6200.0
 30
0.0
 11
10180.0
 21
6200.0
 31
0.0
  0
LINE
  5
1EA
330
17
100
AcDbEntity
  8
I-FLOOR-PAT
370
9
420
12754547
100
AcDbLine
 10
10000.0
 20
5000.0
 30
0.0
 11
10180.0
 21
5000.0
 31
0.0
  0
LINE
  5
1EB
330
17
100
AcDbEntity
  8
I-FLOOR-PAT
370
9
420
12754547
100
AcDbLine
 10
10000.0
 20
3800.0
 30
0.0
 11
10180.0
 21
3800.0
 31
0.0
  0
LINE
  5
1EC
330
17
100
AcDbEntity
  8
I-FLOOR-PAT
370
9
420
12754547
100
AcDbLine
 10
10000.0
 20
2600.0
 30
0.0
 11
10180.0
 21
2600.0
 31
0.0
  0
LINE
  5
1ED
330
17
100
AcDbEntity
  8
I-FLOOR-PAT
370
9
420
12754547
100
AcDbLine
 10
10360.0
 20
7800.0
 30
0.0
 11
10360.0
 21
2000.0
 31
0.0
  0
LINE
  5
1EE
330
17
100
AcDbEntity
  8
I-FLOOR-PAT
370
9
420
12754547
100
AcDbLine
 10
10180.0
 20
7000.0
 30
0.0
 11
10360.0
 21
7000.0
 31
0.0
  0
LINE
  5
1EF
330
17
100
AcDbEntity
  8
I-FLOOR-PAT
370
9
420
12754547
100
AcDbLine
 10
10180.0
 20
5800.0
 30
0.0
 11
10360.0
 21
5800.0
 31
0.0
  0
LINE
  5
1F0
330
17
100
AcDbEntity
  8
I-FLOOR-PAT
370
9
420
12754547
100
AcDbLine
 10
10180.0
 20
4600.0
 30
0.0
 11
10360.0
 21
4600.0
 31
0.0
  0
LINE
  5
1F1
330
17
100
AcDbEntity
  8
I-FLOOR-PAT
370
9
420
12754547
100
AcDbLine
 10
10180.0
 20
3400.0
 30
0.0
 11
10360.0
 21
3400.0
 31
0.0
  0
LINE
  5
1F2
330
17
100
AcDbEntity
  8
I-FLOOR-PAT
370
9
420
12754547
100
AcDbLine
 10
10180.0
 20
2200.0
 30
0.0
 11
10360.0
 21
2200.0
 31
0.0
  0
LINE
  5
1F3
330
17
100
AcDbEntity
  8
I-FLOOR-PAT
370
9
420
12754547
100
AcDbLine
 10
10540.0
 20
7800.0
 30
0.0
 11
10540.0
 21
2000.0
 31
0.0
  0
LINE
  5
1F4
330
17
100
AcDbEntity
  8
I-FLOOR-PAT
370
9
420
12754547
100
AcDbLine
 10
10360.0
 20
7800.0
 30
0.0
 11
10540.0
 21
7800.0
 31
0.0
  0
LINE
  5
1F5
330
17
100
AcDbEntity
  8
I-FLOOR-PAT
370
9
420
12754547
100
AcDbLine
 10
10360.0
 20
6600.0
 30
0.0
 11
10540.0
 21
6600.0
 31
0.0
  0
LINE
  5
1F6
330
17
100
AcDbEntity
  8
I-FLOOR-PAT
370
9
420
12754547
100
AcDbLine
 10
10360.0
 20
5400.0
 30
0.0
 11
10540.0
 21
5400.0
 31
0.0
  0
LINE
  5
1F7
330
17
100
AcDbEntity
  8
I-FLOOR-PAT
370
9
420
12754547
100
AcDbLine
 10
10360.0
 20
4200.0
 30
0.0
 11
10540.0
 21
4200.0
 31
0.0
  0
LINE
  5
1F8
330
17
100
AcDbEntity
  8
I-FLOOR-PAT
370
9
420
12754547
100
AcDbLine
 10
10360.0
 20
3000.0
 30
0.0
 11
10540.0
 21
3000.0
 31
0.0
  0
LINE
  5
1F9
330
17
100
AcDbEntity
  8
I-FLOOR-PAT
370
9
420
12754547
100
AcDbLine
 10
10720.0
 20
7800.0
 30
0.0
 11
10720.0
 21
2000.0
 31
0.0
  0
LINE
  5
1FA
330
17
100
AcDbEntity
  8
I-FLOOR-PAT
370
9
420
12754547
100
AcDbLine
 10
10540.0
 20
7400.0
 30
0.0
 11
10720.0
 21
7400.0
 31
0.0
  0
LINE
  5
1FB
330
17
100
AcDbEntity
  8
I-FLOOR-PAT
370
9
420
12754547
100
AcDbLine
 10
10540.0
 20
6200.0
 30
0.0
 11
10720.0
 21
6200.0
 31
0.0
  0
LINE
  5
1FC
330
17
100
AcDbEntity
  8
I-FLOOR-PAT
370
9
420
12754547
100
AcDbLine
 10
10540.0
 20
5000.0
 30
0.0
 11
10720.0
 21
5000.0
 31
0.0
  0
LINE
  5
1FD
330
17
100
AcDbEntity
  8
I-FLOOR-PAT
370
9
420
12754547
100
AcDbLine
 10
10540.0
 20
3800.0
 30
0.0
 11
10720.0
 21
3800.0
 31
0.0
  0
LINE
  5
1FE
330
17
100
AcDbEntity
  8
I-FLOOR-PAT
370
9
420
12754547
100
AcDbLine
 10
10540.0
 20
2600.0
 30
0.0
 11
10720.0
 21
2600.0
 31
0.0
  0
LINE
  5
1FF
330
17
100
AcDbEntity
  8
I-FLOOR-PAT
370
9
420
12754547
100
AcDbLine
 10
10900.0
 20
7800.0
 30
0.0
 11
10900.0
 21
2300.0
 31
0.0
  0
LINE
  5
200
330
17
100
AcDbEntity
  8
I-FLOOR-PAT
370
9
420
12754547
100
AcDbLine
 10
10720.0
 20
7000.0
 30
0.0
 11
10900.0
 21
7000.0
 31
0.0
  0
LINE
  5
201
330
17
100
AcDbEntity
  8
I-FLOOR-PAT
370
9
420
12754547
100
AcDbLine
 10
10720.0
 20
5800.0
 30
0.0
 11
10900.0
 21
5800.0
 31
0.0
  0
LINE
  5
202
330
17
100
AcDbEntity
  8
I-FLOOR-PAT
370
9
420
12754547
100
AcDbLine
 10
10720.0
 20
4600.0
 30
0.0
 11
10900.0
 21
4600.0
 31
0.0
  0
LINE
  5
203
330
17
100
AcDbEntity
  8
I-FLOOR-PAT
370
9
420
12754547
100
AcDbLine
 10
10720.0
 20
3400.0
 30
0.0
 11
10900.0
 21
3400.0
 31
0.0
  0
LINE
  5
204
330
17
100
AcDbEntity
  8
I-FLOOR-PAT
370
9
420
12754547
100
AcDbLine
 10
10720.0
 20
2200.0
 30
0.0
 11
10850.0
 21
2200.0
 31
0.0
  0
LINE
  5
205
330
17
100
AcDbEntity
  8
I-FLOOR-PAT
370
9
420
12754547
100
AcDbLine
 10
11080.0
 20
7800.0
 30
0.0
 11
11080.0
 21
2300.0
 31
0.0
  0
LINE
  5
206
330
17
100
AcDbEntity
  8
I-FLOOR-PAT
370
9
420
12754547
100
AcDbLine
 10
10900.0
 20
7800.0
 30
0.0
 11
11080.0
 21
7800.0
 31
0.0
  0
LINE
  5
207
330
17
100
AcDbEntity
  8
I-FLOOR-PAT
370
9
420
12754547
100
AcDbLine
 10
10900.0
 20
6600.0
 30
0.0
 11
11080.0
 21
6600.0
 31
0.0
  0
LINE
  5
208
330
17
100
AcDbEntity
  8
I-FLOOR-PAT
370
9
420
12754547
100
AcDbLine
 10
10900.0
 20
5400.0
 30
0.0
 11
11080.0
 21
5400.0
 31
0.0
  0
LINE
  5
209
330
17
100
AcDbEntity
  8
I-FLOOR-PAT
370
9
420
12754547
100
AcDbLine
 10
10900.0
 20
4200.0
 30
0.0
 11
11080.0
 21
4200.0
 31
0.0
  0
LINE
  5
20A
330
17
100
AcDbEntity
  8
I-FLOOR-PAT
370
9
420
12754547
100
AcDbLine
 10
10900.0
 20
3000.0
 30
0.0
 11
11080.0
 21
3000.0
 31
0.0
  0
LINE
  5
20B
330
17
100
AcDbEntity
  8
I-FLOOR-PAT
370
9
420
12754547
100
AcDbLine
 10
11260.0
 20
7800.0
 30
0.0
 11
11260.0
 21
2300.0
 31
0.0
  0
LINE
  5
20C
330
17
100
AcDbEntity
  8
I-FLOOR-PAT
370
9
420
12754547
100
AcDbLine
 10
11080.0
 20
7400.0
 30
0.0
 11
11260.0
 21
7400.0
 31
0.0
  0
LINE
  5
20D
330
17
100
AcDbEntity
  8
I-FLOOR-PAT
370
9
420
12754547
100
AcDbLine
 10
11080.0
 20
6200.0
 30
0.0
 11
11260.0
 21
6200.0
 31
0.0
  0
LINE
  5
20E
330
17
100
AcDbEntity
  8
I-FLOOR-PAT
370
9
420
12754547
100
AcDbLine
 10
11080.0
 20
5000.0
 30
0.0
 11
11260.0
 21
5000.0
 31
0.0
  0
LINE
  5
20F
330
17
100
AcDbEntity
  8
I-FLOOR-PAT
370
9
420
12754547
100
AcDbLine
 10
11080.0
 20
3800.0
 30
0.0
 11
11260.0
 21
3800.0
 31
0.0
  0
LINE
  5
210
330
17
100
AcDbEntity
  8
I-FLOOR-PAT
370
9
420
12754547
100
AcDbLine
 10
11080.0
 20
2600.0
 30
0.0
 11
11260.0
 21
2600.0
 31
0.0
  0
HATCH
  5
211
330
17
100
AcDbEntity
  8
I-FLOOR
 62
7
420
13951208
100
AcDbHatch
 10
0.0
 20
0.0
 30
0.0
210
0.0
220
0.0
230
1.0
  2
SOLID
 70
1
 71
0
 91
1
 92
3
 72
0
 73
1
 93
4
 10
9700.0
 20
7900.0
 10
9700.0
 20
9050.0
 10
8200.0
 20
9050.0
 10
8200.0
 20
7900.0
 97
0
 75
1
 76
1
 98
0
  0
LINE
  5
212
330
17
100
AcDbEntity
  8
I-FLOOR-PAT
370
9
420
11715791
100
AcDbLine
 10
8200.0
 20
8750.0
 30
0.0
 11
9700.0
 21
8750.0
 31
0.0
  0
LINE
  5
213
330
17
100
AcDbEntity
  8
I-FLOOR-PAT
370
9
420
11715791
100
AcDbLine
 10
8200.0
 20
8450.0
 30
0.0
 11
9700.0
 21
8450.0
 31
0.0
  0
LINE
  5
214
330
17
100
AcDbEntity
  8
I-FLOOR-PAT
370
9
420
11715791
100
AcDbLine
 10
8200.0
 20
8150.0
 30
0.0
 11
9700.0
 21
8150.0
 31
0.0
  0
LINE
  5
215
330
17
100
AcDbEntity
  8
I-FLOOR-PAT
370
9
420
11715791
100
AcDbLine
 10
8500.0
 20
9050.0
 30
0.0
 11
8500.0
 21
7900.0
 31
0.0
  0
LINE
  5
216
330
17
100
AcDbEntity
  8
I-FLOOR-PAT
370
9
420
11715791
100
AcDbLine
 10
8800.0
 20
9050.0
 30
0.0
 11
8800.0
 21
7900.0
 31
0.0
  0
LINE
  5
217
330
17
100
AcDbEntity
  8
I-FLOOR-PAT
370
9
420
11715791
100
AcDbLine
 10
9100.0
 20
9050.0
 30
0.0
 11
9100.0
 21
7900.0
 31
0.0
  0
LINE
  5
218
330
17
100
AcDbEntity
  8
I-FLOOR-PAT
370
9
420
11715791
100
AcDbLine
 10
9400.0
 20
9050.0
 30
0.0
 11
9400.0
 21
7900.0
 31
0.0
  0
HATCH
  5
219
330
17
100
AcDbEntity
  8
I-FLOOR
 62
7
420
14598036
100
AcDbHatch
 10
0.0
 20
0.0
 30
0.0
210
0.0
220
0.0
230
1.0
  2
SOLID
 70
1
 71
0
 91
1
 92
3
 72
0
 73
1
 93
6
 10
11350.0
 20
9050.0
 10
9800.0
 20
9050.0
 10
9800.0
 20
7900.0
 10
10850.0
 20
7900.0
 10
10850.0
 20
8350.0
 10
11350.0
 20
8350.0
 97
0
 75
1
 76
1
 98
0
  0
LINE
  5
21A
330
17
100
AcDbEntity
  8
I-FLOOR-PAT
370
9
420
12754547
100
AcDbLine
 10
9980.0
 20
9050.0
 30
0.0
 11
9980.0
 21
7900.0
 31
0.0
  0
LINE
  5
21B
330
17
100
AcDbEntity
  8
I-FLOOR-PAT
370
9
420
12754547
100
AcDbLine
 10
9800.0
 20
9050.0
 30
0.0
 11
9980.0
 21
9050.0
 31
0.0
  0
LINE
  5
21C
330
17
100
AcDbEntity
  8
I-FLOOR-PAT
370
9
420
12754547
100
AcDbLine
 10
10160.0
 20
9050.0
 30
0.0
 11
10160.0
 21
7900.0
 31
0.0
  0
LINE
  5
21D
330
17
100
AcDbEntity
  8
I-FLOOR-PAT
370
9
420
12754547
100
AcDbLine
 10
9980.0
 20
8650.0
 30
0.0
 11
10160.0
 21
8650.0
 31
0.0
  0
LINE
  5
21E
330
17
100
AcDbEntity
  8
I-FLOOR-PAT
370
9
420
12754547
100
AcDbLine
 10
10340.0
 20
9050.0
 30
0.0
 11
10340.0
 21
7900.0
 31
0.0
  0
LINE
  5
21F
330
17
100
AcDbEntity
  8
I-FLOOR-PAT
370
9
420
12754547
100
AcDbLine
 10
10160.0
 20
8250.0
 30
0.0
 11
10340.0
 21
8250.0
 31
0.0
  0
LINE
  5
220
330
17
100
AcDbEntity
  8
I-FLOOR-PAT
370
9
420
12754547
100
AcDbLine
 10
10520.0
 20
9050.0
 30
0.0
 11
10520.0
 21
7900.0
 31
0.0
  0
LINE
  5
221
330
17
100
AcDbEntity
  8
I-FLOOR-PAT
370
9
420
12754547
100
AcDbLine
 10
10340.0
 20
9050.0
 30
0.0
 11
10520.0
 21
9050.0
 31
0.0
  0
LINE
  5
222
330
17
100
AcDbEntity
  8
I-FLOOR-PAT
370
9
420
12754547
100
AcDbLine
 10
10700.0
 20
9050.0
 30
0.0
 11
10700.0
 21
7900.0
 31
0.0
  0
LINE
  5
223
330
17
100
AcDbEntity
  8
I-FLOOR-PAT
370
9
420
12754547
100
AcDbLine
 10
10520.0
 20
8650.0
 30
0.0
 11
10700.0
 21
8650.0
 31
0.0
  0
LINE
  5
224
330
17
100
AcDbEntity
  8
I-FLOOR-PAT
370
9
420
12754547
100
AcDbLine
 10
10880.0
 20
9050.0
 30
0.0
 11
10880.0
 21
8350.0
 31
0.0
  0
LINE
  5
225
330
17
100
AcDbEntity
  8
I-FLOOR-PAT
370
9
420
12754547
100
AcDbLine
 10
10700.0
 20
8250.0
 30
0.0
 11
10850.0
 21
8250.0
 31
0.0
  0
LINE
  5
226
330
17
100
AcDbEntity
  8
I-FLOOR-PAT
370
9
420
12754547
100
AcDbLine
 10
11060.0
 20
9050.0
 30
0.0
 11
11060.0
 21
8350.0
 31
0.0
  0
LINE
  5
227
330
17
100
AcDbEntity
  8
I-FLOOR-PAT
370
9
420
12754547
100
AcDbLine
 10
10880.0
 20
9050.0
 30
0.0
 11
11060.0
 21
9050.0
 31
0.0
  0
LINE
  5
228
330
17
100
AcDbEntity
  8
I-FLOOR-PAT
370
9
420
12754547
100
AcDbLine
 10
11240.0
 20
9050.0
 30
0.0
 11
11240.0
 21
8350.0
 31
0.0
  0
LINE
  5
229
330
17
100
AcDbEntity
  8
I-FLOOR-PAT
370
9
420
12754547
100
AcDbLine
 10
11060.0
 20
8650.0
 30
0.0
 11
11240.0
 21
8650.0
 31
0.0
  0
HATCH
  5
22A
330
17
100
AcDbEntity
  8
I-FLOOR
 62
7
420
12095334
100
AcDbHatch
 10
0.0
 20
0.0
 30
0.0
210
0.0
220
0.0
230
1.0
  2
SOLID
 70
1
 71
0
 91
1
 92
3
 72
0
 73
1
 93
9
 10
11350.0
 20
150.0
 10
11350.0
 20
1750.0
 10
10850.0
 20
1750.0
 10
10850.0
 20
1800.0
 10
9400.0
 20
1800.0
 10
8200.0
 20
1800.0
 10
8200.0
 20
300.0
 10
8450.0
 20
300.0
 10
8450.0
 20
150.0
 97
0
 75
1
 76
1
 98
0
  0
LINE
  5
22B
330
17
100
AcDbEntity
  8
I-FLOOR-PAT
370
9
420
9727564
100
AcDbLine
 10
8340.0
 20
1800.0
 30
0.0
 11
8340.0
 21
300.0
 31
0.0
  0
LINE
  5
22C
330
17
100
AcDbEntity
  8
I-FLOOR-PAT
370
9
420
9727564
100
AcDbLine
 10
8200.0
 20
1800.0
 30
0.0
 11
8340.0
 21
1800.0
 31
0.0
  0
LINE
  5
22D
330
17
100
AcDbEntity
  8
I-FLOOR-PAT
370
9
420
9727564
100
AcDbLine
 10
8200.0
 20
300.0
 30
0.0
 11
8340.0
 21
300.0
 31
0.0
  0
LINE
  5
22E
330
17
100
AcDbEntity
  8
I-FLOOR-PAT
370
9
420
9727564
100
AcDbLine
 10
8480.0
 20
1800.0
 30
0.0
 11
8480.0
 21
150.0
 31
0.0
  0
LINE
  5
22F
330
17
100
AcDbEntity
  8
I-FLOOR-PAT
370
9
420
9727564
100
AcDbLine
 10
8340.0
 20
1300.0
 30
0.0
 11
8480.0
 21
1300.0
 31
0.0
  0
LINE
  5
230
330
17
100
AcDbEntity
  8
I-FLOOR-PAT
370
9
420
9727564
100
AcDbLine
 10
8620.0
 20
1800.0
 30
0.0
 11
8620.0
 21
150.0
 31
0.0
  0
LINE
  5
231
330
17
100
AcDbEntity
  8
I-FLOOR-PAT
370
9
420
9727564
100
AcDbLine
 10
8480.0
 20
800.0
 30
0.0
 11
8620.0
 21
800.0
 31
0.0
  0
LINE
  5
232
330
17
100
AcDbEntity
  8
I-FLOOR-PAT
370
9
420
9727564
100
AcDbLine
 10
8760.0
 20
1800.0
 30
0.0
 11
8760.0
 21
150.0
 31
0.0
  0
LINE
  5
233
330
17
100
AcDbEntity
  8
I-FLOOR-PAT
370
9
420
9727564
100
AcDbLine
 10
8620.0
 20
1800.0
 30
0.0
 11
8760.0
 21
1800.0
 31
0.0
  0
LINE
  5
234
330
17
100
AcDbEntity
  8
I-FLOOR-PAT
370
9
420
9727564
100
AcDbLine
 10
8620.0
 20
300.0
 30
0.0
 11
8760.0
 21
300.0
 31
0.0
  0
LINE
  5
235
330
17
100
AcDbEntity
  8
I-FLOOR-PAT
370
9
420
9727564
100
AcDbLine
 10
8900.0
 20
1800.0
 30
0.0
 11
8900.0
 21
150.0
 31
0.0
  0
LINE
  5
236
330
17
100
AcDbEntity
  8
I-FLOOR-PAT
370
9
420
9727564
100
AcDbLine
 10
8760.0
 20
1300.0
 30
0.0
 11
8900.0
 21
1300.0
 31
0.0
  0
LINE
  5
237
330
17
100
AcDbEntity
  8
I-FLOOR-PAT
370
9
420
9727564
100
AcDbLine
 10
9040.0
 20
1800.0
 30
0.0
 11
9040.0
 21
150.0
 31
0.0
  0
LINE
  5
238
330
17
100
AcDbEntity
  8
I-FLOOR-PAT
370
9
420
9727564
100
AcDbLine
 10
8900.0
 20
800.0
 30
0.0
 11
9040.0
 21
800.0
 31
0.0
  0
LINE
  5
239
330
17
100
AcDbEntity
  8
I-FLOOR-PAT
370
9
420
9727564
100
AcDbLine
 10
9180.0
 20
1800.0
 30
0.0
 11
9180.0
 21
150.0
 31
0.0
  0
LINE
  5
23A
330
17
100
AcDbEntity
  8
I-FLOOR-PAT
370
9
420
9727564
100
AcDbLine
 10
9040.0
 20
1800.0
 30
0.0
 11
9180.0
 21
1800.0
 31
0.0
  0
LINE
  5
23B
330
17
100
AcDbEntity
  8
I-FLOOR-PAT
370
9
420
9727564
100
AcDbLine
 10
9040.0
 20
300.0
 30
0.0
 11
9180.0
 21
300.0
 31
0.0
  0
LINE
  5
23C
330
17
100
AcDbEntity
  8
I-FLOOR-PAT
370
9
420
9727564
100
AcDbLine
 10
9320.0
 20
1800.0
 30
0.0
 11
9320.0
 21
150.0
 31
0.0
  0
LINE
  5
23D
330
17
100
AcDbEntity
  8
I-FLOOR-PAT
370
9
420
9727564
100
AcDbLine
 10
9180.0
 20
1300.0
 30
0.0
 11
9320.0
 21
1300.0
 31
0.0
  0
LINE
  5
23E
330
17
100
AcDbEntity
  8
I-FLOOR-PAT
370
9
420
9727564
100
AcDbLine
 10
9460.0
 20
1800.0
 30
0.0
 11
9460.0
 21
150.0
 31
0.0
  0
LINE
  5
23F
330
17
100
AcDbEntity
  8
I-FLOOR-PAT
370
9
420
9727564
100
AcDbLine
 10
9320.0
 20
800.0
 30
0.0
 11
9460.0
 21
800.0
 31
0.0
  0
LINE
  5
240
330
17
100
AcDbEntity
  8
I-FLOOR-PAT
370
9
420
9727564
100
AcDbLine
 10
9600.0
 20
1800.0
 30
0.0
 11
9600.0
 21
150.0
 31
0.0
  0
LINE
  5
241
330
17
100
AcDbEntity
  8
I-FLOOR-PAT
370
9
420
9727564
100
AcDbLine
 10
9460.0
 20
1800.0
 30
0.0
 11
9600.0
 21
1800.0
 31
0.0
  0
LINE
  5
242
330
17
100
AcDbEntity
  8
I-FLOOR-PAT
370
9
420
9727564
100
AcDbLine
 10
9460.0
 20
300.0
 30
0.0
 11
9600.0
 21
300.0
 31
0.0
  0
LINE
  5
243
330
17
100
AcDbEntity
  8
I-FLOOR-PAT
370
9
420
9727564
100
AcDbLine
 10
9740.0
 20
1800.0
 30
0.0
 11
9740.0
 21
150.0
 31
0.0
  0
LINE
  5
244
330
17
100
AcDbEntity
  8
I-FLOOR-PAT
370
9
420
9727564
100
AcDbLine
 10
9600.0
 20
1300.0
 30
0.0
 11
9740.0
 21
1300.0
 31
0.0
  0
LINE
  5
245
330
17
100
AcDbEntity
  8
I-FLOOR-PAT
370
9
420
9727564
100
AcDbLine
 10
9880.0
 20
1800.0
 30
0.0
 11
9880.0
 21
150.0
 31
0.0
  0
LINE
  5
246
330
17
100
AcDbEntity
  8
I-FLOOR-PAT
370
9
420
9727564
100
AcDbLine
 10
9740.0
 20
800.0
 30
0.0
 11
9880.0
 21
800.0
 31
0.0
  0
LINE
  5
247
330
17
100
AcDbEntity
  8
I-FLOOR-PAT
370
9
420
9727564
100
AcDbLine
 10
10020.0
 20
1800.0
 30
0.0
 11
10020.0
 21
150.0
 31
0.0
  0
LINE
  5
248
330
17
100
AcDbEntity
  8
I-FLOOR-PAT
370
9
420
9727564
100
AcDbLine
 10
9880.0
 20
1800.0
 30
0.0
 11
10020.0
 21
1800.0
 31
0.0
  0
LINE
  5
249
330
17
100
AcDbEntity
  8
I-FLOOR-PAT
370
9
420
9727564
100
AcDbLine
 10
9880.0
 20
300.0
 30
0.0
 11
10020.0
 21
300.0
 31
0.0
  0
LINE
  5
24A
330
17
100
AcDbEntity
  8
I-FLOOR-PAT
370
9
420
9727564
100
AcDbLine
 10
10160.0
 20
1800.0
 30
0.0
 11
10160.0
 21
150.0
 31
0.0
  0
LINE
  5
24B
330
17
100
AcDbEntity
  8
I-FLOOR-PAT
370
9
420
9727564
100
AcDbLine
 10
10020.0
 20
1300.0
 30
0.0
 11
10160.0
 21
1300.0
 31
0.0
  0
LINE
  5
24C
330
17
100
AcDbEntity
  8
I-FLOOR-PAT
370
9
420
9727564
100
AcDbLine
 10
10300.0
 20
1800.0
 30
0.0
 11
10300.0
 21
150.0
 31
0.0
  0
LINE
  5
24D
330
17
100
AcDbEntity
  8
I-FLOOR-PAT
370
9
420
9727564
100
AcDbLine
 10
10160.0
 20
800.0
 30
0.0
 11
10300.0
 21
800.0
 31
0.0
  0
LINE
  5
24E
330
17
100
AcDbEntity
  8
I-FLOOR-PAT
370
9
420
9727564
100
AcDbLine
 10
10440.0
 20
1800.0
 30
0.0
 11
10440.0
 21
150.0
 31
0.0
  0
LINE
  5
24F
330
17
100
AcDbEntity
  8
I-FLOOR-PAT
370
9
420
9727564
100
AcDbLine
 10
10300.0
 20
1800.0
 30
0.0
 11
10440.0
 21
1800.0
 31
0.0
  0
LINE
  5
250
330
17
100
AcDbEntity
  8
I-FLOOR-PAT
370
9
420
9727564
100
AcDbLine
 10
10300.0
 20
300.0
 30
0.0
 11
10440.0
 21
300.0
 31
0.0
  0
LINE
  5
251
330
17
100
AcDbEntity
  8
I-FLOOR-PAT
370
9
420
9727564
100
AcDbLine
 10
10580.0
 20
1800.0
 30
0.0
 11
10580.0
 21
150.0
 31
0.0
  0
LINE
  5
252
330
17
100
AcDbEntity
  8
I-FLOOR-PAT
370
9
420
9727564
100
AcDbLine
 10
10440.0
 20
1300.0
 30
0.0
 11
10580.0
 21
1300.0
 31
0.0
  0
LINE
  5
253
330
17
100
AcDbEntity
  8
I-FLOOR-PAT
370
9
420
9727564
100
AcDbLine
 10
10720.0
 20
1800.0
 30
0.0
 11
10720.0
 21
150.0
 31
0.0
  0
LINE
  5
254
330
17
100
AcDbEntity
  8
I-FLOOR-PAT
370
9
420
9727564
100
AcDbLine
 10
10580.0
 20
800.0
 30
0.0
 11
10720.0
 21
800.0
 31
0.0
  0
LINE
  5
255
330
17
100
AcDbEntity
  8
I-FLOOR-PAT
370
9
420
9727564
100
AcDbLine
 10
10860.0
 20
1750.0
 30
0.0
 11
10860.0
 21
150.0
 31
0.0
  0
LINE
  5
256
330
17
100
AcDbEntity
  8
I-FLOOR-PAT
370
9
420
9727564
100
AcDbLine
 10
10720.0
 20
1800.0
 30
0.0
 11
10850.0
 21
1800.0
 31
0.0
  0
LINE
  5
257
330
17
100
AcDbEntity
  8
I-FLOOR-PAT
370
9
420
9727564
100
AcDbLine
 10
10720.0
 20
300.0
 30
0.0
 11
10860.0
 21
300.0
 31
0.0
  0
LINE
  5
258
330
17
100
AcDbEntity
  8
I-FLOOR-PAT
370
9
420
9727564
100
AcDbLine
 10
11000.0
 20
1750.0
 30
0.0
 11
11000.0
 21
150.0
 31
0.0
  0
LINE
  5
259
330
17
100
AcDbEntity
  8
I-FLOOR-PAT
370
9
420
9727564
100
AcDbLine
 10
10860.0
 20
1300.0
 30
0.0
 11
11000.0
 21
1300.0
 31
0.0
  0
LINE
  5
25A
330
17
100
AcDbEntity
  8
I-FLOOR-PAT
370
9
420
9727564
100
AcDbLine
 10
11140.0
 20
1750.0
 30
0.0
 11
11140.0
 21
150.0
 31
0.0
  0
LINE
  5
25B
330
17
100
AcDbEntity
  8
I-FLOOR-PAT
370
9
420
9727564
100
AcDbLine
 10
11000.0
 20
800.0
 30
0.0
 11
11140.0
 21
800.0
 31
0.0
  0
LINE
  5
25C
330
17
100
AcDbEntity
  8
I-FLOOR-PAT
370
9
420
9727564
100
AcDbLine
 10
11280.0
 20
1750.0
 30
0.0
 11
11280.0
 21
150.0
 31
0.0
  0
LINE
  5
25D
330
17
100
AcDbEntity
  8
I-FLOOR-PAT
370
9
420
9727564
100
AcDbLine
 10
11140.0
 20
300.0
 30
0.0
 11
11280.0
 21
300.0
 31
0.0
  0
HATCH
  5
25E
330
17
100
AcDbEntity
  8
I-FLOOR
 62
7
420
14598036
100
AcDbHatch
 10
0.0
 20
0.0
 30
0.0
210
0.0
220
0.0
230
1.0
  2
SOLID
 70
1
 71
0
 91
1
 92
3
 72
0
 73
1
 93
4
 10
7041.898628384834
 20
11233.370490960977
 10
6476.213203435596
 20
11799.055915910216
 10
6285.294372515229
 20
11608.137084989849
 10
6850.979797464466
 20
11042.45166004061
 97
0
 75
1
 76
1
 98
0
  0
HATCH
  5
25F
330
17
100
AcDbEntity
  8
I-FLOOR
 62
7
420
14598036
100
AcDbHatch
 10
0.0
 20
0.0
 30
0.0
210
0.0
220
0.0
230
1.0
  2
SOLID
 70
1
 71
0
 91
1
 92
3
 72
0
 73
1
 93
4
 10
5100.0
 20
10850.0
 10
4900.0
 20
10850.0
 10
4900.0
 20
10150.0
 10
5100.0
 20
10150.0
 97
0
 75
1
 76
1
 98
0
  0
HATCH
  5
260
330
17
100
AcDbEntity
  8
I-FLOOR
 62
7
420
14598036
100
AcDbHatch
 10
0.0
 20
0.0
 30
0.0
210
0.0
220
0.0
230
1.0
  2
SOLID
 70
1
 71
0
 91
1
 92
3
 72
0
 73
1
 93
4
 10
9450.0
 20
7900.0
 10
8750.0
 20
7900.0
 10
8750.0
 20
7800.0
 10
9450.0
 20
7800.0
 97
0
 75
1
 76
1
 98
0
  0
HATCH
  5
261
330
17
100
AcDbEntity
  8
I-FLOOR
 62
7
420
14598036
100
AcDbHatch
 10
0.0
 20
0.0
 30
0.0
210
0.0
220
0.0
230
1.0
  2
SOLID
 70
1
 71
0
 91
1
 92
3
 72
0
 73
1
 93
4
 10
10800.0
 20
7800.0
 10
10800.0
 20
7900.0
 10
10100.0
 20
7900.0
 10
10100.0
 20
7800.0
 97
0
 75
1
 76
1
 98
0
  0
HATCH
  5
262
330
17
100
AcDbEntity
  8
I-FLOOR
 62
7
420
14598036
100
AcDbHatch
 10
0.0
 20
0.0
 30
0.0
210
0.0
220
0.0
230
1.0
  2
SOLID
 70
1
 71
0
 91
1
 92
3
 72
0
 73
1
 93
4
 10
8200.0
 20
7050.0
 10
8000.0
 20
7050.0
 10
8000.0
 20
6250.0
 10
8200.0
 20
6250.0
 97
0
 75
1
 76
1
 98
0
  0
HATCH
  5
263
330
17
100
AcDbEntity
  8
I-FLOOR
 62
7
420
14598036
100
AcDbHatch
 10
0.0
 20
0.0
 30
0.0
210
0.0
220
0.0
230
1.0
  2
SOLID
 70
1
 71
0
 91
1
 92
3
 72
0
 73
1
 93
4
 10
8200.0
 20
1400.0
 10
8000.0
 20
1400.0
 10
8000.0
 20
600.0
 10
8200.0
 20
600.0
 97
0
 75
1
 76
1
 98
0
  0
CIRCLE
  5
264
330
17
100
AcDbEntity
  8
I-RUG
370
13
420
14260653
100
AcDbCircle
 10
7450.0
 20
12500.0
 30
0.0
 40
600.0
  0
HATCH
  5
265
330
17
100
AcDbEntity
  8
I-RUG
 62
7
420
16439008
100
AcDbHatch
 10
0.0
 20
0.0
 30
0.0
210
0.0
220
0.0
230
1.0
  2
SOLID
 70
1
 71
0
 91
1
 92
1
 93
1
 72
2
 10
7450.0
 20
12500.0
 40
600
 50
0
 51
360
 73
1
 97
0
 75
1
 76
1
 98
0
  0
CIRCLE
  5
266
330
17
100
AcDbEntity
  8
I-RUG
370
13
420
15119042
100
AcDbCircle
 10
7450.0
 20
12500.0
 30
0.0
 40
470.0
  0
CIRCLE
  5
267
330
17
100
AcDbEntity
  8
I-RUG
370
13
420
8431833
100
AcDbCircle
 10
9750.0
 20
12250.0
 30
0.0
 40
560.0
  0
HATCH
  5
268
330
17
100
AcDbEntity
  8
I-RUG
 62
7
420
13098743
100
AcDbHatch
 10
0.0
 20
0.0
 30
0.0
210
0.0
220
0.0
230
1.0
  2
SOLID
 70
1
 71
0
 91
1
 92
1
 93
1
 72
2
 10
9750.0
 20
12250.0
 40
560
 50
0
 51
360
 73
1
 97
0
 75
1
 76
1
 98
0
  0
CIRCLE
  5
269
330
17
100
AcDbEntity
  8
I-RUG
370
13
420
10076134
100
AcDbCircle
 10
9750.0
 20
12250.0
 30
0.0
 40
430.0
  0
LWPOLYLINE
  5
26A
330
17
100
AcDbEntity
  8
I-RUG
370
13
420
11048053
100
AcDbPolyline
 90
28
 70
1
 10
7390.0
 20
6600.0
 10
7405.529142706151
 20
6597.955549577344
 10
7420.0
 20
6591.961524227067
 10
7432.426406871193
 20
6582.426406871193
 10
7441.961524227067
 20
6570.0
 10
7447.955549577344
 20
6555.529142706151
 10
7450.0
 20
6540.0
 10
7450.0
 20
5260.0
 10
7447.955549577344
 20
5244.470857293849
 10
7441.961524227067
 20
5230.0
 10
7432.426406871193
 20
5217.573593128807
 10
7420.0
 20
5208.038475772933
 10
7405.529142706151
 20
5202.044450422656
 10
7390.0
 20
5200.0
 10
6160.0
 20
5200.0
 10
6144.470857293849
 20
5202.044450422656
 10
6130.0
 20
5208.038475772933
 10
6117.573593128807
 20
5217.573593128807
 10
6108.038475772933
 20
5230.0
 10
6102.044450422656
 20
5244.470857293849
 10
6100.0
 20
5260.0
 10
6100.0
 20
6540.0
 10
6102.044450422656
 20
6555.529142706151
 10
6108.038475772933
 20
6570.0
 10
6117.573593128807
 20
6582.426406871193
 10
6130.0
 20
6591.961524227067
 10
6144.470857293849
 20
6597.955549577344
 10
6160.0
 20
6600.0
  0
HATCH
  5
26B
330
17
100
AcDbEntity
  8
I-RUG
 62
7
420
14075048
100
AcDbHatch
 10
0.0
 20
0.0
 30
0.0
210
0.0
220
0.0
230
1.0
  2
SOLID
 70
1
 71
0
 91
1
 92
3
 72
0
 73
1
 93
28
 10
7390.0
 20
6600.0
 10
7405.529142706151
 20
6597.955549577344
 10
7420.0
 20
6591.961524227067
 10
7432.426406871193
 20
6582.426406871193
 10
7441.961524227067
 20
6570.0
 10
7447.955549577344
 20
6555.529142706151
 10
7450.0
 20
6540.0
 10
7450.0
 20
5260.0
 10
7447.955549577344
 20
5244.470857293849
 10
7441.961524227067
 20
5230.0
 10
7432.426406871193
 20
5217.573593128807
 10
7420.0
 20
5208.038475772933
 10
7405.529142706151
 20
5202.044450422656
 10
7390.0
 20
5200.0
 10
6160.0
 20
5200.0
 10
6144.470857293849
 20
5202.044450422656
 10
6130.0
 20
5208.038475772933
 10
6117.573593128807
 20
5217.573593128807
 10
6108.038475772933
 20
5230.0
 10
6102.044450422656
 20
5244.470857293849
 10
6100.0
 20
5260.0
 10
6100.0
 20
6540.0
 10
6102.044450422656
 20
6555.529142706151
 10
6108.038475772933
 20
6570.0
 10
6117.573593128807
 20
6582.426406871193
 10
6130.0
 20
6591.961524227067
 10
6144.470857293849
 20
6597.955549577344
 10
6160.0
 20
6600.0
 97
0
 75
1
 76
1
 98
0
  0
LWPOLYLINE
  5
26C
330
17
100
AcDbEntity
  8
I-RUG
370
13
420
12100485
100
AcDbPolyline
 90
28
 70
1
 10
7330.0
 20
6520.0
 10
7340.352761804101
 20
6518.637033051563
 10
7350.0
 20
6514.641016151378
 10
7358.284271247462
 20
6508.284271247462
 10
7364.641016151378
 20
6500.0
 10
7368.637033051563
 20
6490.352761804101
 10
7370.0
 20
6480.0
 10
7370.0
 20
5320.0
 10
7368.637033051563
 20
5309.647238195899
 10
7364.641016151378
 20
5300.0
 10
7358.284271247462
 20
5291.715728752539
 10
7350.0
 20
5285.358983848622
 10
7340.352761804101
 20
5281.362966948438
 10
7330.0
 20
5280.0
 10
6220.0
 20
5280.0
 10
6209.647238195899
 20
5281.362966948438
 10
6200.0
 20
5285.358983848622
 10
6191.715728752538
 20
5291.715728752539
 10
6185.358983848622
 20
5300.0
 10
6181.362966948437
 20
5309.647238195899
 10
6180.0
 20
5320.0
 10
6180.0
 20
6480.0
 10
6181.362966948437
 20
6490.352761804101
 10
6185.358983848622
 20
6500.0
 10
6191.715728752538
 20
6508.284271247462
 10
6200.0
 20
6514.641016151378
 10
6209.647238195899
 20
6518.637033051563
 10
6220.0
 20
6520.0
  0
LWPOLYLINE
  5
26D
330
17
100
AcDbEntity
  8
I-RUG
370
13
420
10395289
100
AcDbPolyline
 90
4
 70
1
 10
8750.0
 20
5300.0
 10
10800.0
 20
5300.0
 10
10800.0
 20
2550.0
 10
8750.0
 20
2550.0
  0
HATCH
  5
26E
330
17
100
AcDbEntity
  8
I-RUG
 62
7
420
13421767
100
AcDbHatch
 10
0.0
 20
0.0
 30
0.0
210
0.0
220
0.0
230
1.0
  2
SOLID
 70
1
 71
0
 91
1
 92
3
 72
0
 73
1
 93
4
 10
8750.0
 20
5300.0
 10
10800.0
 20
5300.0
 10
10800.0
 20
2550.0
 10
8750.0
 20
2550.0
 97
0
 75
1
 76
1
 98
0
  0
LWPOLYLINE
  5
26F
330
17
100
AcDbEntity
  8
I-RUG
370
13
420
4987428
100
AcDbPolyline
 90
28
 70
1
 10
7590.0
 20
3200.0
 10
7605.529142706151
 20
3197.955549577344
 10
7620.0
 20
3191.9615242270665
 10
7632.426406871193
 20
3182.4264068711927
 10
7641.961524227067
 20
3170.0
 10
7647.955549577344
 20
3155.529142706151
 10
7650.0
 20
3140.0
 10
7650.0
 20
1710.0
 10
7647.955549577344
 20
1694.470857293849
 10
7641.961524227067
 20
1680.0
 10
7632.426406871193
 20
1667.5735931288073
 10
7620.0
 20
1658.0384757729335
 10
7605.529142706151
 20
1652.0444504226562
 10
7590.0
 20
1650.0
 10
5510.0
 20
1650.0
 10
5494.470857293849
 20
1652.0444504226562
 10
5480.0
 20
1658.0384757729335
 10
5467.573593128807
 20
1667.5735931288073
 10
5458.038475772933
 20
1680.0
 10
5452.044450422656
 20
1694.470857293849
 10
5450.0
 20
1710.0
 10
5450.0
 20
3140.0
 10
5452.044450422656
 20
3155.529142706151
 10
5458.038475772933
 20
3170.0
 10
5467.573593128807
 20
3182.4264068711927
 10
5480.0
 20
3191.9615242270665
 10
5494.470857293849
 20
3197.955549577344
 10
5510.0
 20
3200.0
  0
HATCH
  5
270
330
17
100
AcDbEntity
  8
I-RUG
 62
7
420
6696504
100
AcDbHatch
 10
0.0
 20
0.0
 30
0.0
210
0.0
220
0.0
230
1.0
  2
SOLID
 70
1
 71
0
 91
1
 92
3
 72
0
 73
1
 93
28
 10
7590.0
 20
3200.0
 10
7605.529142706151
 20
3197.955549577344
 10
7620.0
 20
3191.9615242270665
 10
7632.426406871193
 20
3182.4264068711927
 10
7641.961524227067
 20
3170.0
 10
7647.955549577344
 20
3155.529142706151
 10
7650.0
 20
3140.0
 10
7650.0
 20
1710.0
 10
7647.955549577344
 20
1694.470857293849
 10
7641.961524227067
 20
1680.0
 10
7632.426406871193
 20
1667.5735931288073
 10
7620.0
 20
1658.0384757729335
 10
7605.529142706151
 20
1652.0444504226562
 10
7590.0
 20
1650.0
 10
5510.0
 20
1650.0
 10
5494.470857293849
 20
1652.0444504226562
 10
5480.0
 20
1658.0384757729335
 10
5467.573593128807
 20
1667.5735931288073
 10
5458.038475772933
 20
1680.0
 10
5452.044450422656
 20
1694.470857293849
 10
5450.0
 20
1710.0
 10
5450.0
 20
3140.0
 10
5452.044450422656
 20
3155.529142706151
 10
5458.038475772933
 20
3170.0
 10
5467.573593128807
 20
3182.4264068711927
 10
5480.0
 20
3191.9615242270665
 10
5494.470857293849
 20
3197.955549577344
 10
5510.0
 20
3200.0
 97
0
 75
1
 76
1
 98
0
  0
LWPOLYLINE
  5
271
330
17
100
AcDbEntity
  8
I-RUG
370
13
420
6710891
100
AcDbPolyline
 90
4
 70
1
 10
1250.0
 20
13700.0
 10
1750.0
 20
13700.0
 10
1750.0
 20
13000.0
 10
1250.0
 20
13000.0
  0
HATCH
  5
272
330
17
100
AcDbEntity
  8
I-RUG
 62
7
420
9211025
100
AcDbHatch
 10
0.0
 20
0.0
 30
0.0
210
0.0
220
0.0
230
1.0
  2
SOLID
 70
1
 71
0
 91
1
 92
3
 72
0
 73
1
 93
4
 10
1250.0
 20
13700.0
 10
1750.0
 20
13700.0
 10
1750.0
 20
13000.0
 10
1250.0
 20
13000.0
 97
0
 75
1
 76
1
 98
0
  0
LWPOLYLINE
  5
273
330
17
100
AcDbEntity
  8
I-FURN
370
13
420
5000274
100
AcDbPolyline
 90
4
 70
1
 10
2200.0
 20
14150.0
 10
3400.0
 20
14150.0
 10
3400.0
 20
13770.0
 10
2200.0
 20
13770.0
  0
HATCH
  5
274
330
17
100
AcDbEntity
  8
I-FURN
 62
7
420
7886656
100
AcDbHatch
 10
0.0
 20
0.0
 30
0.0
210
0.0
220
0.0
230
1.0
  2
SOLID
 70
1
 71
0
 91
1
 92
3
 72
0
 73
1
 93
4
 10
2200.0
 20
14150.0
 10
3400.0
 20
14150.0
 10
3400.0
 20
13770.0
 10
2200.0
 20
13770.0
 97
0
 75
1
 76
1
 98
0
  0
LWPOLYLINE
  5
275
330
17
100
AcDbEntity
  8
I-FURN
370
13
420
8418150
100
AcDbPolyline
 90
28
 70
1
 10
3290.0
 20
14090.0
 10
3305.529142706151
 20
14087.955549577344
 10
3320.0
 20
14081.961524227067
 10
3332.4264068711927
 20
14072.426406871193
 10
3341.9615242270665
 20
14060.0
 10
3347.955549577344
 20
14045.529142706151
 10
3350.0
 20
14030.0
 10
3350.0
 20
13880.0
 10
3347.955549577344
 20
13864.470857293849
 10
3341.9615242270665
 20
13850.0
 10
3332.4264068711927
 20
13837.573593128807
 10
3320.0
 20
13828.038475772933
 10
3305.529142706151
 20
13822.044450422656
 10
3290.0
 20
13820.0
 10
2310.0
 20
13820.0
 10
2294.470857293849
 20
13822.044450422656
 10
2280.0
 20
13828.038475772933
 10
2267.5735931288073
 20
13837.573593128807
 10
2258.0384757729335
 20
13850.0
 10
2252.0444504226557
 20
13864.470857293849
 10
2250.0
 20
13880.0
 10
2250.0
 20
14030.0
 10
2252.0444504226557
 20
14045.529142706151
 10
2258.038475772934
 20
14060.0
 10
2267.5735931288073
 20
14072.426406871193
 10
2280.0
 20
14081.961524227067
 10
2294.470857293849
 20
14087.955549577344
 10
2310.0
 20
14090.0
  0
HATCH
  5
276
330
17
100
AcDbEntity
  8
I-FURN
 62
7
420
13416601
100
AcDbHatch
 10
0.0
 20
0.0
 30
0.0
210
0.0
220
0.0
230
1.0
  2
SOLID
 70
1
 71
0
 91
1
 92
3
 72
0
 73
1
 93
28
 10
3290.0
 20
14090.0
 10
3305.529142706151
 20
14087.955549577344
 10
3320.0
 20
14081.961524227067
 10
3332.4264068711927
 20
14072.426406871193
 10
3341.9615242270665
 20
14060.0
 10
3347.955549577344
 20
14045.529142706151
 10
3350.0
 20
14030.0
 10
3350.0
 20
13880.0
 10
3347.955549577344
 20
13864.470857293849
 10
3341.9615242270665
 20
13850.0
 10
3332.4264068711927
 20
13837.573593128807
 10
3320.0
 20
13828.038475772933
 10
3305.529142706151
 20
13822.044450422656
 10
3290.0
 20
13820.0
 10
2310.0
 20
13820.0
 10
2294.470857293849
 20
13822.044450422656
 10
2280.0
 20
13828.038475772933
 10
2267.5735931288073
 20
13837.573593128807
 10
2258.0384757729335
 20
13850.0
 10
2252.0444504226557
 20
13864.470857293849
 10
2250.0
 20
13880.0
 10
2250.0
 20
14030.0
 10
2252.0444504226557
 20
14045.529142706151
 10
2258.038475772934
 20
14060.0
 10
2267.5735931288073
 20
14072.426406871193
 10
2280.0
 20
14081.961524227067
 10
2294.470857293849
 20
14087.955549577344
 10
2310.0
 20
14090.0
 97
0
 75
1
 76
1
 98
0
  0
LWPOLYLINE
  5
277
330
17
100
AcDbEntity
  8
I-FURN
370
13
420
8424601
100
AcDbPolyline
 90
4
 70
1
 10
1220.0
 20
12650.0
 10
1280.0
 20
12650.0
 10
1280.0
 20
12200.0
 10
1220.0
 20
12200.0
  0
HATCH
  5
278
330
17
100
AcDbEntity
  8
I-FURN
 62
7
420
14280434
100
AcDbHatch
 10
0.0
 20
0.0
 30
0.0
210
0.0
220
0.0
230
1.0
  2
SOLID
 70
1
 71
0
 91
1
 92
3
 72
0
 73
1
 93
4
 10
1220.0
 20
12650.0
 10
1280.0
 20
12650.0
 10
1280.0
 20
12200.0
 10
1220.0
 20
12200.0
 97
0
 75
1
 76
1
 98
0
  0
CIRCLE
  5
279
330
17
100
AcDbEntity
  8
I-PLANT
370
13
420
3698749
100
AcDbCircle
 10
3800.0
 20
13750.0
 30
0.0
 40
260.0
  0
HATCH
  5
27A
330
17
100
AcDbEntity
  8
I-PLANT
 62
7
420
6068572
100
AcDbHatch
 10
0.0
 20
0.0
 30
0.0
210
0.0
220
0.0
230
1.0
  2
SOLID
 70
1
 71
0
 91
1
 92
1
 93
1
 72
2
 10
3800.0
 20
13750.0
 40
260
 50
0
 51
360
 73
1
 97
0
 75
1
 76
1
 98
0
  0
LWPOLYLINE
  5
27B
330
17
100
AcDbEntity
  8
I-PLANT
370
9
420
3698749
100
AcDbPolyline
 90
48
 70
1
 10
4024.4225071024284
 20
13729.683163212969
 10
4023.4882859644486
 20
13722.217065017981
 10
4020.7016073331947
 20
13714.878713833104
 10
4016.110152052661
 20
13707.793670881685
 10
4009.792481195689
 20
13701.083163212968
 10
4001.856691862231
 20
13694.86200947367
 10
3992.438567607999
 20
13689.2366553291
 10
3981.6992551501808
 20
13684.30335214831
 10
3969.822507102428
 20
13680.1465101165
 10
3957.0115379166964
 20
13676.837253953323
 10
3943.4855468276237
 20
13674.432205949235
 10
3929.475967292858
 20
13672.972517142387
 10
3915.2225071024286
 20
13672.48316321297
 10
3900.9690469119987
 20
13672.972517142387
 10
3886.959467377233
 20
13674.432205949235
 10
3873.433476288161
 20
13676.837253953323
 10
3860.6225071024282
 20
13680.1465101165
 10
3848.745759054676
 20
13684.30335214831
 10
3838.006446596857
 20
13689.2366553291
 10
3828.5883223426254
 20
13694.86200947367
 10
3820.6525330091677
 20
13701.083163212968
 10
3814.334862152196
 20
13707.793670881685
 10
3809.743406871662
 20
13714.878713833104
 10
3806.956728240408
 20
13722.217065017981
 10
3806.0225071024283
 20
13729.683163212969
 10
3806.956728240408
 20
13737.149261407956
 10
3809.743406871662
 20
13744.487612592833
 10
3814.334862152196
 20
13751.572655544252
 10
3820.6525330091677
 20
13758.28316321297
 10
3828.5883223426254
 20
13764.504316952269
 10
3838.006446596857
 20
13770.12967109684
 10
3848.745759054676
 20
13775.062974277627
 10
3860.6225071024282
 20
13779.21981630944
 10
3873.433476288161
 20
13782.529072472615
 10
3886.959467377233
 20
13784.934120476704
 10
3900.9690469119987
 20
13786.39380928355
 10
3915.2225071024286
 20
13786.88316321297
 10
3929.475967292858
 20
13786.39380928355
 10
3943.4855468276237
 20
13784.934120476704
 10
3957.0115379166964
 20
13782.529072472615
 10
3969.822507102428
 20
13779.21981630944
 10
3981.6992551501808
 20
13775.062974277627
 10
3992.438567607999
 20
13770.12967109684
 10
4001.856691862231
 20
13764.504316952269
 10
4009.792481195689
 20
13758.28316321297
 10
4016.110152052661
 20
13751.572655544252
 10
4020.7016073331947
 20
13744.487612592833
 10
4023.4882859644486
 20
13737.149261407956
  0
HATCH
  5
27C
330
17
100
AcDbEntity
  8
I-PLANT
 62
7
420
7582315
100
AcDbHatch
 10
0.0
 20
0.0
 30
0.0
210
0.0
220
0.0
230
1.0
  2
SOLID
 70
1
 71
0
 91
1
 92
3
 72
0
 73
1
 93
48
 10
4024.4225071024284
 20
13729.683163212969
 10
4023.4882859644486
 20
13722.217065017981
 10
4020.7016073331947
 20
13714.878713833104
 10
4016.110152052661
 20
13707.793670881685
 10
4009.792481195689
 20
13701.083163212968
 10
4001.856691862231
 20
13694.86200947367
 10
3992.438567607999
 20
13689.2366553291
 10
3981.6992551501808
 20
13684.30335214831
 10
3969.822507102428
 20
13680.1465101165
 10
3957.0115379166964
 20
13676.837253953323
 10
3943.4855468276237
 20
13674.432205949235
 10
3929.475967292858
 20
13672.972517142387
 10
3915.2225071024286
 20
13672.48316321297
 10
3900.9690469119987
 20
13672.972517142387
 10
3886.959467377233
 20
13674.432205949235
 10
3873.433476288161
 20
13676.837253953323
 10
3860.6225071024282
 20
13680.1465101165
 10
3848.745759054676
 20
13684.30335214831
 10
3838.006446596857
 20
13689.2366553291
 10
3828.5883223426254
 20
13694.86200947367
 10
3820.6525330091677
 20
13701.083163212968
 10
3814.334862152196
 20
13707.793670881685
 10
3809.743406871662
 20
13714.878713833104
 10
3806.956728240408
 20
13722.217065017981
 10
3806.0225071024283
 20
13729.683163212969
 10
3806.956728240408
 20
13737.149261407956
 10
3809.743406871662
 20
13744.487612592833
 10
3814.334862152196
 20
13751.572655544252
 10
3820.6525330091677
 20
13758.28316321297
 10
3828.5883223426254
 20
13764.504316952269
 10
3838.006446596857
 20
13770.12967109684
 10
3848.745759054676
 20
13775.062974277627
 10
3860.6225071024282
 20
13779.21981630944
 10
3873.433476288161
 20
13782.529072472615
 10
3886.959467377233
 20
13784.934120476704
 10
3900.9690469119987
 20
13786.39380928355
 10
3915.2225071024286
 20
13786.88316321297
 10
3929.475967292858
 20
13786.39380928355
 10
3943.4855468276237
 20
13784.934120476704
 10
3957.0115379166964
 20
13782.529072472615
 10
3969.822507102428
 20
13779.21981630944
 10
3981.6992551501808
 20
13775.062974277627
 10
3992.438567607999
 20
13770.12967109684
 10
4001.856691862231
 20
13764.504316952269
 10
4009.792481195689
 20
13758.28316321297
 10
4016.110152052661
 20
13751.572655544252
 10
4020.7016073331947
 20
13744.487612592833
 10
4023.4882859644486
 20
13737.149261407956
 97
0
 75
1
 76
1
 98
0
  0
LWPOLYLINE
  5
27D
330
17
100
AcDbEntity
  8
I-PLANT
370
9
420
3698749
100
AcDbPolyline
 90
48
 70
1
 10
3965.155715498694
 20
13647.248075915682
 10
3964.221494360714
 20
13639.781977720697
 10
3961.4348157294608
 20
13632.44362653582
 10
3956.8433604489264
 20
13625.3585835844
 10
3950.5256895919547
 20
13618.648075915684
 10
3942.589900258497
 20
13612.426922176384
 10
3933.171776004265
 20
13606.801568031813
 10
3922.4324635464463
 20
13601.868264851024
 10
3910.555715498694
 20
13597.711422819213
 10
3897.744746312962
 20
13594.402166656038
 10
3884.2187552238893
 20
13591.997118651949
 10
3870.209175689124
 20
13590.5374298451
 10
3855.955715498694
 20
13590.048075915684
 10
3841.7022553082643
 20
13590.5374298451
 10
3827.692675773499
 20
13591.997118651949
 10
3814.1666846844264
 20
13594.402166656038
 10
3801.3557154986943
 20
13597.711422819213
 10
3789.478967450942
 20
13601.868264851024
 10
3778.739654993123
 20
13606.801568031813
 10
3769.3215307388914
 20
13612.426922176384
 10
3761.3857414054337
 20
13618.648075915684
 10
3755.068070548462
 20
13625.3585835844
 10
3750.4766152679276
 20
13632.44362653582
 10
3747.6899366366742
 20
13639.781977720697
 10
3746.7557154986944
 20
13647.248075915682
 10
3747.6899366366742
 20
13654.71417411067
 10
3750.4766152679276
 20
13662.052525295547
 10
3755.068070548462
 20
13669.137568246966
 10
3761.3857414054337
 20
13675.848075915683
 10
3769.3215307388914
 20
13682.069229654982
 10
3778.739654993123
 20
13687.694583799554
 10
3789.478967450942
 20
13692.627886980343
 10
3801.355715498694
 20
13696.784729012154
 10
3814.1666846844264
 20
13700.093985175328
 10
3827.692675773499
 20
13702.499033179418
 10
3841.7022553082643
 20
13703.958721986266
 10
3855.955715498694
 20
13704.448075915683
 10
3870.209175689124
 20
13703.958721986266
 10
3884.2187552238893
 20
13702.499033179418
 10
3897.744746312962
 20
13700.093985175328
 10
3910.555715498694
 20
13696.784729012154
 10
3922.4324635464463
 20
13692.627886980343
 10
3933.171776004265
 20
13687.694583799554
 10
3942.589900258497
 20
13682.069229654982
 10
3950.5256895919547
 20
13675.848075915683
 10
3956.8433604489264
 20
13669.137568246966
 10
3961.4348157294608
 20
13662.052525295547
 10
3964.221494360714
 20
13654.71417411067
  0
HATCH
  5
27E
330
17
100
AcDbEntity
  8
I-PLANT
 62
7
420
7582315
100
AcDbHatch
 10
0.0
 20
0.0
 30
0.0
210
0.0
220
0.0
230
1.0
  2
SOLID
 70
1
 71
0
 91
1
 92
3
 72
0
 73
1
 93
48
 10
3965.155715498694
 20
13647.248075915682
 10
3964.221494360714
 20
13639.781977720697
 10
3961.4348157294608
 20
13632.44362653582
 10
3956.8433604489264
 20
13625.3585835844
 10
3950.5256895919547
 20
13618.648075915684
 10
3942.589900258497
 20
13612.426922176384
 10
3933.171776004265
 20
13606.801568031813
 10
3922.4324635464463
 20
13601.868264851024
 10
3910.555715498694
 20
13597.711422819213
 10
3897.744746312962
 20
13594.402166656038
 10
3884.2187552238893
 20
13591.997118651949
 10
3870.209175689124
 20
13590.5374298451
 10
3855.955715498694
 20
13590.048075915684
 10
3841.7022553082643
 20
13590.5374298451
 10
3827.692675773499
 20
13591.997118651949
 10
3814.1666846844264
 20
13594.402166656038
 10
3801.3557154986943
 20
13597.711422819213
 10
3789.478967450942
 20
13601.868264851024
 10
3778.739654993123
 20
13606.801568031813
 10
3769.3215307388914
 20
13612.426922176384
 10
3761.3857414054337
 20
13618.648075915684
 10
3755.068070548462
 20
13625.3585835844
 10
3750.4766152679276
 20
13632.44362653582
 10
3747.6899366366742
 20
13639.781977720697
 10
3746.7557154986944
 20
13647.248075915682
 10
3747.6899366366742
 20
13654.71417411067
 10
3750.4766152679276
 20
13662.052525295547
 10
3755.068070548462
 20
13669.137568246966
 10
3761.3857414054337
 20
13675.848075915683
 10
3769.3215307388914
 20
13682.069229654982
 10
3778.739654993123
 20
13687.694583799554
 10
3789.478967450942
 20
13692.627886980343
 10
3801.355715498694
 20
13696.784729012154
 10
3814.1666846844264
 20
13700.093985175328
 10
3827.692675773499
 20
13702.499033179418
 10
3841.7022553082643
 20
13703.958721986266
 10
3855.955715498694
 20
13704.448075915683
 10
3870.209175689124
 20
13703.958721986266
 10
3884.2187552238893
 20
13702.499033179418
 10
3897.744746312962
 20
13700.093985175328
 10
3910.555715498694
 20
13696.784729012154
 10
3922.4324635464463
 20
13692.627886980343
 10
3933.171776004265
 20
13687.694583799554
 10
3942.589900258497
 20
13682.069229654982
 10
3950.5256895919547
 20
13675.848075915683
 10
3956.8433604489264
 20
13669.137568246966
 10
3961.4348157294608
 20
13662.052525295547
 10
3964.221494360714
 20
13654.71417411067
 97
0
 75
1
 76
1
 98
0
  0
LWPOLYLINE
  5
27F
330
17
100
AcDbEntity
  8
I-PLANT
370
9
420
3698749
100
AcDbPolyline
 90
48
 70
1
 10
3863.7531288358605
 20
13642.187283211162
 10
3862.8189076978806
 20
13634.721185016175
 10
3860.032229066627
 20
13627.382833831298
 10
3855.440773786093
 20
13620.297790879878
 10
3849.123102929121
 20
13613.587283211162
 10
3841.1873135956635
 20
13607.366129471864
 10
3831.7691893414317
 20
13601.740775327291
 10
3821.029876883613
 20
13596.807472146504
 10
3809.1531288358606
 20
13592.650630114693
 10
3796.3421596501285
 20
13589.341373951516
 10
3782.8161685610557
 20
13586.936325947427
 10
3768.8065890262906
 20
13585.47663714058
 10
3754.5531288358607
 20
13584.987283211161
 10
3740.2996686454308
 20
13585.47663714058
 10
3726.2900891106656
 20
13586.936325947427
 10
3712.764098021593
 20
13589.341373951516
 10
3699.9531288358608
 20
13592.650630114693
 10
3688.0763807881085
 20
13596.807472146504
 10
3677.3370683302896
 20
13601.740775327291
 10
3667.918944076058
 20
13607.366129471864
 10
3659.9831547426
 20
13613.587283211162
 10
3653.6654838856284
 20
13620.297790879878
 10
3649.074028605094
 20
13627.382833831298
 10
3646.2873499738407
 20
13634.721185016175
 10
3645.353128835861
 20
13642.187283211162
 10
3646.2873499738407
 20
13649.65338140615
 10
3649.074028605094
 20
13656.991732591026
 10
3653.6654838856284
 20
13664.076775542446
 10
3659.9831547426
 20
13670.787283211163
 10
3667.918944076058
 20
13677.008436950462
 10
3677.3370683302896
 20
13682.633791095033
 10
3688.0763807881085
 20
13687.56709427582
 10
3699.9531288358603
 20
13691.723936307631
 10
3712.764098021593
 20
13695.033192470808
 10
3726.2900891106656
 20
13697.438240474898
 10
3740.2996686454308
 20
13698.897929281744
 10
3754.5531288358607
 20
13699.387283211163
 10
3768.8065890262906
 20
13698.897929281744
 10
3782.8161685610557
 20
13697.438240474898
 10
3796.3421596501285
 20
13695.033192470808
 10
3809.1531288358606
 20
13691.723936307631
 10
3821.029876883613
 20
13687.56709427582
 10
3831.7691893414317
 20
13682.633791095033
 10
3841.1873135956635
 20
13677.008436950462
 10
3849.123102929121
 20
13670.787283211163
 10
3855.440773786093
 20
13664.076775542446
 10
3860.032229066627
 20
13656.991732591026
 10
3862.8189076978806
 20
13649.65338140615
  0
HATCH
  5
280
330
17
100
AcDbEntity
  8
I-PLANT
 62
7
420
7582315
100
AcDbHatch
 10
0.0
 20
0.0
 30
0.0
210
0.0
220
0.0
230
1.0
  2
SOLID
 70
1
 71
0
 91
1
 92
3
 72
0
 73
1
 93
48
 10
3863.7531288358605
 20
13642.187283211162
 10
3862.8189076978806
 20
13634.721185016175
 10
3860.032229066627
 20
13627.382833831298
 10
3855.440773786093
 20
13620.297790879878
 10
3849.123102929121
 20
13613.587283211162
 10
3841.1873135956635
 20
13607.366129471864
 10
3831.7691893414317
 20
13601.740775327291
 10
3821.029876883613
 20
13596.807472146504
 10
3809.1531288358606
 20
13592.650630114693
 10
3796.3421596501285
 20
13589.341373951516
 10
3782.8161685610557
 20
13586.936325947427
 10
3768.8065890262906
 20
13585.47663714058
 10
3754.5531288358607
 20
13584.987283211161
 10
3740.2996686454308
 20
13585.47663714058
 10
3726.2900891106656
 20
13586.936325947427
 10
3712.764098021593
 20
13589.341373951516
 10
3699.9531288358608
 20
13592.650630114693
 10
3688.0763807881085
 20
13596.807472146504
 10
3677.3370683302896
 20
13601.740775327291
 10
3667.918944076058
 20
13607.366129471864
 10
3659.9831547426
 20
13613.587283211162
 10
3653.6654838856284
 20
13620.297790879878
 10
3649.074028605094
 20
13627.382833831298
 10
3646.2873499738407
 20
13634.721185016175
 10
3645.353128835861
 20
13642.187283211162
 10
3646.2873499738407
 20
13649.65338140615
 10
3649.074028605094
 20
13656.991732591026
 10
3653.6654838856284
 20
13664.076775542446
 10
3659.9831547426
 20
13670.787283211163
 10
3667.918944076058
 20
13677.008436950462
 10
3677.3370683302896
 20
13682.633791095033
 10
3688.0763807881085
 20
13687.56709427582
 10
3699.9531288358603
 20
13691.723936307631
 10
3712.764098021593
 20
13695.033192470808
 10
3726.2900891106656
 20
13697.438240474898
 10
3740.2996686454308
 20
13698.897929281744
 10
3754.5531288358607
 20
13699.387283211163
 10
3768.8065890262906
 20
13698.897929281744
 10
3782.8161685610557
 20
13697.438240474898
 10
3796.3421596501285
 20
13695.033192470808
 10
3809.1531288358606
 20
13691.723936307631
 10
3821.029876883613
 20
13687.56709427582
 10
3831.7691893414317
 20
13682.633791095033
 10
3841.1873135956635
 20
13677.008436950462
 10
3849.123102929121
 20
13670.787283211163
 10
3855.440773786093
 20
13664.076775542446
 10
3860.032229066627
 20
13656.991732591026
 10
3862.8189076978806
 20
13649.65338140615
 97
0
 75
1
 76
1
 98
0
  0
LWPOLYLINE
  5
281
330
17
100
AcDbEntity
  8
I-PLANT
370
9
420
3698749
100
AcDbPolyline
 90
48
 70
1
 10
3796.572963106849
 20
13718.31166522727
 10
3795.638741968869
 20
13710.845567032282
 10
3792.8520633376147
 20
13703.507215847405
 10
3788.2606080570813
 20
13696.422172895986
 10
3781.9429372001096
 20
13689.711665227269
 10
3774.0071478666514
 20
13683.49051148797
 10
3764.5890236124196
 20
13677.865157343398
 10
3753.849711154601
 20
13672.931854162609
 10
3741.9729631068485
 20
13668.775012130798
 10
3729.1619939211164
 20
13665.465755967623
 10
3715.636002832044
 20
13663.060707963534
 10
3701.626423297278
 20
13661.601019156686
 10
3687.3729631068486
 20
13661.111665227269
 10
3673.119502916419
 20
13661.601019156686
 10
3659.109923381653
 20
13663.060707963534
 10
3645.583932292581
 20
13665.465755967623
 10
3632.7729631068487
 20
13668.775012130798
 10
3620.896215059096
 20
13672.931854162609
 10
3610.1569026012776
 20
13677.865157343398
 10
3600.738778347046
 20
13683.49051148797
 10
3592.8029890135876
 20
13689.711665227269
 10
3586.485318156616
 20
13696.422172895986
 10
3581.8938628760825
 20
13703.507215847405
 10
3579.107184244828
 20
13710.845567032282
 10
3578.1729631068483
 20
13718.31166522727
 10
3579.107184244828
 20
13725.777763422255
 10
3581.8938628760825
 20
13733.116114607132
 10
3586.485318156616
 20
13740.201157558551
 10
3592.8029890135876
 20
13746.911665227268
 10
3600.738778347046
 20
13753.132818966567
 10
3610.1569026012776
 20
13758.758173111139
 10
3620.896215059096
 20
13763.691476291928
 10
3632.7729631068487
 20
13767.848318323739
 10
3645.583932292581
 20
13771.157574486913
 10
3659.109923381653
 20
13773.562622491003
 10
3673.119502916419
 20
13775.022311297851
 10
3687.3729631068486
 20
13775.511665227268
 10
3701.626423297278
 20
13775.022311297851
 10
3715.636002832044
 20
13773.562622491003
 10
3729.1619939211164
 20
13771.157574486913
 10
3741.9729631068485
 20
13767.848318323739
 10
3753.8497111546008
 20
13763.691476291928
 10
3764.5890236124196
 20
13758.758173111139
 10
3774.0071478666514
 20
13753.132818966567
 10
3781.9429372001096
 20
13746.911665227268
 10
3788.2606080570813
 20
13740.201157558551
 10
3792.8520633376147
 20
13733.116114607132
 10
3795.638741968869
 20
13725.777763422255
  0
HATCH
  5
282
330
17
100
AcDbEntity
  8
I-PLANT
 62
7
420
7582315
100
AcDbHatch
 10
0.0
 20
0.0
 30
0.0
210
0.0
220
0.0
230
1.0
  2
SOLID
 70
1
 71
0
 91
1
 92
3
 72
0
 73
1
 93
48
 10
3796.572963106849
 20
13718.31166522727
 10
3795.638741968869
 20
13710.845567032282
 10
3792.8520633376147
 20
13703.507215847405
 10
3788.2606080570813
 20
13696.422172895986
 10
3781.9429372001096
 20
13689.711665227269
 10
3774.0071478666514
 20
13683.49051148797
 10
3764.5890236124196
 20
13677.865157343398
 10
3753.849711154601
 20
13672.931854162609
 10
3741.9729631068485
 20
13668.775012130798
 10
3729.1619939211164
 20
13665.465755967623
 10
3715.636002832044
 20
13663.060707963534
 10
3701.626423297278
 20
13661.601019156686
 10
3687.3729631068486
 20
13661.111665227269
 10
3673.119502916419
 20
13661.601019156686
 10
3659.109923381653
 20
13663.060707963534
 10
3645.583932292581
 20
13665.465755967623
 10
3632.7729631068487
 20
13668.775012130798
 10
3620.896215059096
 20
13672.931854162609
 10
3610.1569026012776
 20
13677.865157343398
 10
3600.738778347046
 20
13683.49051148797
 10
3592.8029890135876
 20
13689.711665227269
 10
3586.485318156616
 20
13696.422172895986
 10
3581.8938628760825
 20
13703.507215847405
 10
3579.107184244828
 20
13710.845567032282
 10
3578.1729631068483
 20
13718.31166522727
 10
3579.107184244828
 20
13725.777763422255
 10
3581.8938628760825
 20
13733.116114607132
 10
3586.485318156616
 20
13740.201157558551
 10
3592.8029890135876
 20
13746.911665227268
 10
3600.738778347046
 20
13753.132818966567
 10
3610.1569026012776
 20
13758.758173111139
 10
3620.896215059096
 20
13763.691476291928
 10
3632.7729631068487
 20
13767.848318323739
 10
3645.583932292581
 20
13771.157574486913
 10
3659.109923381653
 20
13773.562622491003
 10
3673.119502916419
 20
13775.022311297851
 10
3687.3729631068486
 20
13775.511665227268
 10
3701.626423297278
 20
13775.022311297851
 10
3715.636002832044
 20
13773.562622491003
 10
3729.1619939211164
 20
13771.157574486913
 10
3741.9729631068485
 20
13767.848318323739
 10
3753.8497111546008
 20
13763.691476291928
 10
3764.5890236124196
 20
13758.758173111139
 10
3774.0071478666514
 20
13753.132818966567
 10
3781.9429372001096
 20
13746.911665227268
 10
3788.2606080570813
 20
13740.201157558551
 10
3792.8520633376147
 20
13733.116114607132
 10
3795.638741968869
 20
13725.777763422255
 97
0
 75
1
 76
1
 98
0
  0
LWPOLYLINE
  5
283
330
17
100
AcDbEntity
  8
I-PLANT
370
9
420
3698749
100
AcDbPolyline
 90
48
 70
1
 10
3814.203253331245
 20
13818.298009651471
 10
3813.269032193265
 20
13810.831911456484
 10
3810.482353562011
 20
13803.493560271607
 10
3805.8908982814773
 20
13796.408517320187
 10
3799.5732274245056
 20
13789.69800965147
 10
3791.6374380910474
 20
13783.476855912171
 10
3782.2193138368157
 20
13777.8515017676
 10
3771.4800013789973
 20
13772.918198586813
 10
3759.6032533312446
 20
13768.761356555
 10
3746.792284145513
 20
13765.452100391825
 10
3733.26629305644
 20
13763.047052387736
 10
3719.2567135216746
 20
13761.58736358089
 10
3705.003253331245
 20
13761.09800965147
 10
3690.749793140815
 20
13761.58736358089
 10
3676.7402136060496
 20
13763.047052387736
 10
3663.2142225169773
 20
13765.452100391825
 10
3650.4032533312447
 20
13768.761356555
 10
3638.5265052834925
 20
13772.918198586813
 10
3627.7871928256736
 20
13777.8515017676
 10
3618.369068571442
 20
13783.476855912171
 10
3610.433279237984
 20
13789.69800965147
 10
3604.1156083810124
 20
13796.408517320187
 10
3599.5241531004785
 20
13803.493560271607
 10
3596.7374744692247
 20
13810.831911456484
 10
3595.803253331245
 20
13818.298009651471
 10
3596.7374744692247
 20
13825.764107846457
 10
3599.5241531004785
 20
13833.102459031335
 10
3604.1156083810124
 20
13840.187501982753
 10
3610.433279237984
 20
13846.89800965147
 10
3618.369068571442
 20
13853.11916339077
 10
3627.7871928256736
 20
13858.74451753534
 10
3638.5265052834925
 20
13863.67782071613
 10
3650.4032533312447
 20
13867.83466274794
 10
3663.2142225169773
 20
13871.143918911115
 10
3676.7402136060496
 20
13873.548966915205
 10
3690.749793140815
 20
13875.008655722053
 10
3705.003253331245
 20
13875.49800965147
 10
3719.2567135216746
 20
13875.008655722053
 10
3733.26629305644
 20
13873.548966915205
 10
3746.792284145513
 20
13871.143918911115
 10
3759.6032533312446
 20
13867.83466274794
 10
3771.4800013789973
 20
13863.67782071613
 10
3782.2193138368157
 20
13858.74451753534
 10
3791.6374380910474
 20
13853.11916339077
 10
3799.5732274245056
 20
13846.89800965147
 10
3805.8908982814773
 20
13840.187501982753
 10
3810.482353562011
 20
13833.102459031335
 10
3813.269032193265
 20
13825.764107846457
  0
HATCH
  5
284
330
17
100
AcDbEntity
  8
I-PLANT
 62
7
420
7582315
100
AcDbHatch
 10
0.0
 20
0.0
 30
0.0
210
0.0
220
0.0
230
1.0
  2
SOLID
 70
1
 71
0
 91
1
 92
3
 72
0
 73
1
 93
48
 10
3814.203253331245
 20
13818.298009651471
 10
3813.269032193265
 20
13810.831911456484
 10
3810.482353562011
 20
13803.493560271607
 10
3805.8908982814773
 20
13796.408517320187
 10
3799.5732274245056
 20
13789.69800965147
 10
3791.6374380910474
 20
13783.476855912171
 10
3782.2193138368157
 20
13777.8515017676
 10
3771.4800013789973
 20
13772.918198586813
 10
3759.6032533312446
 20
13768.761356555
 10
3746.792284145513
 20
13765.452100391825
 10
3733.26629305644
 20
13763.047052387736
 10
3719.2567135216746
 20
13761.58736358089
 10
3705.003253331245
 20
13761.09800965147
 10
3690.749793140815
 20
13761.58736358089
 10
3676.7402136060496
 20
13763.047052387736
 10
3663.2142225169773
 20
13765.452100391825
 10
3650.4032533312447
 20
13768.761356555
 10
3638.5265052834925
 20
13772.918198586813
 10
3627.7871928256736
 20
13777.8515017676
 10
3618.369068571442
 20
13783.476855912171
 10
3610.433279237984
 20
13789.69800965147
 10
3604.1156083810124
 20
13796.408517320187
 10
3599.5241531004785
 20
13803.493560271607
 10
3596.7374744692247
 20
13810.831911456484
 10
3595.803253331245
 20
13818.298009651471
 10
3596.7374744692247
 20
13825.764107846457
 10
3599.5241531004785
 20
13833.102459031335
 10
3604.1156083810124
 20
13840.187501982753
 10
3610.433279237984
 20
13846.89800965147
 10
3618.369068571442
 20
13853.11916339077
 10
3627.7871928256736
 20
13858.74451753534
 10
3638.5265052834925
 20
13863.67782071613
 10
3650.4032533312447
 20
13867.83466274794
 10
3663.2142225169773
 20
13871.143918911115
 10
3676.7402136060496
 20
13873.548966915205
 10
3690.749793140815
 20
13875.008655722053
 10
3705.003253331245
 20
13875.49800965147
 10
3719.2567135216746
 20
13875.008655722053
 10
3733.26629305644
 20
13873.548966915205
 10
3746.792284145513
 20
13871.143918911115
 10
3759.6032533312446
 20
13867.83466274794
 10
3771.4800013789973
 20
13863.67782071613
 10
3782.2193138368157
 20
13858.74451753534
 10
3791.6374380910474
 20
13853.11916339077
 10
3799.5732274245056
 20
13846.89800965147
 10
3805.8908982814773
 20
13840.187501982753
 10
3810.482353562011
 20
13833.102459031335
 10
3813.269032193265
 20
13825.764107846457
 97
0
 75
1
 76
1
 98
0
  0
LWPOLYLINE
  5
285
330
17
100
AcDbEntity
  8
I-PLANT
370
9
420
3698749
100
AcDbPolyline
 90
48
 70
1
 10
3903.3680313776986
 20
13866.854559782614
 10
3902.4338102397187
 20
13859.388461587627
 10
3899.647131608465
 20
13852.05011040275
 10
3895.055676327931
 20
13844.96506745133
 10
3888.7380054709593
 20
13838.254559782614
 10
3880.802216137501
 20
13832.033406043314
 10
3871.3840918832693
 20
13826.408051898743
 10
3860.644779425451
 20
13821.474748717956
 10
3848.768031377698
 20
13817.317906686145
 10
3835.9570621919665
 20
13814.008650522968
 10
3822.431071102894
 20
13811.603602518879
 10
3808.421491568128
 20
13810.143913712032
 10
3794.1680313776988
 20
13809.654559782613
 10
3779.914571187269
 20
13810.143913712032
 10
3765.904991652503
 20
13811.603602518879
 10
3752.379000563431
 20
13814.008650522968
 10
3739.5680313776984
 20
13817.317906686145
 10
3727.691283329946
 20
13821.474748717956
 10
3716.9519708721273
 20
13826.408051898743
 10
3707.5338466178955
 20
13832.033406043314
 10
3699.598057284438
 20
13838.254559782614
 10
3693.280386427466
 20
13844.96506745133
 10
3688.688931146932
 20
13852.05011040275
 10
3685.9022525156784
 20
13859.388461587627
 10
3684.9680313776985
 20
13866.854559782614
 10
3685.9022525156784
 20
13874.320657977602
 10
3688.688931146932
 20
13881.659009162478
 10
3693.280386427466
 20
13888.744052113898
 10
3699.598057284438
 20
13895.454559782615
 10
3707.5338466178955
 20
13901.675713521912
 10
3716.9519708721273
 20
13907.301067666485
 10
3727.691283329946
 20
13912.234370847273
 10
3739.5680313776984
 20
13916.391212879083
 10
3752.379000563431
 20
13919.70046904226
 10
3765.904991652503
 20
13922.105517046348
 10
3779.914571187269
 20
13923.565205853196
 10
3794.1680313776988
 20
13924.054559782613
 10
3808.421491568128
 20
13923.565205853196
 10
3822.431071102894
 20
13922.105517046348
 10
3835.9570621919665
 20
13919.70046904226
 10
3848.768031377698
 20
13916.391212879083
 10
3860.644779425451
 20
13912.234370847273
 10
3871.3840918832693
 20
13907.301067666485
 10
3880.802216137501
 20
13901.675713521912
 10
3888.7380054709593
 20
13895.454559782615
 10
3895.055676327931
 20
13888.744052113898
 10
3899.647131608465
 20
13881.659009162478
 10
3902.4338102397187
 20
13874.320657977602
  0
HATCH
  5
286
330
17
100
AcDbEntity
  8
I-PLANT
 62
7
420
7582315
100
AcDbHatch
 10
0.0
 20
0.0
 30
0.0
210
0.0
220
0.0
230
1.0
  2
SOLID
 70
1
 71
0
 91
1
 92
3
 72
0
 73
1
 93
48
 10
3903.3680313776986
 20
13866.854559782614
 10
3902.4338102397187
 20
13859.388461587627
 10
3899.647131608465
 20
13852.05011040275
 10
3895.055676327931
 20
13844.96506745133
 10
3888.7380054709593
 20
13838.254559782614
 10
3880.802216137501
 20
13832.033406043314
 10
3871.3840918832693
 20
13826.408051898743
 10
3860.644779425451
 20
13821.474748717956
 10
3848.768031377698
 20
13817.317906686145
 10
3835.9570621919665
 20
13814.008650522968
 10
3822.431071102894
 20
13811.603602518879
 10
3808.421491568128
 20
13810.143913712032
 10
3794.1680313776988
 20
13809.654559782613
 10
3779.914571187269
 20
13810.143913712032
 10
3765.904991652503
 20
13811.603602518879
 10
3752.379000563431
 20
13814.008650522968
 10
3739.5680313776984
 20
13817.317906686145
 10
3727.691283329946
 20
13821.474748717956
 10
3716.9519708721273
 20
13826.408051898743
 10
3707.5338466178955
 20
13832.033406043314
 10
3699.598057284438
 20
13838.254559782614
 10
3693.280386427466
 20
13844.96506745133
 10
3688.688931146932
 20
13852.05011040275
 10
3685.9022525156784
 20
13859.388461587627
 10
3684.9680313776985
 20
13866.854559782614
 10
3685.9022525156784
 20
13874.320657977602
 10
3688.688931146932
 20
13881.659009162478
 10
3693.280386427466
 20
13888.744052113898
 10
3699.598057284438
 20
13895.454559782615
 10
3707.5338466178955
 20
13901.675713521912
 10
3716.9519708721273
 20
13907.301067666485
 10
3727.691283329946
 20
13912.234370847273
 10
3739.5680313776984
 20
13916.391212879083
 10
3752.379000563431
 20
13919.70046904226
 10
3765.904991652503
 20
13922.105517046348
 10
3779.914571187269
 20
13923.565205853196
 10
3794.1680313776988
 20
13924.054559782613
 10
3808.421491568128
 20
13923.565205853196
 10
3822.431071102894
 20
13922.105517046348
 10
3835.9570621919665
 20
13919.70046904226
 10
3848.768031377698
 20
13916.391212879083
 10
3860.644779425451
 20
13912.234370847273
 10
3871.3840918832693
 20
13907.301067666485
 10
3880.802216137501
 20
13901.675713521912
 10
3888.7380054709593
 20
13895.454559782615
 10
3895.055676327931
 20
13888.744052113898
 10
3899.647131608465
 20
13881.659009162478
 10
3902.4338102397187
 20
13874.320657977602
 97
0
 75
1
 76
1
 98
0
  0
LWPOLYLINE
  5
287
330
17
100
AcDbEntity
  8
I-PLANT
370
9
420
3698749
100
AcDbPolyline
 90
48
 70
1
 10
3996.924400747225
 20
13827.417242998832
 10
3995.990179609245
 20
13819.951144803847
 10
3993.203500977991
 20
13812.612793618968
 10
3988.6120456974572
 20
13805.52775066755
 10
3982.2943748404855
 20
13798.817242998832
 10
3974.358585507028
 20
13792.596089259534
 10
3964.940461252796
 20
13786.970735114963
 10
3954.201148794977
 20
13782.037431934174
 10
3942.324400747225
 20
13777.880589902363
 10
3929.5134315614923
 20
13774.571333739186
 10
3915.98744047242
 20
13772.166285735098
 10
3901.9778609376544
 20
13770.70659692825
 10
3887.7244007472245
 20
13770.217242998833
 10
3873.470940556795
 20
13770.70659692825
 10
3859.4613610220295
 20
13772.166285735098
 10
3845.9353699329567
 20
13774.571333739186
 10
3833.124400747225
 20
13777.880589902363
 10
3821.2476526994724
 20
13782.037431934174
 10
3810.508340241654
 20
13786.970735114963
 10
3801.090215987422
 20
13792.596089259534
 10
3793.154426653964
 20
13798.817242998832
 10
3786.8367557969923
 20
13805.52775066755
 10
3782.2453005164584
 20
13812.612793618968
 10
3779.4586218852046
 20
13819.951144803847
 10
3778.5244007472247
 20
13827.417242998832
 10
3779.4586218852046
 20
13834.88334119382
 10
3782.2453005164584
 20
13842.221692378696
 10
3786.8367557969923
 20
13849.306735330116
 10
3793.154426653964
 20
13856.017242998832
 10
3801.090215987422
 20
13862.238396738132
 10
3810.508340241654
 20
13867.863750882703
 10
3821.2476526994724
 20
13872.79705406349
 10
3833.1244007472246
 20
13876.953896095303
 10
3845.9353699329567
 20
13880.263152258478
 10
3859.4613610220295
 20
13882.668200262568
 10
3873.470940556795
 20
13884.127889069414
 10
3887.7244007472245
 20
13884.617242998833
 10
3901.9778609376544
 20
13884.127889069414
 10
3915.98744047242
 20
13882.668200262568
 10
3929.5134315614923
 20
13880.263152258478
 10
3942.324400747225
 20
13876.953896095303
 10
3954.2011487949767
 20
13872.79705406349
 10
3964.940461252796
 20
13867.863750882703
 10
3974.358585507028
 20
13862.238396738132
 10
3982.2943748404855
 20
13856.017242998832
 10
3988.6120456974572
 20
13849.306735330116
 10
3993.203500977991
 20
13842.221692378696
 10
3995.990179609245
 20
13834.88334119382
  0
HATCH
  5
288
330
17
100
AcDbEntity
  8
I-PLANT
 62
7
420
7582315
100
AcDbHatch
 10
0.0
 20
0.0
 30
0.0
210
0.0
220
0.0
230
1.0
  2
SOLID
 70
1
 71
0
 91
1
 92
3
 72
0
 73
1
 93
48
 10
3996.924400747225
 20
13827.417242998832
 10
3995.990179609245
 20
13819.951144803847
 10
3993.203500977991
 20
13812.612793618968
 10
3988.6120456974572
 20
13805.52775066755
 10
3982.2943748404855
 20
13798.817242998832
 10
3974.358585507028
 20
13792.596089259534
 10
3964.940461252796
 20
13786.970735114963
 10
3954.201148794977
 20
13782.037431934174
 10
3942.324400747225
 20
13777.880589902363
 10
3929.5134315614923
 20
13774.571333739186
 10
3915.98744047242
 20
13772.166285735098
 10
3901.9778609376544
 20
13770.70659692825
 10
3887.7244007472245
 20
13770.217242998833
 10
3873.470940556795
 20
13770.70659692825
 10
3859.4613610220295
 20
13772.166285735098
 10
3845.9353699329567
 20
13774.571333739186
 10
3833.124400747225
 20
13777.880589902363
 10
3821.2476526994724
 20
13782.037431934174
 10
3810.508340241654
 20
13786.970735114963
 10
3801.090215987422
 20
13792.596089259534
 10
3793.154426653964
 20
13798.817242998832
 10
3786.8367557969923
 20
13805.52775066755
 10
3782.2453005164584
 20
13812.612793618968
 10
3779.4586218852046
 20
13819.951144803847
 10
3778.5244007472247
 20
13827.417242998832
 10
3779.4586218852046
 20
13834.88334119382
 10
3782.2453005164584
 20
13842.221692378696
 10
3786.8367557969923
 20
13849.306735330116
 10
3793.154426653964
 20
13856.017242998832
 10
3801.090215987422
 20
13862.238396738132
 10
3810.508340241654
 20
13867.863750882703
 10
3821.2476526994724
 20
13872.79705406349
 10
3833.1244007472246
 20
13876.953896095303
 10
3845.9353699329567
 20
13880.263152258478
 10
3859.4613610220295
 20
13882.668200262568
 10
3873.470940556795
 20
13884.127889069414
 10
3887.7244007472245
 20
13884.617242998833
 10
3901.9778609376544
 20
13884.127889069414
 10
3915.98744047242
 20
13882.668200262568
 10
3929.5134315614923
 20
13880.263152258478
 10
3942.324400747225
 20
13876.953896095303
 10
3954.2011487949767
 20
13872.79705406349
 10
3964.940461252796
 20
13867.863750882703
 10
3974.358585507028
 20
13862.238396738132
 10
3982.2943748404855
 20
13856.017242998832
 10
3988.6120456974572
 20
13849.306735330116
 10
3993.203500977991
 20
13842.221692378696
 10
3995.990179609245
 20
13834.88334119382
 97
0
 75
1
 76
1
 98
0
  0
CIRCLE
  5
289
330
17
100
AcDbEntity
  8
I-PLANT
370
9
420
3698749
100
AcDbCircle
 10
3800.0
 20
13750.0
 30
0.0
 40
46.8
  0
HATCH
  5
28A
330
17
100
AcDbEntity
  8
I-PLANT
 62
7
420
9199936
100
AcDbHatch
 10
0.0
 20
0.0
 30
0.0
210
0.0
220
0.0
230
1.0
  2
SOLID
 70
1
 71
0
 91
1
 92
1
 93
1
 72
2
 10
3800.0
 20
13750.0
 40
46.8
 50
0
 51
360
 73
1
 97
0
 75
1
 76
1
 98
0
  0
HATCH
  5
28B
330
17
100
AcDbEntity
  8
I-FIXT
 62
7
420
15462645
100
AcDbHatch
 10
0.0
 20
0.0
 30
0.0
210
0.0
220
0.0
230
1.0
  2
SOLID
 70
1
 71
0
 91
1
 92
3
 72
0
 73
1
 93
4
 10
4793.015151901651
 20
11160.0
 10
4013.01515190165
 20
11940.0
 10
3010.0
 20
11940.0
 10
3010.0
 20
11160.0
 97
0
 75
1
 76
1
 98
0
  0
CIRCLE
  5
28C
330
17
100
AcDbEntity
  8
I-FIXT
370
13
420
5000274
100
AcDbCircle
 10
3750.0
 20
11550.0
 30
0.0
 40
45.0
  0
HATCH
  5
28D
330
17
100
AcDbEntity
  8
I-FIXT
 62
7
420
13094100
100
AcDbHatch
 10
0.0
 20
0.0
 30
0.0
210
0.0
220
0.0
230
1.0
  2
SOLID
 70
1
 71
0
 91
1
 92
1
 93
1
 72
2
 10
3750.0
 20
11550.0
 40
45
 50
0
 51
360
 73
1
 97
0
 75
1
 76
1
 98
0
  0
LWPOLYLINE
  5
28E
330
17
100
AcDbEntity
  8
I-FIXT
370
13
420
5000274
100
AcDbPolyline
 90
4
 70
1
 10
3500.0
 20
9700.0
 10
3900.0
 20
9700.0
 10
3900.0
 20
9500.0
 10
3500.0
 20
9500.0
  0
HATCH
  5
28F
330
17
100
AcDbEntity
  8
I-FIXT
 62
7
420
16777215
100
AcDbHatch
 10
0.0
 20
0.0
 30
0.0
210
0.0
220
0.0
230
1.0
  2
SOLID
 70
1
 71
0
 91
1
 92
3
 72
0
 73
1
 93
4
 10
3500.0
 20
9700.0
 10
3900.0
 20
9700.0
 10
3900.0
 20
9500.0
 10
3500.0
 20
9500.0
 97
0
 75
1
 76
1
 98
0
  0
LWPOLYLINE
  5
290
330
17
100
AcDbEntity
  8
I-FIXT
370
13
420
5000274
100
AcDbPolyline
 90
48
 70
1
 10
3880.0
 20
9920.0
 10
3878.460075047286
 20
9886.063190022785
 10
3873.8666487320324
 20
9852.707048273343
 10
3866.298315852032
 20
9820.502307585077
 10
3855.8845726811987
 20
9790.0
 10
3842.8036012524226
 20
9761.722028457732
 10
3827.2792206135787
 20
9736.152236891498
 10
3809.5770572215697
 20
9713.72813152428
 10
3790.0
 20
9694.833395016045
 10
3768.8830178257163
 20
9679.791321547065
 10
3746.5874281184538
 20
9668.859285164843
 10
3723.4947145996093
 20
9662.22433604281
 10
3700.0
 20
9660.0
 10
3676.5052854003907
 20
9662.22433604281
 10
3653.4125718815462
 20
9668.859285164843
 10
3631.116982174284
 20
9679.791321547065
 10
3610.0
 20
9694.833395016045
 10
3590.4229427784303
 20
9713.72813152428
 10
3572.720779386422
 20
9736.152236891498
 10
3557.1963987475774
 20
9761.722028457732
 10
3544.1154273188013
 20
9790.0
 10
3533.701684147968
 20
9820.502307585077
 10
3526.1333512679676
 20
9852.707048273343
 10
3521.539924952714
 20
9886.063190022785
 10
3520.0
 20
9920.0
 10
3521.539924952714
 20
9953.936809977215
 10
3526.1333512679676
 20
9987.292951726657
 10
3533.701684147968
 20
10019.497692414923
 10
3544.1154273188013
 20
10050.0
 10
3557.1963987475774
 20
10078.277971542268
 10
3572.7207793864213
 20
10103.847763108502
 10
3590.4229427784303
 20
10126.27186847572
 10
3610.0
 20
10145.166604983955
 10
3631.116982174284
 20
10160.208678452935
 10
3653.4125718815462
 20
10171.140714835157
 10
3676.5052854003907
 20
10177.77566395719
 10
3700.0
 20
10180.0
 10
3723.4947145996093
 20
10177.77566395719
 10
3746.5874281184533
 20
10171.140714835157
 10
3768.883017825716
 20
10160.208678452935
 10
3790.0
 20
10145.166604983955
 10
3809.5770572215697
 20
10126.271868475722
 10
3827.279220613578
 20
10103.847763108502
 10
3842.8036012524226
 20
10078.277971542268
 10
3855.8845726811987
 20
10050.0
 10
3866.298315852032
 20
10019.497692414923
 10
3873.8666487320324
 20
9987.292951726657
 10
3878.460075047286
 20
9953.936809977215
  0
HATCH
  5
291
330
17
100
AcDbEntity
  8
I-FIXT
 62
7
420
16777215
100
AcDbHatch
 10
0.0
 20
0.0
 30
0.0
210
0.0
220
0.0
230
1.0
  2
SOLID
 70
1
 71
0
 91
1
 92
3
 72
0
 73
1
 93
48
 10
3880.0
 20
9920.0
 10
3878.460075047286
 20
9886.063190022785
 10
3873.8666487320324
 20
9852.707048273343
 10
3866.298315852032
 20
9820.502307585077
 10
3855.8845726811987
 20
9790.0
 10
3842.8036012524226
 20
9761.722028457732
 10
3827.2792206135787
 20
9736.152236891498
 10
3809.5770572215697
 20
9713.72813152428
 10
3790.0
 20
9694.833395016045
 10
3768.8830178257163
 20
9679.791321547065
 10
3746.5874281184538
 20
9668.859285164843
 10
3723.4947145996093
 20
9662.22433604281
 10
3700.0
 20
9660.0
 10
3676.5052854003907
 20
9662.22433604281
 10
3653.4125718815462
 20
9668.859285164843
 10
3631.116982174284
 20
9679.791321547065
 10
3610.0
 20
9694.833395016045
 10
3590.4229427784303
 20
9713.72813152428
 10
3572.720779386422
 20
9736.152236891498
 10
3557.1963987475774
 20
9761.722028457732
 10
3544.1154273188013
 20
9790.0
 10
3533.701684147968
 20
9820.502307585077
 10
3526.1333512679676
 20
9852.707048273343
 10
3521.539924952714
 20
9886.063190022785
 10
3520.0
 20
9920.0
 10
3521.539924952714
 20
9953.936809977215
 10
3526.1333512679676
 20
9987.292951726657
 10
3533.701684147968
 20
10019.497692414923
 10
3544.1154273188013
 20
10050.0
 10
3557.1963987475774
 20
10078.277971542268
 10
3572.7207793864213
 20
10103.847763108502
 10
3590.4229427784303
 20
10126.27186847572
 10
3610.0
 20
10145.166604983955
 10
3631.116982174284
 20
10160.208678452935
 10
3653.4125718815462
 20
10171.140714835157
 10
3676.5052854003907
 20
10177.77566395719
 10
3700.0
 20
10180.0
 10
3723.4947145996093
 20
10177.77566395719
 10
3746.5874281184533
 20
10171.140714835157
 10
3768.883017825716
 20
10160.208678452935
 10
3790.0
 20
10145.166604983955
 10
3809.5770572215697
 20
10126.271868475722
 10
3827.279220613578
 20
10103.847763108502
 10
3842.8036012524226
 20
10078.277971542268
 10
3855.8845726811987
 20
10050.0
 10
3866.298315852032
 20
10019.497692414923
 10
3873.8666487320324
 20
9987.292951726657
 10
3878.460075047286
 20
9953.936809977215
 97
0
 75
1
 76
1
 98
0
  0
LWPOLYLINE
  5
292
330
17
100
AcDbEntity
  8
I-FIXT
370
13
420
5000274
100
AcDbPolyline
 90
48
 70
1
 10
3820.0
 20
9900.0
 10
3818.973383364857
 20
9875.20002347819
 10
3815.911099154688
 20
9850.82438143052
 10
3810.8655439013546
 20
9827.290147850632
 10
3803.9230484541326
 20
9805.0
 10
3795.202400834948
 20
9784.335328488343
 10
3784.8528137423855
 20
9765.649711574555
 10
3773.0513714810468
 20
9749.262865344666
 10
3760.0
 20
9735.455173280956
 10
3745.9220118838107
 20
9724.462888822854
 10
3731.058285412302
 20
9716.474093005076
 10
3715.6631430664065
 20
9711.625476338977
 10
3700.0
 20
9710.0
 10
3684.3368569335935
 20
9711.625476338977
 10
3668.941714587698
 20
9716.474093005076
 10
3654.0779881161893
 20
9724.462888822854
 10
3640.0
 20
9735.455173280956
 10
3626.9486285189532
 20
9749.262865344666
 10
3615.1471862576145
 20
9765.649711574555
 10
3604.797599165052
 20
9784.335328488343
 10
3596.0769515458674
 20
9805.0
 10
3589.1344560986454
 20
9827.290147850632
 10
3584.088900845312
 20
9850.82438143052
 10
3581.026616635143
 20
9875.20002347819
 10
3580.0
 20
9900.0
 10
3581.026616635143
 20
9924.79997652181
 10
3584.088900845312
 20
9949.17561856948
 10
3589.1344560986454
 20
9972.709852149368
 10
3596.0769515458674
 20
9995.0
 10
3604.797599165052
 20
10015.664671511657
 10
3615.1471862576145
 20
10034.350288425445
 10
3626.9486285189532
 20
10050.737134655334
 10
3640.0
 20
10064.544826719044
 10
3654.0779881161893
 20
10075.537111177146
 10
3668.941714587698
 20
10083.525906994922
 10
3684.3368569335935
 20
10088.374523661023
 10
3700.0
 20
10090.0
 10
3715.663143066406
 20
10088.374523661023
 10
3731.058285412302
 20
10083.525906994922
 10
3745.9220118838107
 20
10075.537111177146
 10
3760.0
 20
10064.544826719044
 10
3773.0513714810463
 20
10050.737134655334
 10
3784.8528137423855
 20
10034.350288425445
 10
3795.202400834948
 20
10015.664671511657
 10
3803.9230484541326
 20
9995.0
 10
3810.8655439013546
 20
9972.709852149368
 10
3815.911099154688
 20
9949.17561856948
 10
3818.973383364857
 20
9924.79997652181
  0
HATCH
  5
293
330
17
100
AcDbEntity
  8
I-FIXT
 62
7
420
15595002
100
AcDbHatch
 10
0.0
 20
0.0
 30
0.0
210
0.0
220
0.0
230
1.0
  2
SOLID
 70
1
 71
0
 91
1
 92
3
 72
0
 73
1
 93
48
 10
3820.0
 20
9900.0
 10
3818.973383364857
 20
9875.20002347819
 10
3815.911099154688
 20
9850.82438143052
 10
3810.8655439013546
 20
9827.290147850632
 10
3803.9230484541326
 20
9805.0
 10
3795.202400834948
 20
9784.335328488343
 10
3784.8528137423855
 20
9765.649711574555
 10
3773.0513714810468
 20
9749.262865344666
 10
3760.0
 20
9735.455173280956
 10
3745.9220118838107
 20
9724.462888822854
 10
3731.058285412302
 20
9716.474093005076
 10
3715.6631430664065
 20
9711.625476338977
 10
3700.0
 20
9710.0
 10
3684.3368569335935
 20
9711.625476338977
 10
3668.941714587698
 20
9716.474093005076
 10
3654.0779881161893
 20
9724.462888822854
 10
3640.0
 20
9735.455173280956
 10
3626.9486285189532
 20
9749.262865344666
 10
3615.1471862576145
 20
9765.649711574555
 10
3604.797599165052
 20
9784.335328488343
 10
3596.0769515458674
 20
9805.0
 10
3589.1344560986454
 20
9827.290147850632
 10
3584.088900845312
 20
9850.82438143052
 10
3581.026616635143
 20
9875.20002347819
 10
3580.0
 20
9900.0
 10
3581.026616635143
 20
9924.79997652181
 10
3584.088900845312
 20
9949.17561856948
 10
3589.1344560986454
 20
9972.709852149368
 10
3596.0769515458674
 20
9995.0
 10
3604.797599165052
 20
10015.664671511657
 10
3615.1471862576145
 20
10034.350288425445
 10
3626.9486285189532
 20
10050.737134655334
 10
3640.0
 20
10064.544826719044
 10
3654.0779881161893
 20
10075.537111177146
 10
3668.941714587698
 20
10083.525906994922
 10
3684.3368569335935
 20
10088.374523661023
 10
3700.0
 20
10090.0
 10
3715.663143066406
 20
10088.374523661023
 10
3731.058285412302
 20
10083.525906994922
 10
3745.9220118838107
 20
10075.537111177146
 10
3760.0
 20
10064.544826719044
 10
3773.0513714810463
 20
10050.737134655334
 10
3784.8528137423855
 20
10034.350288425445
 10
3795.202400834948
 20
10015.664671511657
 10
3803.9230484541326
 20
9995.0
 10
3810.8655439013546
 20
9972.709852149368
 10
3815.911099154688
 20
9949.17561856948
 10
3818.973383364857
 20
9924.79997652181
 97
0
 75
1
 76
1
 98
0
  0
LWPOLYLINE
  5
294
330
17
100
AcDbEntity
  8
I-FIXT
370
13
420
5000274
100
AcDbPolyline
 90
4
 70
1
 10
4100.0
 20
9980.0
 10
4750.0
 20
9980.0
 10
4750.0
 20
9500.0
 10
4100.0
 20
9500.0
  0
HATCH
  5
295
330
17
100
AcDbEntity
  8
I-FIXT
 62
7
420
7886656
100
AcDbHatch
 10
0.0
 20
0.0
 30
0.0
210
0.0
220
0.0
230
1.0
  2
SOLID
 70
1
 71
0
 91
1
 92
3
 72
0
 73
1
 93
4
 10
4100.0
 20
9980.0
 10
4750.0
 20
9980.0
 10
4750.0
 20
9500.0
 10
4100.0
 20
9500.0
 97
0
 75
1
 76
1
 98
0
  0
LWPOLYLINE
  5
296
330
17
100
AcDbEntity
  8
I-FIXT
370
13
420
5000274
100
AcDbPolyline
 90
48
 70
1
 10
4655.0
 20
9730.0
 10
4653.0323181159765
 20
9709.115809244791
 10
4647.162940046485
 20
9688.588952783597
 10
4637.492292477596
 20
9668.770650821585
 10
4624.185842870421
 20
9650.0
 10
4607.471268266984
 20
9632.598171358604
 10
4587.634559672906
 20
9616.862915010151
 10
4565.015128672006
 20
9603.063465553401
 10
4540.0
 20
9591.43593539449
 10
4513.017189443971
 20
9582.179274798194
 10
4484.52838037358
 20
9575.451867793749
 10
4455.021024210612
 20
9571.36882218019
 10
4425.0
 20
9570.0
 10
4394.978975789389
 20
9571.36882218019
 10
4365.47161962642
 20
9575.451867793749
 10
4336.982810556029
 20
9582.179274798194
 10
4310.0
 20
9591.43593539449
 10
4284.984871327994
 20
9603.063465553401
 10
4262.365440327094
 20
9616.862915010151
 10
4242.528731733016
 20
9632.598171358604
 10
4225.814157129579
 20
9650.0
 10
4212.507707522404
 20
9668.770650821585
 10
4202.837059953515
 20
9688.588952783597
 10
4196.9676818840235
 20
9709.115809244791
 10
4195.0
 20
9730.0
 10
4196.9676818840235
 20
9750.884190755209
 10
4202.837059953515
 20
9771.411047216403
 10
4212.5077075224035
 20
9791.229349178415
 10
4225.814157129579
 20
9810.0
 10
4242.528731733016
 20
9827.401828641396
 10
4262.365440327094
 20
9843.137084989849
 10
4284.984871327994
 20
9856.936534446599
 10
4310.0
 20
9868.56406460551
 10
4336.982810556029
 20
9877.820725201806
 10
4365.47161962642
 20
9884.548132206251
 10
4394.978975789388
 20
9888.63117781981
 10
4425.0
 20
9890.0
 10
4455.021024210611
 20
9888.63117781981
 10
4484.52838037358
 20
9884.548132206251
 10
4513.017189443971
 20
9877.820725201806
 10
4540.0
 20
9868.56406460551
 10
4565.015128672006
 20
9856.936534446599
 10
4587.634559672906
 20
9843.137084989849
 10
4607.471268266984
 20
9827.401828641396
 10
4624.185842870421
 20
9810.0
 10
4637.492292477596
 20
9791.229349178415
 10
4647.162940046485
 20
9771.411047216403
 10
4653.0323181159765
 20
9750.884190755209
  0
HATCH
  5
297
330
17
100
AcDbEntity
  8
I-FIXT
 62
7
420
16777215
100
AcDbHatch
 10
0.0
 20
0.0
 30
0.0
210
0.0
220
0.0
230
1.0
  2
SOLID
 70
1
 71
0
 91
1
 92
3
 72
0
 73
1
 93
48
 10
4655.0
 20
9730.0
 10
4653.0323181159765
 20
9709.115809244791
 10
4647.162940046485
 20
9688.588952783597
 10
4637.492292477596
 20
9668.770650821585
 10
4624.185842870421
 20
9650.0
 10
4607.471268266984
 20
9632.598171358604
 10
4587.634559672906
 20
9616.862915010151
 10
4565.015128672006
 20
9603.063465553401
 10
4540.0
 20
9591.43593539449
 10
4513.017189443971
 20
9582.179274798194
 10
4484.52838037358
 20
9575.451867793749
 10
4455.021024210612
 20
9571.36882218019
 10
4425.0
 20
9570.0
 10
4394.978975789389
 20
9571.36882218019
 10
4365.47161962642
 20
9575.451867793749
 10
4336.982810556029
 20
9582.179274798194
 10
4310.0
 20
9591.43593539449
 10
4284.984871327994
 20
9603.063465553401
 10
4262.365440327094
 20
9616.862915010151
 10
4242.528731733016
 20
9632.598171358604
 10
4225.814157129579
 20
9650.0
 10
4212.507707522404
 20
9668.770650821585
 10
4202.837059953515
 20
9688.588952783597
 10
4196.9676818840235
 20
9709.115809244791
 10
4195.0
 20
9730.0
 10
4196.9676818840235
 20
9750.884190755209
 10
4202.837059953515
 20
9771.411047216403
 10
4212.5077075224035
 20
9791.229349178415
 10
4225.814157129579
 20
9810.0
 10
4242.528731733016
 20
9827.401828641396
 10
4262.365440327094
 20
9843.137084989849
 10
4284.984871327994
 20
9856.936534446599
 10
4310.0
 20
9868.56406460551
 10
4336.982810556029
 20
9877.820725201806
 10
4365.47161962642
 20
9884.548132206251
 10
4394.978975789388
 20
9888.63117781981
 10
4425.0
 20
9890.0
 10
4455.021024210611
 20
9888.63117781981
 10
4484.52838037358
 20
9884.548132206251
 10
4513.017189443971
 20
9877.820725201806
 10
4540.0
 20
9868.56406460551
 10
4565.015128672006
 20
9856.936534446599
 10
4587.634559672906
 20
9843.137084989849
 10
4607.471268266984
 20
9827.401828641396
 10
4624.185842870421
 20
9810.0
 10
4637.492292477596
 20
9791.229349178415
 10
4647.162940046485
 20
9771.411047216403
 10
4653.0323181159765
 20
9750.884190755209
 97
0
 75
1
 76
1
 98
0
  0
CIRCLE
  5
298
330
17
100
AcDbEntity
  8
I-FIXT
370
9
420
5000274
100
AcDbCircle
 10
4425.0
 20
9550.0
 30
0.0
 40
30.0
  0
HATCH
  5
299
330
17
100
AcDbEntity
  8
I-FIXT
 62
7
420
13094100
100
AcDbHatch
 10
0.0
 20
0.0
 30
0.0
210
0.0
220
0.0
230
1.0
  2
SOLID
 70
1
 71
0
 91
1
 92
1
 93
1
 72
2
 10
4425.0
 20
9550.0
 40
30
 50
0
 51
360
 73
1
 97
0
 75
1
 76
1
 98
0
  0
LWPOLYLINE
  5
29A
330
17
100
AcDbEntity
  8
I-FIXT
370
9
420
5000274
100
AcDbPolyline
 90
4
 70
1
 10
3010.0
 20
11670.0
 10
3060.0
 20
11670.0
 10
3060.0
 20
11530.0
 10
3010.0
 20
11530.0
  0
HATCH
  5
29B
330
17
100
AcDbEntity
  8
I-FIXT
 62
7
420
13094100
100
AcDbHatch
 10
0.0
 20
0.0
 30
0.0
210
0.0
220
0.0
230
1.0
  2
SOLID
 70
1
 71
0
 91
1
 92
3
 72
0
 73
1
 93
4
 10
3010.0
 20
11670.0
 10
3060.0
 20
11670.0
 10
3060.0
 20
11530.0
 10
3010.0
 20
11530.0
 97
0
 75
1
 76
1
 98
0
  0
CIRCLE
  5
29C
330
17
100
AcDbEntity
  8
I-PLANT
370
13
420
3698749
100
AcDbCircle
 10
4650.0
 20
10100.0
 30
0.0
 40
150.0
  0
HATCH
  5
29D
330
17
100
AcDbEntity
  8
I-PLANT
 62
7
420
6068572
100
AcDbHatch
 10
0.0
 20
0.0
 30
0.0
210
0.0
220
0.0
230
1.0
  2
SOLID
 70
1
 71
0
 91
1
 92
1
 93
1
 72
2
 10
4650.0
 20
10100.0
 40
150
 50
0
 51
360
 73
1
 97
0
 75
1
 76
1
 98
0
  0
LWPOLYLINE
  5
29E
330
17
100
AcDbEntity
  8
I-PLANT
370
9
420
3698749
100
AcDbPolyline
 90
48
 70
1
 10
4779.474523328324
 20
10088.278748007482
 10
4778.935549594874
 20
10083.97138366422
 10
4777.327850384535
 20
10079.737719519098
 10
4774.678933876535
 20
10075.650194739434
 10
4771.0341237667435
 20
10071.778748007482
 10
4766.455783766672
 20
10068.189620850195
 10
4761.022250543077
 20
10064.944224228326
 10
4754.826493355873
 20
10062.098087777871
 10
4747.974523328324
 20
10059.699909682597
 10
4740.583579567325
 20
10057.79072343461
 10
4732.780123169783
 20
10056.403195739942
 10
4724.697673438187
 20
10055.561067582146
 10
4716.474523328324
 20
10055.278748007482
 10
4708.251373218461
 20
10055.561067582146
 10
4700.168923486865
 20
10056.403195739942
 10
4692.365467089323
 20
10057.79072343461
 10
4684.974523328324
 20
10059.699909682597
 10
4678.122553300775
 20
10062.098087777871
 10
4671.926796113572
 20
10064.944224228326
 10
4666.493262889976
 20
10068.189620850195
 10
4661.914922889904
 20
10071.778748007482
 10
4658.270112780113
 20
10075.650194739434
 10
4655.621196272113
 20
10079.737719519098
 10
4654.013497061774
 20
10083.97138366422
 10
4653.474523328324
 20
10088.278748007482
 10
4654.013497061774
 20
10092.586112350744
 10
4655.621196272113
 20
10096.819776495866
 10
4658.270112780113
 20
10100.90730127553
 10
4661.914922889904
 20
10104.778748007482
 10
4666.493262889976
 20
10108.36787516477
 10
4671.926796113572
 20
10111.613271786639
 10
4678.122553300775
 20
10114.459408237093
 10
4684.974523328324
 20
10116.857586332368
 10
4692.365467089323
 20
10118.766772580355
 10
4700.168923486865
 20
10120.154300275022
 10
4708.251373218461
 20
10120.996428432818
 10
4716.474523328324
 20
10121.278748007482
 10
4724.697673438187
 20
10120.996428432818
 10
4732.780123169783
 20
10120.154300275022
 10
4740.583579567325
 20
10118.766772580355
 10
4747.974523328324
 20
10116.857586332368
 10
4754.826493355873
 20
10114.459408237093
 10
4761.022250543077
 20
10111.613271786639
 10
4766.455783766672
 20
10108.36787516477
 10
4771.0341237667435
 20
10104.778748007482
 10
4774.678933876535
 20
10100.90730127553
 10
4777.327850384535
 20
10096.819776495866
 10
4778.935549594874
 20
10092.586112350744
  0
HATCH
  5
29F
330
17
100
AcDbEntity
  8
I-PLANT
 62
7
420
7582315
100
AcDbHatch
 10
0.0
 20
0.0
 30
0.0
210
0.0
220
0.0
230
1.0
  2
SOLID
 70
1
 71
0
 91
1
 92
3
 72
0
 73
1
 93
48
 10
4779.474523328324
 20
10088.278748007482
 10
4778.935549594874
 20
10083.97138366422
 10
4777.327850384535
 20
10079.737719519098
 10
4774.678933876535
 20
10075.650194739434
 10
4771.0341237667435
 20
10071.778748007482
 10
4766.455783766672
 20
10068.189620850195
 10
4761.022250543077
 20
10064.944224228326
 10
4754.826493355873
 20
10062.098087777871
 10
4747.974523328324
 20
10059.699909682597
 10
4740.583579567325
 20
10057.79072343461
 10
4732.780123169783
 20
10056.403195739942
 10
4724.697673438187
 20
10055.561067582146
 10
4716.474523328324
 20
10055.278748007482
 10
4708.251373218461
 20
10055.561067582146
 10
4700.168923486865
 20
10056.403195739942
 10
4692.365467089323
 20
10057.79072343461
 10
4684.974523328324
 20
10059.699909682597
 10
4678.122553300775
 20
10062.098087777871
 10
4671.926796113572
 20
10064.944224228326
 10
4666.493262889976
 20
10068.189620850195
 10
4661.914922889904
 20
10071.778748007482
 10
4658.270112780113
 20
10075.650194739434
 10
4655.621196272113
 20
10079.737719519098
 10
4654.013497061774
 20
10083.97138366422
 10
4653.474523328324
 20
10088.278748007482
 10
4654.013497061774
 20
10092.586112350744
 10
4655.621196272113
 20
10096.819776495866
 10
4658.270112780113
 20
10100.90730127553
 10
4661.914922889904
 20
10104.778748007482
 10
4666.493262889976
 20
10108.36787516477
 10
4671.926796113572
 20
10111.613271786639
 10
4678.122553300775
 20
10114.459408237093
 10
4684.974523328324
 20
10116.857586332368
 10
4692.365467089323
 20
10118.766772580355
 10
4700.168923486865
 20
10120.154300275022
 10
4708.251373218461
 20
10120.996428432818
 10
4716.474523328324
 20
10121.278748007482
 10
4724.697673438187
 20
10120.996428432818
 10
4732.780123169783
 20
10120.154300275022
 10
4740.583579567325
 20
10118.766772580355
 10
4747.974523328324
 20
10116.857586332368
 10
4754.826493355873
 20
10114.459408237093
 10
4761.022250543077
 20
10111.613271786639
 10
4766.455783766672
 20
10108.36787516477
 10
4771.0341237667435
 20
10104.778748007482
 10
4774.678933876535
 20
10100.90730127553
 10
4777.327850384535
 20
10096.819776495866
 10
4778.935549594874
 20
10092.586112350744
 97
0
 75
1
 76
1
 98
0
  0
LWPOLYLINE
  5
2A0
330
17
100
AcDbEntity
  8
I-PLANT
370
9
420
3698749
100
AcDbPolyline
 90
48
 70
1
 10
4745.2821435569385
 20
10040.72004379751
 10
4744.743169823489
 20
10036.412679454248
 10
4743.135470613151
 20
10032.179015309128
 10
4740.48655410515
 20
10028.091490529463
 10
4736.841743995358
 20
10024.22004379751
 10
4732.263403995286
 20
10020.63091664022
 10
4726.829870771691
 20
10017.385520018353
 10
4720.634113584489
 20
10014.539383567899
 10
4713.7821435569385
 20
10012.141205472624
 10
4706.391199795939
 20
10010.232019224637
 10
4698.587743398398
 20
10008.84449152997
 10
4690.505293666803
 20
10008.002363372174
 10
4682.2821435569385
 20
10007.72004379751
 10
4674.058993447075
 20
10008.002363372174
 10
4665.97654371548
 20
10008.84449152997
 10
4658.173087317939
 20
10010.232019224637
 10
4650.7821435569385
 20
10012.141205472624
 10
4643.930173529389
 20
10014.539383567899
 10
4637.734416342187
 20
10017.385520018353
 10
4632.300883118591
 20
10020.63091664022
 10
4627.72254311852
 20
10024.22004379751
 10
4624.077733008728
 20
10028.091490529463
 10
4621.428816500727
 20
10032.179015309128
 10
4619.821117290389
 20
10036.412679454248
 10
4619.2821435569385
 20
10040.72004379751
 10
4619.821117290389
 20
10045.027408140772
 10
4621.428816500727
 20
10049.261072285892
 10
4624.077733008728
 20
10053.348597065557
 10
4627.72254311852
 20
10057.22004379751
 10
4632.300883118591
 20
10060.809170954797
 10
4637.734416342187
 20
10064.054567576666
 10
4643.930173529389
 20
10066.90070402712
 10
4650.7821435569385
 20
10069.298882122395
 10
4658.173087317939
 20
10071.208068370383
 10
4665.97654371548
 20
10072.59559606505
 10
4674.058993447075
 20
10073.437724222846
 10
4682.2821435569385
 20
10073.72004379751
 10
4690.505293666803
 20
10073.437724222846
 10
4698.587743398398
 20
10072.59559606505
 10
4706.391199795939
 20
10071.208068370383
 10
4713.7821435569385
 20
10069.298882122395
 10
4720.634113584489
 20
10066.90070402712
 10
4726.829870771691
 20
10064.054567576666
 10
4732.263403995286
 20
10060.809170954797
 10
4736.841743995358
 20
10057.22004379751
 10
4740.48655410515
 20
10053.348597065557
 10
4743.135470613151
 20
10049.261072285892
 10
4744.743169823489
 20
10045.027408140772
  0
HATCH
  5
2A1
330
17
100
AcDbEntity
  8
I-PLANT
 62
7
420
7582315
100
AcDbHatch
 10
0.0
 20
0.0
 30
0.0
210
0.0
220
0.0
230
1.0
  2
SOLID
 70
1
 71
0
 91
1
 92
3
 72
0
 73
1
 93
48
 10
4745.2821435569385
 20
10040.72004379751
 10
4744.743169823489
 20
10036.412679454248
 10
4743.135470613151
 20
10032.179015309128
 10
4740.48655410515
 20
10028.091490529463
 10
4736.841743995358
 20
10024.22004379751
 10
4732.263403995286
 20
10020.63091664022
 10
4726.829870771691
 20
10017.385520018353
 10
4720.634113584489
 20
10014.539383567899
 10
4713.7821435569385
 20
10012.141205472624
 10
4706.391199795939
 20
10010.232019224637
 10
4698.587743398398
 20
10008.84449152997
 10
4690.505293666803
 20
10008.002363372174
 10
4682.2821435569385
 20
10007.72004379751
 10
4674.058993447075
 20
10008.002363372174
 10
4665.97654371548
 20
10008.84449152997
 10
4658.173087317939
 20
10010.232019224637
 10
4650.7821435569385
 20
10012.141205472624
 10
4643.930173529389
 20
10014.539383567899
 10
4637.734416342187
 20
10017.385520018353
 10
4632.300883118591
 20
10020.63091664022
 10
4627.72254311852
 20
10024.22004379751
 10
4624.077733008728
 20
10028.091490529463
 10
4621.428816500727
 20
10032.179015309128
 10
4619.821117290389
 20
10036.412679454248
 10
4619.2821435569385
 20
10040.72004379751
 10
4619.821117290389
 20
10045.027408140772
 10
4621.428816500727
 20
10049.261072285892
 10
4624.077733008728
 20
10053.348597065557
 10
4627.72254311852
 20
10057.22004379751
 10
4632.300883118591
 20
10060.809170954797
 10
4637.734416342187
 20
10064.054567576666
 10
4643.930173529389
 20
10066.90070402712
 10
4650.7821435569385
 20
10069.298882122395
 10
4658.173087317939
 20
10071.208068370383
 10
4665.97654371548
 20
10072.59559606505
 10
4674.058993447075
 20
10073.437724222846
 10
4682.2821435569385
 20
10073.72004379751
 10
4690.505293666803
 20
10073.437724222846
 10
4698.587743398398
 20
10072.59559606505
 10
4706.391199795939
 20
10071.208068370383
 10
4713.7821435569385
 20
10069.298882122395
 10
4720.634113584489
 20
10066.90070402712
 10
4726.829870771691
 20
10064.054567576666
 10
4732.263403995286
 20
10060.809170954797
 10
4736.841743995358
 20
10057.22004379751
 10
4740.48655410515
 20
10053.348597065557
 10
4743.135470613151
 20
10049.261072285892
 10
4744.743169823489
 20
10045.027408140772
 97
0
 75
1
 76
1
 98
0
  0
LWPOLYLINE
  5
2A2
330
17
100
AcDbEntity
  8
I-PLANT
370
9
420
3698749
100
AcDbPolyline
 90
48
 70
1
 10
4686.780651251458
 20
10037.800355698748
 10
4686.241677518008
 20
10033.492991355486
 10
4684.633978307669
 20
10029.259327210366
 10
4681.985061799669
 20
10025.171802430701
 10
4678.340251689878
 20
10021.300355698748
 10
4673.761911689806
 20
10017.711228541459
 10
4668.328378466211
 20
10014.465831919591
 10
4662.132621279007
 20
10011.619695469137
 10
4655.280651251458
 20
10009.221517373862
 10
4647.889707490459
 20
10007.312331125875
 10
4640.086251092916
 20
10005.924803431208
 10
4632.003801361321
 20
10005.082675273412
 10
4623.780651251458
 20
10004.800355698748
 10
4615.557501141595
 20
10005.082675273412
 10
4607.47505141
 20
10005.924803431208
 10
4599.671595012457
 20
10007.312331125875
 10
4592.280651251458
 20
10009.221517373862
 10
4585.428681223909
 20
10011.619695469137
 10
4579.232924036705
 20
10014.465831919591
 10
4573.79939081311
 20
10017.711228541459
 10
4569.221050813038
 20
10021.300355698748
 10
4565.576240703247
 20
10025.171802430701
 10
4562.927324195247
 20
10029.259327210366
 10
4561.319624984908
 20
10033.492991355486
 10
4560.780651251458
 20
10037.800355698748
 10
4561.319624984908
 20
10042.10772004201
 10
4562.927324195247
 20
10046.34138418713
 10
4565.576240703247
 20
10050.428908966795
 10
4569.221050813038
 20
10054.300355698748
 10
4573.79939081311
 20
10057.889482856035
 10
4579.232924036705
 20
10061.134879477904
 10
4585.428681223909
 20
10063.981015928359
 10
4592.280651251458
 20
10066.379194023633
 10
4599.671595012457
 20
10068.28838027162
 10
4607.47505141
 20
10069.675907966288
 10
4615.557501141595
 20
10070.518036124084
 10
4623.780651251458
 20
10070.800355698748
 10
4632.003801361321
 20
10070.518036124084
 10
4640.086251092916
 20
10069.675907966288
 10
4647.889707490459
 20
10068.28838027162
 10
4655.280651251458
 20
10066.379194023633
 10
4662.132621279007
 20
10063.981015928359
 10
4668.328378466211
 20
10061.134879477904
 10
4673.761911689806
 20
10057.889482856035
 10
4678.340251689878
 20
10054.300355698748
 10
4681.985061799669
 20
10050.428908966795
 10
4684.633978307669
 20
10046.34138418713
 10
4686.241677518008
 20
10042.10772004201
  0
HATCH
  5
2A3
330
17
100
AcDbEntity
  8
I-PLANT
 62
7
420
7582315
100
AcDbHatch
 10
0.0
 20
0.0
 30
0.0
210
0.0
220
0.0
230
1.0
  2
SOLID
 70
1
 71
0
 91
1
 92
3
 72
0
 73
1
 93
48
 10
4686.780651251458
 20
10037.800355698748
 10
4686.241677518008
 20
10033.492991355486
 10
4684.633978307669
 20
10029.259327210366
 10
4681.985061799669
 20
10025.171802430701
 10
4678.340251689878
 20
10021.300355698748
 10
4673.761911689806
 20
10017.711228541459
 10
4668.328378466211
 20
10014.465831919591
 10
4662.132621279007
 20
10011.619695469137
 10
4655.280651251458
 20
10009.221517373862
 10
4647.889707490459
 20
10007.312331125875
 10
4640.086251092916
 20
10005.924803431208
 10
4632.003801361321
 20
10005.082675273412
 10
4623.780651251458
 20
10004.800355698748
 10
4615.557501141595
 20
10005.082675273412
 10
4607.47505141
 20
10005.924803431208
 10
4599.671595012457
 20
10007.312331125875
 10
4592.280651251458
 20
10009.221517373862
 10
4585.428681223909
 20
10011.619695469137
 10
4579.232924036705
 20
10014.465831919591
 10
4573.79939081311
 20
10017.711228541459
 10
4569.221050813038
 20
10021.300355698748
 10
4565.576240703247
 20
10025.171802430701
 10
4562.927324195247
 20
10029.259327210366
 10
4561.319624984908
 20
10033.492991355486
 10
4560.780651251458
 20
10037.800355698748
 10
4561.319624984908
 20
10042.10772004201
 10
4562.927324195247
 20
10046.34138418713
 10
4565.576240703247
 20
10050.428908966795
 10
4569.221050813038
 20
10054.300355698748
 10
4573.79939081311
 20
10057.889482856035
 10
4579.232924036705
 20
10061.134879477904
 10
4585.428681223909
 20
10063.981015928359
 10
4592.280651251458
 20
10066.379194023633
 10
4599.671595012457
 20
10068.28838027162
 10
4607.47505141
 20
10069.675907966288
 10
4615.557501141595
 20
10070.518036124084
 10
4623.780651251458
 20
10070.800355698748
 10
4632.003801361321
 20
10070.518036124084
 10
4640.086251092916
 20
10069.675907966288
 10
4647.889707490459
 20
10068.28838027162
 10
4655.280651251458
 20
10066.379194023633
 10
4662.132621279007
 20
10063.981015928359
 10
4668.328378466211
 20
10061.134879477904
 10
4673.761911689806
 20
10057.889482856035
 10
4678.340251689878
 20
10054.300355698748
 10
4681.985061799669
 20
10050.428908966795
 10
4684.633978307669
 20
10046.34138418713
 10
4686.241677518008
 20
10042.10772004201
 97
0
 75
1
 76
1
 98
0
  0
LWPOLYLINE
  5
2A4
330
17
100
AcDbEntity
  8
I-PLANT
370
9
420
3698749
100
AcDbPolyline
 90
48
 70
1
 10
4648.022863330874
 20
10081.718268400347
 10
4647.483889597424
 20
10077.410904057086
 10
4645.876190387085
 20
10073.177239911964
 10
4643.227273879085
 20
10069.089715132299
 10
4639.582463769294
 20
10065.218268400347
 10
4635.004123769222
 20
10061.629141243058
 10
4629.570590545627
 20
10058.383744621191
 10
4623.3748333584235
 20
10055.537608170736
 10
4616.522863330874
 20
10053.13943007546
 10
4609.131919569875
 20
10051.230243827475
 10
4601.328463172333
 20
10049.842716132807
 10
4593.246013440737
 20
10049.000587975012
 10
4585.022863330874
 20
10048.718268400347
 10
4576.799713221011
 20
10049.000587975012
 10
4568.717263489415
 20
10049.842716132807
 10
4560.913807091873
 20
10051.230243827475
 10
4553.522863330874
 20
10053.13943007546
 10
4546.670893303325
 20
10055.537608170736
 10
4540.475136116122
 20
10058.383744621191
 10
4535.0416028925265
 20
10061.629141243058
 10
4530.463262892455
 20
10065.218268400347
 10
4526.818452782663
 20
10069.089715132299
 10
4524.169536274663
 20
10073.177239911964
 10
4522.561837064324
 20
10077.410904057086
 10
4522.022863330874
 20
10081.718268400347
 10
4522.561837064324
 20
10086.02563274361
 10
4524.169536274663
 20
10090.25929688873
 10
4526.818452782663
 20
10094.346821668394
 10
4530.463262892455
 20
10098.218268400347
 10
4535.0416028925265
 20
10101.807395557635
 10
4540.475136116122
 20
10105.052792179504
 10
4546.670893303325
 20
10107.898928629958
 10
4553.522863330874
 20
10110.297106725233
 10
4560.913807091873
 20
10112.20629297322
 10
4568.717263489415
 20
10113.593820667886
 10
4576.799713221011
 20
10114.435948825683
 10
4585.022863330874
 20
10114.718268400347
 10
4593.246013440737
 20
10114.435948825683
 10
4601.328463172333
 20
10113.593820667886
 10
4609.131919569875
 20
10112.20629297322
 10
4616.522863330874
 20
10110.297106725233
 10
4623.3748333584235
 20
10107.898928629958
 10
4629.570590545627
 20
10105.052792179504
 10
4635.004123769222
 20
10101.807395557635
 10
4639.582463769294
 20
10098.218268400347
 10
4643.227273879085
 20
10094.346821668394
 10
4645.876190387085
 20
10090.25929688873
 10
4647.483889597424
 20
10086.02563274361
  0
HATCH
  5
2A5
330
17
100
AcDbEntity
  8
I-PLANT
 62
7
420
7582315
100
AcDbHatch
 10
0.0
 20
0.0
 30
0.0
210
0.0
220
0.0
230
1.0
  2
SOLID
 70
1
 71
0
 91
1
 92
3
 72
0
 73
1
 93
48
 10
4648.022863330874
 20
10081.718268400347
 10
4647.483889597424
 20
10077.410904057086
 10
4645.876190387085
 20
10073.177239911964
 10
4643.227273879085
 20
10069.089715132299
 10
4639.582463769294
 20
10065.218268400347
 10
4635.004123769222
 20
10061.629141243058
 10
4629.570590545627
 20
10058.383744621191
 10
4623.3748333584235
 20
10055.537608170736
 10
4616.522863330874
 20
10053.13943007546
 10
4609.131919569875
 20
10051.230243827475
 10
4601.328463172333
 20
10049.842716132807
 10
4593.246013440737
 20
10049.000587975012
 10
4585.022863330874
 20
10048.718268400347
 10
4576.799713221011
 20
10049.000587975012
 10
4568.717263489415
 20
10049.842716132807
 10
4560.913807091873
 20
10051.230243827475
 10
4553.522863330874
 20
10053.13943007546
 10
4546.670893303325
 20
10055.537608170736
 10
4540.475136116122
 20
10058.383744621191
 10
4535.0416028925265
 20
10061.629141243058
 10
4530.463262892455
 20
10065.218268400347
 10
4526.818452782663
 20
10069.089715132299
 10
4524.169536274663
 20
10073.177239911964
 10
4522.561837064324
 20
10077.410904057086
 10
4522.022863330874
 20
10081.718268400347
 10
4522.561837064324
 20
10086.02563274361
 10
4524.169536274663
 20
10090.25929688873
 10
4526.818452782663
 20
10094.346821668394
 10
4530.463262892455
 20
10098.218268400347
 10
4535.0416028925265
 20
10101.807395557635
 10
4540.475136116122
 20
10105.052792179504
 10
4546.670893303325
 20
10107.898928629958
 10
4553.522863330874
 20
10110.297106725233
 10
4560.913807091873
 20
10112.20629297322
 10
4568.717263489415
 20
10113.593820667886
 10
4576.799713221011
 20
10114.435948825683
 10
4585.022863330874
 20
10114.718268400347
 10
4593.246013440737
 20
10114.435948825683
 10
4601.328463172333
 20
10113.593820667886
 10
4609.131919569875
 20
10112.20629297322
 10
4616.522863330874
 20
10110.297106725233
 10
4623.3748333584235
 20
10107.898928629958
 10
4629.570590545627
 20
10105.052792179504
 10
4635.004123769222
 20
10101.807395557635
 10
4639.582463769294
 20
10098.218268400347
 10
4643.227273879085
 20
10094.346821668394
 10
4645.876190387085
 20
10090.25929688873
 10
4647.483889597424
 20
10086.02563274361
 97
0
 75
1
 76
1
 98
0
  0
LWPOLYLINE
  5
2A6
330
17
100
AcDbEntity
  8
I-PLANT
370
9
420
3698749
100
AcDbPolyline
 90
48
 70
1
 10
4658.19418461418
 20
10139.402697875848
 10
4657.65521088073
 20
10135.095333532587
 10
4656.047511670391
 20
10130.861669387465
 10
4653.398595162391
 20
10126.7741446078
 10
4649.7537850526
 20
10122.902697875848
 10
4645.175445052528
 20
10119.313570718561
 10
4639.741911828933
 20
10116.068174096692
 10
4633.546154641729
 20
10113.222037646237
 10
4626.69418461418
 20
10110.823859550961
 10
4619.30324085318
 20
10108.914673302976
 10
4611.499784455638
 20
10107.52714560831
 10
4603.417334724043
 20
10106.685017450513
 10
4595.19418461418
 20
10106.402697875848
 10
4586.971034504317
 20
10106.685017450513
 10
4578.888584772721
 20
10107.52714560831
 10
4571.085128375179
 20
10108.914673302976
 10
4563.69418461418
 20
10110.823859550961
 10
4556.84221458663
 20
10113.222037646237
 10
4550.646457399427
 20
10116.068174096692
 10
4545.212924175832
 20
10119.313570718561
 10
4540.63458417576
 20
10122.902697875848
 10
4536.989774065969
 20
10126.7741446078
 10
4534.340857557969
 20
10130.861669387465
 10
4532.73315834763
 20
10135.095333532587
 10
4532.19418461418
 20
10139.402697875848
 10
4532.73315834763
 20
10143.71006221911
 10
4534.340857557969
 20
10147.943726364232
 10
4536.989774065969
 20
10152.031251143897
 10
4540.63458417576
 20
10155.902697875848
 10
4545.212924175832
 20
10159.491825033136
 10
4550.646457399427
 20
10162.737221655005
 10
4556.84221458663
 20
10165.58335810546
 10
4563.69418461418
 20
10167.981536200736
 10
4571.085128375179
 20
10169.890722448721
 10
4578.888584772721
 20
10171.278250143387
 10
4586.971034504317
 20
10172.120378301184
 10
4595.19418461418
 20
10172.402697875848
 10
4603.417334724043
 20
10172.120378301184
 10
4611.499784455638
 20
10171.278250143387
 10
4619.30324085318
 20
10169.890722448721
 10
4626.69418461418
 20
10167.981536200736
 10
4633.546154641729
 20
10165.58335810546
 10
4639.741911828933
 20
10162.737221655005
 10
4645.175445052528
 20
10159.491825033136
 10
4649.7537850526
 20
10155.902697875848
 10
4653.398595162391
 20
10152.031251143897
 10
4656.047511670391
 20
10147.943726364232
 10
4657.65521088073
 20
10143.71006221911
  0
HATCH
  5
2A7
330
17
100
AcDbEntity
  8
I-PLANT
 62
7
420
7582315
100
AcDbHatch
 10
0.0
 20
0.0
 30
0.0
210
0.0
220
0.0
230
1.0
  2
SOLID
 70
1
 71
0
 91
1
 92
3
 72
0
 73
1
 93
48
 10
4658.19418461418
 20
10139.402697875848
 10
4657.65521088073
 20
10135.095333532587
 10
4656.047511670391
 20
10130.861669387465
 10
4653.398595162391
 20
10126.7741446078
 10
4649.7537850526
 20
10122.902697875848
 10
4645.175445052528
 20
10119.313570718561
 10
4639.741911828933
 20
10116.068174096692
 10
4633.546154641729
 20
10113.222037646237
 10
4626.69418461418
 20
10110.823859550961
 10
4619.30324085318
 20
10108.914673302976
 10
4611.499784455638
 20
10107.52714560831
 10
4603.417334724043
 20
10106.685017450513
 10
4595.19418461418
 20
10106.402697875848
 10
4586.971034504317
 20
10106.685017450513
 10
4578.888584772721
 20
10107.52714560831
 10
4571.085128375179
 20
10108.914673302976
 10
4563.69418461418
 20
10110.823859550961
 10
4556.84221458663
 20
10113.222037646237
 10
4550.646457399427
 20
10116.068174096692
 10
4545.212924175832
 20
10119.313570718561
 10
4540.63458417576
 20
10122.902697875848
 10
4536.989774065969
 20
10126.7741446078
 10
4534.340857557969
 20
10130.861669387465
 10
4532.73315834763
 20
10135.095333532587
 10
4532.19418461418
 20
10139.402697875848
 10
4532.73315834763
 20
10143.71006221911
 10
4534.340857557969
 20
10147.943726364232
 10
4536.989774065969
 20
10152.031251143897
 10
4540.63458417576
 20
10155.902697875848
 10
4545.212924175832
 20
10159.491825033136
 10
4550.646457399427
 20
10162.737221655005
 10
4556.84221458663
 20
10165.58335810546
 10
4563.69418461418
 20
10167.981536200736
 10
4571.085128375179
 20
10169.890722448721
 10
4578.888584772721
 20
10171.278250143387
 10
4586.971034504317
 20
10172.120378301184
 10
4595.19418461418
 20
10172.402697875848
 10
4603.417334724043
 20
10172.120378301184
 10
4611.499784455638
 20
10171.278250143387
 10
4619.30324085318
 20
10169.890722448721
 10
4626.69418461418
 20
10167.981536200736
 10
4633.546154641729
 20
10165.58335810546
 10
4639.741911828933
 20
10162.737221655005
 10
4645.175445052528
 20
10159.491825033136
 10
4649.7537850526
 20
10155.902697875848
 10
4653.398595162391
 20
10152.031251143897
 10
4656.047511670391
 20
10147.943726364232
 10
4657.65521088073
 20
10143.71006221911
 97
0
 75
1
 76
1
 98
0
  0
LWPOLYLINE
  5
2A8
330
17
100
AcDbEntity
  8
I-PLANT
370
9
420
3698749
100
AcDbPolyline
 90
48
 70
1
 10
4709.635402717903
 20
10167.416092182277
 10
4709.096428984453
 20
10163.108727839015
 10
4707.488729774114
 20
10158.875063693893
 10
4704.839813266114
 20
10154.787538914228
 10
4701.195003156323
 20
10150.916092182277
 10
4696.616663156251
 20
10147.32696502499
 10
4691.183129932656
 20
10144.081568403122
 10
4684.987372745452
 20
10141.235431952668
 10
4678.135402717903
 20
10138.837253857391
 10
4670.744458956904
 20
10136.928067609406
 10
4662.941002559362
 20
10135.540539914738
 10
4654.858552827766
 20
10134.698411756941
 10
4646.635402717903
 20
10134.416092182277
 10
4638.41225260804
 20
10134.698411756941
 10
4630.329802876444
 20
10135.540539914738
 10
4622.526346478902
 20
10136.928067609406
 10
4615.135402717903
 20
10138.837253857391
 10
4608.283432690354
 20
10141.235431952668
 10
4602.08767550315
 20
10144.081568403122
 10
4596.654142279555
 20
10147.32696502499
 10
4592.0758022794835
 20
10150.916092182277
 10
4588.430992169692
 20
10154.787538914228
 10
4585.782075661692
 20
10158.875063693893
 10
4584.174376451353
 20
10163.108727839015
 10
4583.635402717903
 20
10167.416092182277
 10
4584.174376451353
 20
10171.723456525538
 10
4585.782075661692
 20
10175.95712067066
 10
4588.430992169692
 20
10180.044645450325
 10
4592.0758022794835
 20
10183.916092182277
 10
4596.654142279555
 20
10187.505219339564
 10
4602.08767550315
 20
10190.750615961433
 10
4608.283432690354
 20
10193.596752411888
 10
4615.135402717903
 20
10195.994930507164
 10
4622.526346478902
 20
10197.90411675515
 10
4630.329802876444
 20
10199.291644449817
 10
4638.41225260804
 20
10200.133772607613
 10
4646.635402717903
 20
10200.416092182277
 10
4654.858552827766
 20
10200.133772607613
 10
4662.941002559362
 20
10199.291644449817
 10
4670.744458956904
 20
10197.90411675515
 10
4678.135402717903
 20
10195.994930507164
 10
4684.987372745452
 20
10193.596752411888
 10
4691.183129932655
 20
10190.750615961433
 10
4696.616663156251
 20
10187.505219339564
 10
4701.195003156323
 20
10183.916092182277
 10
4704.839813266114
 20
10180.044645450325
 10
4707.488729774114
 20
10175.95712067066
 10
4709.096428984453
 20
10171.723456525538
  0
HATCH
  5
2A9
330
17
100
AcDbEntity
  8
I-PLANT
 62
7
420
7582315
100
AcDbHatch
 10
0.0
 20
0.0
 30
0.0
210
0.0
220
0.0
230
1.0
  2
SOLID
 70
1
 71
0
 91
1
 92
3
 72
0
 73
1
 93
48
 10
4709.635402717903
 20
10167.416092182277
 10
4709.096428984453
 20
10163.108727839015
 10
4707.488729774114
 20
10158.875063693893
 10
4704.839813266114
 20
10154.787538914228
 10
4701.195003156323
 20
10150.916092182277
 10
4696.616663156251
 20
10147.32696502499
 10
4691.183129932656
 20
10144.081568403122
 10
4684.987372745452
 20
10141.235431952668
 10
4678.135402717903
 20
10138.837253857391
 10
4670.744458956904
 20
10136.928067609406
 10
4662.941002559362
 20
10135.540539914738
 10
4654.858552827766
 20
10134.698411756941
 10
4646.635402717903
 20
10134.416092182277
 10
4638.41225260804
 20
10134.698411756941
 10
4630.329802876444
 20
10135.540539914738
 10
4622.526346478902
 20
10136.928067609406
 10
4615.135402717903
 20
10138.837253857391
 10
4608.283432690354
 20
10141.235431952668
 10
4602.08767550315
 20
10144.081568403122
 10
4596.654142279555
 20
10147.32696502499
 10
4592.0758022794835
 20
10150.916092182277
 10
4588.430992169692
 20
10154.787538914228
 10
4585.782075661692
 20
10158.875063693893
 10
4584.174376451353
 20
10163.108727839015
 10
4583.635402717903
 20
10167.416092182277
 10
4584.174376451353
 20
10171.723456525538
 10
4585.782075661692
 20
10175.95712067066
 10
4588.430992169692
 20
10180.044645450325
 10
4592.0758022794835
 20
10183.916092182277
 10
4596.654142279555
 20
10187.505219339564
 10
4602.08767550315
 20
10190.750615961433
 10
4608.283432690354
 20
10193.596752411888
 10
4615.135402717903
 20
10195.994930507164
 10
4622.526346478902
 20
10197.90411675515
 10
4630.329802876444
 20
10199.291644449817
 10
4638.41225260804
 20
10200.133772607613
 10
4646.635402717903
 20
10200.416092182277
 10
4654.858552827766
 20
10200.133772607613
 10
4662.941002559362
 20
10199.291644449817
 10
4670.744458956904
 20
10197.90411675515
 10
4678.135402717903
 20
10195.994930507164
 10
4684.987372745452
 20
10193.596752411888
 10
4691.183129932655
 20
10190.750615961433
 10
4696.616663156251
 20
10187.505219339564
 10
4701.195003156323
 20
10183.916092182277
 10
4704.839813266114
 20
10180.044645450325
 10
4707.488729774114
 20
10175.95712067066
 10
4709.096428984453
 20
10171.723456525538
 97
0
 75
1
 76
1
 98
0
  0
LWPOLYLINE
  5
2AA
330
17
100
AcDbEntity
  8
I-PLANT
370
9
420
3698749
100
AcDbPolyline
 90
48
 70
1
 10
4763.610231200322
 20
10144.663794037788
 10
4763.071257466872
 20
10140.356429694526
 10
4761.463558256533
 20
10136.122765549404
 10
4758.814641748533
 20
10132.03524076974
 10
4755.169831638742
 20
10128.163794037788
 10
4750.59149163867
 20
10124.5746668805
 10
4745.157958415075
 20
10121.329270258633
 10
4738.962201227871
 20
10118.483133808179
 10
4732.110231200322
 20
10116.084955712902
 10
4724.719287439322
 20
10114.175769464917
 10
4716.915831041781
 20
10112.78824177025
 10
4708.833381310185
 20
10111.946113612452
 10
4700.610231200322
 20
10111.663794037788
 10
4692.387081090459
 20
10111.946113612452
 10
4684.304631358863
 20
10112.78824177025
 10
4676.501174961321
 20
10114.175769464917
 10
4669.110231200322
 20
10116.084955712902
 10
4662.258261172773
 20
10118.483133808179
 10
4656.0625039855695
 20
10121.329270258633
 10
4650.628970761974
 20
10124.5746668805
 10
4646.0506307619025
 20
10128.163794037788
 10
4642.405820652111
 20
10132.03524076974
 10
4639.756904144111
 20
10136.122765549404
 10
4638.149204933772
 20
10140.356429694526
 10
4637.610231200322
 20
10144.663794037788
 10
4638.149204933772
 20
10148.97115838105
 10
4639.756904144111
 20
10153.204822526171
 10
4642.405820652111
 20
10157.292347305836
 10
4646.0506307619025
 20
10161.163794037788
 10
4650.628970761974
 20
10164.752921195075
 10
4656.0625039855695
 20
10167.998317816944
 10
4662.258261172772
 20
10170.844454267399
 10
4669.110231200322
 20
10173.242632362675
 10
4676.501174961321
 20
10175.15181861066
 10
4684.304631358863
 20
10176.539346305328
 10
4692.387081090459
 20
10177.381474463124
 10
4700.610231200322
 20
10177.663794037788
 10
4708.833381310185
 20
10177.381474463124
 10
4716.915831041781
 20
10176.539346305328
 10
4724.719287439322
 20
10175.15181861066
 10
4732.110231200322
 20
10173.242632362675
 10
4738.962201227871
 20
10170.844454267399
 10
4745.157958415075
 20
10167.998317816944
 10
4750.59149163867
 20
10164.752921195075
 10
4755.169831638742
 20
10161.163794037788
 10
4758.814641748533
 20
10157.292347305836
 10
4761.463558256533
 20
10153.204822526171
 10
4763.071257466872
 20
10148.97115838105
  0
HATCH
  5
2AB
330
17
100
AcDbEntity
  8
I-PLANT
 62
7
420
7582315
100
AcDbHatch
 10
0.0
 20
0.0
 30
0.0
210
0.0
220
0.0
230
1.0
  2
SOLID
 70
1
 71
0
 91
1
 92
3
 72
0
 73
1
 93
48
 10
4763.610231200322
 20
10144.663794037788
 10
4763.071257466872
 20
10140.356429694526
 10
4761.463558256533
 20
10136.122765549404
 10
4758.814641748533
 20
10132.03524076974
 10
4755.169831638742
 20
10128.163794037788
 10
4750.59149163867
 20
10124.5746668805
 10
4745.157958415075
 20
10121.329270258633
 10
4738.962201227871
 20
10118.483133808179
 10
4732.110231200322
 20
10116.084955712902
 10
4724.719287439322
 20
10114.175769464917
 10
4716.915831041781
 20
10112.78824177025
 10
4708.833381310185
 20
10111.946113612452
 10
4700.610231200322
 20
10111.663794037788
 10
4692.387081090459
 20
10111.946113612452
 10
4684.304631358863
 20
10112.78824177025
 10
4676.501174961321
 20
10114.175769464917
 10
4669.110231200322
 20
10116.084955712902
 10
4662.258261172773
 20
10118.483133808179
 10
4656.0625039855695
 20
10121.329270258633
 10
4650.628970761974
 20
10124.5746668805
 10
4646.0506307619025
 20
10128.163794037788
 10
4642.405820652111
 20
10132.03524076974
 10
4639.756904144111
 20
10136.122765549404
 10
4638.149204933772
 20
10140.356429694526
 10
4637.610231200322
 20
10144.663794037788
 10
4638.149204933772
 20
10148.97115838105
 10
4639.756904144111
 20
10153.204822526171
 10
4642.405820652111
 20
10157.292347305836
 10
4646.0506307619025
 20
10161.163794037788
 10
4650.628970761974
 20
10164.752921195075
 10
4656.0625039855695
 20
10167.998317816944
 10
4662.258261172772
 20
10170.844454267399
 10
4669.110231200322
 20
10173.242632362675
 10
4676.501174961321
 20
10175.15181861066
 10
4684.304631358863
 20
10176.539346305328
 10
4692.387081090459
 20
10177.381474463124
 10
4700.610231200322
 20
10177.663794037788
 10
4708.833381310185
 20
10177.381474463124
 10
4716.915831041781
 20
10176.539346305328
 10
4724.719287439322
 20
10175.15181861066
 10
4732.110231200322
 20
10173.242632362675
 10
4738.962201227871
 20
10170.844454267399
 10
4745.157958415075
 20
10167.998317816944
 10
4750.59149163867
 20
10164.752921195075
 10
4755.169831638742
 20
10161.163794037788
 10
4758.814641748533
 20
10157.292347305836
 10
4761.463558256533
 20
10153.204822526171
 10
4763.071257466872
 20
10148.97115838105
 97
0
 75
1
 76
1
 98
0
  0
CIRCLE
  5
2AC
330
17
100
AcDbEntity
  8
I-PLANT
370
9
420
3698749
100
AcDbCircle
 10
4650.0
 20
10100.0
 30
0.0
 40
27.0
  0
HATCH
  5
2AD
330
17
100
AcDbEntity
  8
I-PLANT
 62
7
420
9199936
100
AcDbHatch
 10
0.0
 20
0.0
 30
0.0
210
0.0
220
0.0
230
1.0
  2
SOLID
 70
1
 71
0
 91
1
 92
1
 93
1
 72
2
 10
4650.0
 20
10100.0
 40
27.0
 50
0
 51
360
 73
1
 97
0
 75
1
 76
1
 98
0
  0
LWPOLYLINE
  5
2AE
330
17
100
AcDbEntity
  8
I-FURN
370
13
420
5000274
100
AcDbPolyline
 90
28
 70
1
 10
8450.0
 20
14110.0
 10
8462.940952255125
 20
14108.296291314453
 10
8475.0
 20
14103.301270189222
 10
8485.355339059328
 20
14095.355339059328
 10
8493.301270189222
 20
14085.0
 10
8498.296291314453
 20
14072.940952255127
 10
8500.0
 20
14060.0
 10
8500.0
 20
13270.0
 10
8498.296291314453
 20
13257.059047744873
 10
8493.301270189222
 20
13245.0
 10
8485.355339059328
 20
13234.644660940672
 10
8475.0
 20
13226.698729810778
 10
8462.940952255125
 20
13221.703708685547
 10
8450.0
 20
13220.0
 10
6550.0
 20
13220.0
 10
6537.059047744874
 20
13221.703708685547
 10
6525.0
 20
13226.698729810778
 10
6514.644660940672
 20
13234.644660940672
 10
6506.698729810778
 20
13245.0
 10
6501.703708685547
 20
13257.059047744873
 10
6500.0
 20
13270.0
 10
6500.0
 20
14060.0
 10
6501.703708685547
 20
14072.940952255127
 10
6506.698729810778
 20
14085.0
 10
6514.644660940672
 20
14095.355339059328
 10
6525.0
 20
14103.301270189222
 10
6537.059047744874
 20
14108.296291314453
 10
6550.0
 20
14110.0
  0
HATCH
  5
2AF
330
17
100
AcDbEntity
  8
I-FURN
 62
7
420
15591131
100
AcDbHatch
 10
0.0
 20
0.0
 30
0.0
210
0.0
220
0.0
230
1.0
  2
SOLID
 70
1
 71
0
 91
1
 92
3
 72
0
 73
1
 93
28
 10
8450.0
 20
14110.0
 10
8462.940952255125
 20
14108.296291314453
 10
8475.0
 20
14103.301270189222
 10
8485.355339059328
 20
14095.355339059328
 10
8493.301270189222
 20
14085.0
 10
8498.296291314453
 20
14072.940952255127
 10
8500.0
 20
14060.0
 10
8500.0
 20
13270.0
 10
8498.296291314453
 20
13257.059047744873
 10
8493.301270189222
 20
13245.0
 10
8485.355339059328
 20
13234.644660940672
 10
8475.0
 20
13226.698729810778
 10
8462.940952255125
 20
13221.703708685547
 10
8450.0
 20
13220.0
 10
6550.0
 20
13220.0
 10
6537.059047744874
 20
13221.703708685547
 10
6525.0
 20
13226.698729810778
 10
6514.644660940672
 20
13234.644660940672
 10
6506.698729810778
 20
13245.0
 10
6501.703708685547
 20
13257.059047744873
 10
6500.0
 20
13270.0
 10
6500.0
 20
14060.0
 10
6501.703708685547
 20
14072.940952255127
 10
6506.698729810778
 20
14085.0
 10
6514.644660940672
 20
14095.355339059328
 10
6525.0
 20
14103.301270189222
 10
6537.059047744874
 20
14108.296291314453
 10
6550.0
 20
14110.0
 97
0
 75
1
 76
1
 98
0
  0
LWPOLYLINE
  5
2B0
330
17
100
AcDbEntity
  8
I-FURN
370
13
420
11711154
100
AcDbPolyline
 90
28
 70
1
 10
8410.0
 20
14080.0
 10
8425.529142706151
 20
14077.955549577344
 10
8440.0
 20
14071.961524227067
 10
8452.426406871193
 20
14062.426406871193
 10
8461.961524227067
 20
14050.0
 10
8467.955549577344
 20
14035.529142706151
 10
8470.0
 20
14020.0
 10
8470.0
 20
13310.0
 10
8467.955549577344
 20
13294.470857293849
 10
8461.961524227067
 20
13280.0
 10
8452.426406871193
 20
13267.573593128807
 10
8440.0
 20
13258.038475772933
 10
8425.529142706151
 20
13252.044450422656
 10
8410.0
 20
13250.0
 10
6650.0
 20
13250.0
 10
6634.470857293849
 20
13252.044450422656
 10
6620.0
 20
13258.038475772933
 10
6607.573593128807
 20
13267.573593128807
 10
6598.038475772933
 20
13280.0
 10
6592.044450422656
 20
13294.470857293849
 10
6590.0
 20
13310.0
 10
6590.0
 20
14020.0
 10
6592.044450422656
 20
14035.529142706151
 10
6598.038475772933
 20
14050.0
 10
6607.573593128807
 20
14062.426406871193
 10
6620.0
 20
14071.961524227067
 10
6634.470857293849
 20
14077.955549577344
 10
6650.0
 20
14080.0
  0
HATCH
  5
2B1
330
17
100
AcDbEntity
  8
I-FURN
 62
7
420
16777215
100
AcDbHatch
 10
0.0
 20
0.0
 30
0.0
210
0.0
220
0.0
230
1.0
  2
SOLID
 70
1
 71
0
 91
1
 92
3
 72
0
 73
1
 93
28
 10
8410.0
 20
14080.0
 10
8425.529142706151
 20
14077.955549577344
 10
8440.0
 20
14071.961524227067
 10
8452.426406871193
 20
14062.426406871193
 10
8461.961524227067
 20
14050.0
 10
8467.955549577344
 20
14035.529142706151
 10
8470.0
 20
14020.0
 10
8470.0
 20
13310.0
 10
8467.955549577344
 20
13294.470857293849
 10
8461.961524227067
 20
13280.0
 10
8452.426406871193
 20
13267.573593128807
 10
8440.0
 20
13258.038475772933
 10
8425.529142706151
 20
13252.044450422656
 10
8410.0
 20
13250.0
 10
6650.0
 20
13250.0
 10
6634.470857293849
 20
13252.044450422656
 10
6620.0
 20
13258.038475772933
 10
6607.573593128807
 20
13267.573593128807
 10
6598.038475772933
 20
13280.0
 10
6592.044450422656
 20
13294.470857293849
 10
6590.0
 20
13310.0
 10
6590.0
 20
14020.0
 10
6592.044450422656
 20
14035.529142706151
 10
6598.038475772933
 20
14050.0
 10
6607.573593128807
 20
14062.426406871193
 10
6620.0
 20
14071.961524227067
 10
6634.470857293849
 20
14077.955549577344
 10
6650.0
 20
14080.0
 97
0
 75
1
 76
1
 98
0
  0
LWPOLYLINE
  5
2B2
330
17
100
AcDbEntity
  8
I-FURN
370
13
420
8421516
100
AcDbPolyline
 90
28
 70
1
 10
8410.0
 20
14090.0
 10
8425.529142706151
 20
14087.955549577344
 10
8440.0
 20
14081.961524227067
 10
8452.426406871193
 20
14072.426406871193
 10
8461.961524227067
 20
14060.0
 10
8467.955549577344
 20
14045.529142706151
 10
8470.0
 20
14030.0
 10
8470.0
 20
13300.0
 10
8467.955549577344
 20
13284.470857293849
 10
8461.961524227067
 20
13270.0
 10
8452.426406871193
 20
13257.573593128807
 10
8440.0
 20
13248.038475772933
 10
8425.529142706151
 20
13242.044450422656
 10
8410.0
 20
13240.0
 10
7160.0
 20
13240.0
 10
7144.470857293849
 20
13242.044450422656
 10
7130.0
 20
13248.038475772933
 10
7117.573593128807
 20
13257.573593128807
 10
7108.038475772933
 20
13270.0
 10
7102.044450422656
 20
13284.470857293849
 10
7100.0
 20
13300.0
 10
7100.0
 20
14030.0
 10
7102.044450422656
 20
14045.529142706151
 10
7108.038475772933
 20
14060.0
 10
7117.573593128807
 20
14072.426406871193
 10
7130.0
 20
14081.961524227067
 10
7144.470857293849
 20
14087.955549577344
 10
7160.0
 20
14090.0
  0
HATCH
  5
2B3
330
17
100
AcDbEntity
  8
I-FURN
 62
7
420
15907529
100
AcDbHatch
 10
0.0
 20
0.0
 30
0.0
210
0.0
220
0.0
230
1.0
  2
SOLID
 70
1
 71
0
 91
1
 92
3
 72
0
 73
1
 93
28
 10
8410.0
 20
14090.0
 10
8425.529142706151
 20
14087.955549577344
 10
8440.0
 20
14081.961524227067
 10
8452.426406871193
 20
14072.426406871193
 10
8461.961524227067
 20
14060.0
 10
8467.955549577344
 20
14045.529142706151
 10
8470.0
 20
14030.0
 10
8470.0
 20
13300.0
 10
8467.955549577344
 20
13284.470857293849
 10
8461.961524227067
 20
13270.0
 10
8452.426406871193
 20
13257.573593128807
 10
8440.0
 20
13248.038475772933
 10
8425.529142706151
 20
13242.044450422656
 10
8410.0
 20
13240.0
 10
7160.0
 20
13240.0
 10
7144.470857293849
 20
13242.044450422656
 10
7130.0
 20
13248.038475772933
 10
7117.573593128807
 20
13257.573593128807
 10
7108.038475772933
 20
13270.0
 10
7102.044450422656
 20
13284.470857293849
 10
7100.0
 20
13300.0
 10
7100.0
 20
14030.0
 10
7102.044450422656
 20
14045.529142706151
 10
7108.038475772933
 20
14060.0
 10
7117.573593128807
 20
14072.426406871193
 10
7130.0
 20
14081.961524227067
 10
7144.470857293849
 20
14087.955549577344
 10
7160.0
 20
14090.0
 97
0
 75
1
 76
1
 98
0
  0
LWPOLYLINE
  5
2B4
330
17
100
AcDbEntity
  8
I-FURN
370
13
420
6710899
100
AcDbPolyline
 90
4
 70
1
 10
8020.0
 20
14100.0
 10
8440.0
 20
14100.0
 10
8440.0
 20
13230.0
 10
8020.0
 20
13230.0
  0
HATCH
  5
2B5
330
17
100
AcDbEntity
  8
I-FURN
 62
7
420
16441497
100
AcDbHatch
 10
0.0
 20
0.0
 30
0.0
210
0.0
220
0.0
230
1.0
  2
SOLID
 70
1
 71
0
 91
1
 92
3
 72
0
 73
1
 93
4
 10
8020.0
 20
14100.0
 10
8440.0
 20
14100.0
 10
8440.0
 20
13230.0
 10
8020.0
 20
13230.0
 97
0
 75
1
 76
1
 98
0
  0
LWPOLYLINE
  5
2B6
330
17
100
AcDbEntity
  8
I-FURN
370
13
420
10066334
100
AcDbPolyline
 90
28
 70
1
 10
6950.0
 20
14050.0
 10
6968.117333157176
 20
14047.614807840235
 10
6985.0
 20
14040.621778264911
 10
6999.4974746830585
 20
14029.497474683058
 10
7010.621778264911
 20
14015.0
 10
7017.614807840235
 20
13998.117333157177
 10
7020.0
 20
13980.0
 10
7020.0
 20
13390.0
 10
7017.614807840235
 20
13371.882666842823
 10
7010.621778264911
 20
13355.0
 10
6999.4974746830585
 20
13340.502525316942
 10
6985.0
 20
13329.378221735089
 10
6968.117333157176
 20
13322.385192159765
 10
6950.0
 20
13320.0
 10
6700.0
 20
13320.0
 10
6681.882666842824
 20
13322.385192159765
 10
6665.0
 20
13329.378221735089
 10
6650.5025253169415
 20
13340.502525316942
 10
6639.378221735089
 20
13355.0
 10
6632.385192159765
 20
13371.882666842823
 10
6630.0
 20
13390.0
 10
6630.0
 20
13980.0
 10
6632.385192159765
 20
13998.117333157177
 10
6639.378221735089
 20
14015.0
 10
6650.5025253169415
 20
14029.497474683058
 10
6665.0
 20
14040.621778264911
 10
6681.882666842824
 20
14047.614807840235
 10
6700.0
 20
14050.0
  0
HATCH
  5
2B7
330
17
100
AcDbEntity
  8
I-FURN
 62
7
420
16777215
100
AcDbHatch
 10
0.0
 20
0.0
 30
0.0
210
0.0
220
0.0
230
1.0
  2
SOLID
 70
1
 71
0
 91
1
 92
3
 72
0
 73
1
 93
28
 10
6950.0
 20
14050.0
 10
6968.117333157176
 20
14047.614807840235
 10
6985.0
 20
14040.621778264911
 10
6999.4974746830585
 20
14029.497474683058
 10
7010.621778264911
 20
14015.0
 10
7017.614807840235
 20
13998.117333157177
 10
7020.0
 20
13980.0
 10
7020.0
 20
13390.0
 10
7017.614807840235
 20
13371.882666842823
 10
7010.621778264911
 20
13355.0
 10
6999.4974746830585
 20
13340.502525316942
 10
6985.0
 20
13329.378221735089
 10
6968.117333157176
 20
13322.385192159765
 10
6950.0
 20
13320.0
 10
6700.0
 20
13320.0
 10
6681.882666842824
 20
13322.385192159765
 10
6665.0
 20
13329.378221735089
 10
6650.5025253169415
 20
13340.502525316942
 10
6639.378221735089
 20
13355.0
 10
6632.385192159765
 20
13371.882666842823
 10
6630.0
 20
13390.0
 10
6630.0
 20
13980.0
 10
6632.385192159765
 20
13998.117333157177
 10
6639.378221735089
 20
14015.0
 10
6650.5025253169415
 20
14029.497474683058
 10
6665.0
 20
14040.621778264911
 10
6681.882666842824
 20
14047.614807840235
 10
6700.0
 20
14050.0
 97
0
 75
1
 76
1
 98
0
  0
LWPOLYLINE
  5
2B8
330
17
100
AcDbEntity
  8
I-FURN
370
13
420
5000274
100
AcDbPolyline
 90
28
 70
1
 10
10750.0
 20
13870.0
 10
10762.940952255125
 20
13868.296291314453
 10
10775.0
 20
13863.301270189222
 10
10785.355339059326
 20
13855.355339059328
 10
10793.301270189222
 20
13845.0
 10
10798.296291314455
 20
13832.940952255127
 10
10800.0
 20
13820.0
 10
10800.0
 20
13020.0
 10
10798.296291314455
 20
13007.059047744873
 10
10793.301270189222
 20
12995.0
 10
10785.355339059326
 20
12984.644660940672
 10
10775.0
 20
12976.698729810778
 10
10762.940952255125
 20
12971.703708685547
 10
10750.0
 20
12970.0
 10
9050.0
 20
12970.0
 10
9037.059047744875
 20
12971.703708685547
 10
9025.0
 20
12976.698729810778
 10
9014.644660940672
 20
12984.644660940672
 10
9006.698729810778
 20
12995.0
 10
9001.703708685547
 20
13007.059047744873
 10
9000.0
 20
13020.0
 10
9000.0
 20
13820.0
 10
9001.703708685547
 20
13832.940952255127
 10
9006.698729810778
 20
13845.0
 10
9014.644660940672
 20
13855.355339059328
 10
9025.0
 20
13863.301270189222
 10
9037.059047744875
 20
13868.296291314453
 10
9050.0
 20
13870.0
  0
HATCH
  5
2B9
330
17
100
AcDbEntity
  8
I-FURN
 62
7
420
15591131
100
AcDbHatch
 10
0.0
 20
0.0
 30
0.0
210
0.0
220
0.0
230
1.0
  2
SOLID
 70
1
 71
0
 91
1
 92
3
 72
0
 73
1
 93
28
 10
10750.0
 20
13870.0
 10
10762.940952255125
 20
13868.296291314453
 10
10775.0
 20
13863.301270189222
 10
10785.355339059326
 20
13855.355339059328
 10
10793.301270189222
 20
13845.0
 10
10798.296291314455
 20
13832.940952255127
 10
10800.0
 20
13820.0
 10
10800.0
 20
13020.0
 10
10798.296291314455
 20
13007.059047744873
 10
10793.301270189222
 20
12995.0
 10
10785.355339059326
 20
12984.644660940672
 10
10775.0
 20
12976.698729810778
 10
10762.940952255125
 20
12971.703708685547
 10
10750.0
 20
12970.0
 10
9050.0
 20
12970.0
 10
9037.059047744875
 20
12971.703708685547
 10
9025.0
 20
12976.698729810778
 10
9014.644660940672
 20
12984.644660940672
 10
9006.698729810778
 20
12995.0
 10
9001.703708685547
 20
13007.059047744873
 10
9000.0
 20
13020.0
 10
9000.0
 20
13820.0
 10
9001.703708685547
 20
13832.940952255127
 10
9006.698729810778
 20
13845.0
 10
9014.644660940672
 20
13855.355339059328
 10
9025.0
 20
13863.301270189222
 10
9037.059047744875
 20
13868.296291314453
 10
9050.0
 20
13870.0
 97
0
 75
1
 76
1
 98
0
  0
LWPOLYLINE
  5
2BA
330
17
100
AcDbEntity
  8
I-FURN
370
13
420
11711154
100
AcDbPolyline
 90
28
 70
1
 10
10650.0
 20
13840.0
 10
10665.529142706151
 20
13837.955549577344
 10
10680.0
 20
13831.961524227067
 10
10692.426406871193
 20
13822.426406871193
 10
10701.961524227067
 20
13810.0
 10
10707.955549577344
 20
13795.529142706151
 10
10710.0
 20
13780.0
 10
10710.0
 20
13060.0
 10
10707.955549577344
 20
13044.470857293849
 10
10701.961524227067
 20
13030.0
 10
10692.426406871193
 20
13017.573593128807
 10
10680.0
 20
13008.038475772933
 10
10665.529142706151
 20
13002.044450422656
 10
10650.0
 20
13000.0
 10
9090.0
 20
13000.0
 10
9074.470857293849
 20
13002.044450422656
 10
9060.0
 20
13008.038475772933
 10
9047.573593128807
 20
13017.573593128807
 10
9038.038475772933
 20
13030.0
 10
9032.044450422656
 20
13044.470857293849
 10
9030.0
 20
13060.0
 10
9030.0
 20
13780.0
 10
9032.044450422656
 20
13795.529142706151
 10
9038.038475772933
 20
13810.0
 10
9047.573593128807
 20
13822.426406871193
 10
9060.0
 20
13831.961524227067
 10
9074.470857293849
 20
13837.955549577344
 10
9090.0
 20
13840.0
  0
HATCH
  5
2BB
330
17
100
AcDbEntity
  8
I-FURN
 62
7
420
16777215
100
AcDbHatch
 10
0.0
 20
0.0
 30
0.0
210
0.0
220
0.0
230
1.0
  2
SOLID
 70
1
 71
0
 91
1
 92
3
 72
0
 73
1
 93
28
 10
10650.0
 20
13840.0
 10
10665.529142706151
 20
13837.955549577344
 10
10680.0
 20
13831.961524227067
 10
10692.426406871193
 20
13822.426406871193
 10
10701.961524227067
 20
13810.0
 10
10707.955549577344
 20
13795.529142706151
 10
10710.0
 20
13780.0
 10
10710.0
 20
13060.0
 10
10707.955549577344
 20
13044.470857293849
 10
10701.961524227067
 20
13030.0
 10
10692.426406871193
 20
13017.573593128807
 10
10680.0
 20
13008.038475772933
 10
10665.529142706151
 20
13002.044450422656
 10
10650.0
 20
13000.0
 10
9090.0
 20
13000.0
 10
9074.470857293849
 20
13002.044450422656
 10
9060.0
 20
13008.038475772933
 10
9047.573593128807
 20
13017.573593128807
 10
9038.038475772933
 20
13030.0
 10
9032.044450422656
 20
13044.470857293849
 10
9030.0
 20
13060.0
 10
9030.0
 20
13780.0
 10
9032.044450422656
 20
13795.529142706151
 10
9038.038475772933
 20
13810.0
 10
9047.573593128807
 20
13822.426406871193
 10
9060.0
 20
13831.961524227067
 10
9074.470857293849
 20
13837.955549577344
 10
9090.0
 20
13840.0
 97
0
 75
1
 76
1
 98
0
  0
LWPOLYLINE
  5
2BC
330
17
100
AcDbEntity
  8
I-FURN
370
13
420
8421516
100
AcDbPolyline
 90
28
 70
1
 10
10140.0
 20
13850.0
 10
10155.529142706151
 20
13847.955549577344
 10
10170.0
 20
13841.961524227067
 10
10182.426406871193
 20
13832.426406871193
 10
10191.961524227067
 20
13820.0
 10
10197.955549577344
 20
13805.529142706151
 10
10200.0
 20
13790.0
 10
10200.0
 20
13050.0
 10
10197.955549577344
 20
13034.470857293849
 10
10191.961524227067
 20
13020.0
 10
10182.426406871193
 20
13007.573593128807
 10
10170.0
 20
12998.038475772933
 10
10155.529142706151
 20
12992.044450422656
 10
10140.0
 20
12990.0
 10
9090.0
 20
12990.0
 10
9074.470857293849
 20
12992.044450422656
 10
9060.0
 20
12998.038475772933
 10
9047.573593128807
 20
13007.573593128807
 10
9038.038475772933
 20
13020.0
 10
9032.044450422656
 20
13034.470857293849
 10
9030.0
 20
13050.0
 10
9030.0
 20
13790.0
 10
9032.044450422656
 20
13805.529142706151
 10
9038.038475772933
 20
13820.0
 10
9047.573593128807
 20
13832.426406871193
 10
9060.0
 20
13841.961524227067
 10
9074.470857293849
 20
13847.955549577344
 10
9090.0
 20
13850.0
  0
HATCH
  5
2BD
330
17
100
AcDbEntity
  8
I-FURN
 62
7
420
10076139
100
AcDbHatch
 10
0.0
 20
0.0
 30
0.0
210
0.0
220
0.0
230
1.0
  2
SOLID
 70
1
 71
0
 91
1
 92
3
 72
0
 73
1
 93
28
 10
10140.0
 20
13850.0
 10
10155.529142706151
 20
13847.955549577344
 10
10170.0
 20
13841.961524227067
 10
10182.426406871193
 20
13832.426406871193
 10
10191.961524227067
 20
13820.0
 10
10197.955549577344
 20
13805.529142706151
 10
10200.0
 20
13790.0
 10
10200.0
 20
13050.0
 10
10197.955549577344
 20
13034.470857293849
 10
10191.961524227067
 20
13020.0
 10
10182.426406871193
 20
13007.573593128807
 10
10170.0
 20
12998.038475772933
 10
10155.529142706151
 20
12992.044450422656
 10
10140.0
 20
12990.0
 10
9090.0
 20
12990.0
 10
9074.470857293849
 20
12992.044450422656
 10
9060.0
 20
12998.038475772933
 10
9047.573593128807
 20
13007.573593128807
 10
9038.038475772933
 20
13020.0
 10
9032.044450422656
 20
13034.470857293849
 10
9030.0
 20
13050.0
 10
9030.0
 20
13790.0
 10
9032.044450422656
 20
13805.529142706151
 10
9038.038475772933
 20
13820.0
 10
9047.573593128807
 20
13832.426406871193
 10
9060.0
 20
13841.961524227067
 10
9074.470857293849
 20
13847.955549577344
 10
9090.0
 20
13850.0
 97
0
 75
1
 76
1
 98
0
  0
LWPOLYLINE
  5
2BE
330
17
100
AcDbEntity
  8
I-FURN
370
13
420
6710899
100
AcDbPolyline
 90
4
 70
1
 10
9060.0
 20
13860.0
 10
9480.0
 20
13860.0
 10
9480.0
 20
12980.0
 10
9060.0
 20
12980.0
  0
HATCH
  5
2BF
330
17
100
AcDbEntity
  8
I-FURN
 62
7
420
16436339
100
AcDbHatch
 10
0.0
 20
0.0
 30
0.0
210
0.0
220
0.0
230
1.0
  2
SOLID
 70
1
 71
0
 91
1
 92
3
 72
0
 73
1
 93
4
 10
9060.0
 20
13860.0
 10
9480.0
 20
13860.0
 10
9480.0
 20
12980.0
 10
9060.0
 20
12980.0
 97
0
 75
1
 76
1
 98
0
  0
LWPOLYLINE
  5
2C0
330
17
100
AcDbEntity
  8
I-FURN
370
13
420
10066334
100
AcDbPolyline
 90
28
 70
1
 10
10600.0
 20
13810.0
 10
10618.117333157177
 20
13807.614807840235
 10
10635.0
 20
13800.621778264911
 10
10649.49747468306
 20
13789.497474683058
 10
10660.621778264911
 20
13775.0
 10
10667.614807840235
 20
13758.117333157177
 10
10670.0
 20
13740.0
 10
10670.0
 20
13140.0
 10
10667.614807840235
 20
13121.882666842823
 10
10660.621778264911
 20
13105.0
 10
10649.49747468306
 20
13090.502525316942
 10
10635.0
 20
13079.378221735089
 10
10618.117333157177
 20
13072.385192159765
 10
10600.0
 20
13070.0
 10
10350.0
 20
13070.0
 10
10331.882666842823
 20
13072.385192159765
 10
10315.0
 20
13079.378221735089
 10
10300.50252531694
 20
13090.502525316942
 10
10289.378221735089
 20
13105.0
 10
10282.385192159765
 20
13121.882666842823
 10
10280.0
 20
13140.0
 10
10280.0
 20
13740.0
 10
10282.385192159765
 20
13758.117333157177
 10
10289.378221735089
 20
13775.0
 10
10300.50252531694
 20
13789.497474683058
 10
10315.0
 20
13800.621778264911
 10
10331.882666842823
 20
13807.614807840235
 10
10350.0
 20
13810.0
  0
HATCH
  5
2C1
330
17
100
AcDbEntity
  8
I-FURN
 62
7
420
16777215
100
AcDbHatch
 10
0.0
 20
0.0
 30
0.0
210
0.0
220
0.0
230
1.0
  2
SOLID
 70
1
 71
0
 91
1
 92
3
 72
0
 73
1
 93
28
 10
10600.0
 20
13810.0
 10
10618.117333157177
 20
13807.614807840235
 10
10635.0
 20
13800.621778264911
 10
10649.49747468306
 20
13789.497474683058
 10
10660.621778264911
 20
13775.0
 10
10667.614807840235
 20
13758.117333157177
 10
10670.0
 20
13740.0
 10
10670.0
 20
13140.0
 10
10667.614807840235
 20
13121.882666842823
 10
10660.621778264911
 20
13105.0
 10
10649.49747468306
 20
13090.502525316942
 10
10635.0
 20
13079.378221735089
 10
10618.117333157177
 20
13072.385192159765
 10
10600.0
 20
13070.0
 10
10350.0
 20
13070.0
 10
10331.882666842823
 20
13072.385192159765
 10
10315.0
 20
13079.378221735089
 10
10300.50252531694
 20
13090.502525316942
 10
10289.378221735089
 20
13105.0
 10
10282.385192159765
 20
13121.882666842823
 10
10280.0
 20
13140.0
 10
10280.0
 20
13740.0
 10
10282.385192159765
 20
13758.117333157177
 10
10289.378221735089
 20
13775.0
 10
10300.50252531694
 20
13789.497474683058
 10
10315.0
 20
13800.621778264911
 10
10331.882666842823
 20
13807.614807840235
 10
10350.0
 20
13810.0
 97
0
 75
1
 76
1
 98
0
  0
LWPOLYLINE
  5
2C2
330
17
100
AcDbEntity
  8
I-FURN
370
13
420
5000274
100
AcDbPolyline
 90
4
 70
1
 10
8650.0
 20
14150.0
 10
8850.0
 20
14150.0
 10
8850.0
 20
12250.0
 10
8650.0
 20
12250.0
  0
HATCH
  5
2C3
330
17
100
AcDbEntity
  8
I-FURN
 62
7
420
15591131
100
AcDbHatch
 10
0.0
 20
0.0
 30
0.0
210
0.0
220
0.0
230
1.0
  2
SOLID
 70
1
 71
0
 91
1
 92
3
 72
0
 73
1
 93
4
 10
8650.0
 20
14150.0
 10
8850.0
 20
14150.0
 10
8850.0
 20
12250.0
 10
8650.0
 20
12250.0
 97
0
 75
1
 76
1
 98
0
  0
LWPOLYLINE
  5
2C4
330
17
100
AcDbEntity
  8
I-FURN
370
5
420
5000268
100
AcDbPolyline
 90
4
 70
1
 10
8670.0
 20
14130.0
 10
8830.0
 20
14130.0
 10
8830.0
 20
14070.0
 10
8670.0
 20
14070.0
  0
HATCH
  5
2C5
330
17
100
AcDbEntity
  8
I-FURN
 62
7
420
13388871
100
AcDbHatch
 10
0.0
 20
0.0
 30
0.0
210
0.0
220
0.0
230
1.0
  2
SOLID
 70
1
 71
0
 91
1
 92
3
 72
0
 73
1
 93
4
 10
8670.0
 20
14130.0
 10
8830.0
 20
14130.0
 10
8830.0
 20
14070.0
 10
8670.0
 20
14070.0
 97
0
 75
1
 76
1
 98
0
  0
LWPOLYLINE
  5
2C6
330
17
100
AcDbEntity
  8
I-FURN
370
5
420
5000268
100
AcDbPolyline
 90
4
 70
1
 10
8670.0
 20
14062.0
 10
8805.0
 20
14062.0
 10
8805.0
 20
13965.0
 10
8670.0
 20
13965.0
  0
HATCH
  5
2C7
330
17
100
AcDbEntity
  8
I-FURN
 62
7
420
4223922
100
AcDbHatch
 10
0.0
 20
0.0
 30
0.0
210
0.0
220
0.0
230
1.0
  2
SOLID
 70
1
 71
0
 91
1
 92
3
 72
0
 73
1
 93
4
 10
8670.0
 20
14062.0
 10
8805.0
 20
14062.0
 10
8805.0
 20
13965.0
 10
8670.0
 20
13965.0
 97
0
 75
1
 76
1
 98
0
  0
LWPOLYLINE
  5
2C8
330
17
100
AcDbEntity
  8
I-FURN
370
5
420
5000268
100
AcDbPolyline
 90
4
 70
1
 10
8670.0
 20
13957.0
 10
8780.0
 20
13957.0
 10
8780.0
 20
13873.0
 10
8670.0
 20
13873.0
  0
HATCH
  5
2C9
330
17
100
AcDbEntity
  8
I-FURN
 62
7
420
15120460
100
AcDbHatch
 10
0.0
 20
0.0
 30
0.0
210
0.0
220
0.0
230
1.0
  2
SOLID
 70
1
 71
0
 91
1
 92
3
 72
0
 73
1
 93
4
 10
8670.0
 20
13957.0
 10
8780.0
 20
13957.0
 10
8780.0
 20
13873.0
 10
8670.0
 20
13873.0
 97
0
 75
1
 76
1
 98
0
  0
LWPOLYLINE
  5
2CA
330
17
100
AcDbEntity
  8
I-FURN
370
5
420
5000268
100
AcDbPolyline
 90
4
 70
1
 10
8670.0
 20
13830.0
 10
8830.0
 20
13830.0
 10
8830.0
 20
13770.0
 10
8670.0
 20
13770.0
  0
HATCH
  5
2CB
330
17
100
AcDbEntity
  8
I-FURN
 62
7
420
13388871
100
AcDbHatch
 10
0.0
 20
0.0
 30
0.0
210
0.0
220
0.0
230
1.0
  2
SOLID
 70
1
 71
0
 91
1
 92
3
 72
0
 73
1
 93
4
 10
8670.0
 20
13830.0
 10
8830.0
 20
13830.0
 10
8830.0
 20
13770.0
 10
8670.0
 20
13770.0
 97
0
 75
1
 76
1
 98
0
  0
LWPOLYLINE
  5
2CC
330
17
100
AcDbEntity
  8
I-FURN
370
5
420
5000268
100
AcDbPolyline
 90
4
 70
1
 10
8670.0
 20
13762.0
 10
8805.0
 20
13762.0
 10
8805.0
 20
13665.0
 10
8670.0
 20
13665.0
  0
HATCH
  5
2CD
330
17
100
AcDbEntity
  8
I-FURN
 62
7
420
4223922
100
AcDbHatch
 10
0.0
 20
0.0
 30
0.0
210
0.0
220
0.0
230
1.0
  2
SOLID
 70
1
 71
0
 91
1
 92
3
 72
0
 73
1
 93
4
 10
8670.0
 20
13762.0
 10
8805.0
 20
13762.0
 10
8805.0
 20
13665.0
 10
8670.0
 20
13665.0
 97
0
 75
1
 76
1
 98
0
  0
LWPOLYLINE
  5
2CE
330
17
100
AcDbEntity
  8
I-FURN
370
5
420
5000268
100
AcDbPolyline
 90
4
 70
1
 10
8670.0
 20
13657.0
 10
8780.0
 20
13657.0
 10
8780.0
 20
13573.0
 10
8670.0
 20
13573.0
  0
HATCH
  5
2CF
330
17
100
AcDbEntity
  8
I-FURN
 62
7
420
15120460
100
AcDbHatch
 10
0.0
 20
0.0
 30
0.0
210
0.0
220
0.0
230
1.0
  2
SOLID
 70
1
 71
0
 91
1
 92
3
 72
0
 73
1
 93
4
 10
8670.0
 20
13657.0
 10
8780.0
 20
13657.0
 10
8780.0
 20
13573.0
 10
8670.0
 20
13573.0
 97
0
 75
1
 76
1
 98
0
  0
LWPOLYLINE
  5
2D0
330
17
100
AcDbEntity
  8
I-FURN
370
5
420
5000268
100
AcDbPolyline
 90
4
 70
1
 10
8670.0
 20
13530.0
 10
8830.0
 20
13530.0
 10
8830.0
 20
13470.0
 10
8670.0
 20
13470.0
  0
HATCH
  5
2D1
330
17
100
AcDbEntity
  8
I-FURN
 62
7
420
13388871
100
AcDbHatch
 10
0.0
 20
0.0
 30
0.0
210
0.0
220
0.0
230
1.0
  2
SOLID
 70
1
 71
0
 91
1
 92
3
 72
0
 73
1
 93
4
 10
8670.0
 20
13530.0
 10
8830.0
 20
13530.0
 10
8830.0
 20
13470.0
 10
8670.0
 20
13470.0
 97
0
 75
1
 76
1
 98
0
  0
LWPOLYLINE
  5
2D2
330
17
100
AcDbEntity
  8
I-FURN
370
5
420
5000268
100
AcDbPolyline
 90
4
 70
1
 10
8670.0
 20
13462.0
 10
8805.0
 20
13462.0
 10
8805.0
 20
13365.0
 10
8670.0
 20
13365.0
  0
HATCH
  5
2D3
330
17
100
AcDbEntity
  8
I-FURN
 62
7
420
4223922
100
AcDbHatch
 10
0.0
 20
0.0
 30
0.0
210
0.0
220
0.0
230
1.0
  2
SOLID
 70
1
 71
0
 91
1
 92
3
 72
0
 73
1
 93
4
 10
8670.0
 20
13462.0
 10
8805.0
 20
13462.0
 10
8805.0
 20
13365.0
 10
8670.0
 20
13365.0
 97
0
 75
1
 76
1
 98
0
  0
LWPOLYLINE
  5
2D4
330
17
100
AcDbEntity
  8
I-FURN
370
5
420
5000268
100
AcDbPolyline
 90
4
 70
1
 10
8670.0
 20
13357.0
 10
8780.0
 20
13357.0
 10
8780.0
 20
13273.0
 10
8670.0
 20
13273.0
  0
HATCH
  5
2D5
330
17
100
AcDbEntity
  8
I-FURN
 62
7
420
15120460
100
AcDbHatch
 10
0.0
 20
0.0
 30
0.0
210
0.0
220
0.0
230
1.0
  2
SOLID
 70
1
 71
0
 91
1
 92
3
 72
0
 73
1
 93
4
 10
8670.0
 20
13357.0
 10
8780.0
 20
13357.0
 10
8780.0
 20
13273.0
 10
8670.0
 20
13273.0
 97
0
 75
1
 76
1
 98
0
  0
LWPOLYLINE
  5
2D6
330
17
100
AcDbEntity
  8
I-FURN
370
5
420
5000268
100
AcDbPolyline
 90
4
 70
1
 10
8670.0
 20
13230.0
 10
8830.0
 20
13230.0
 10
8830.0
 20
13170.0
 10
8670.0
 20
13170.0
  0
HATCH
  5
2D7
330
17
100
AcDbEntity
  8
I-FURN
 62
7
420
13388871
100
AcDbHatch
 10
0.0
 20
0.0
 30
0.0
210
0.0
220
0.0
230
1.0
  2
SOLID
 70
1
 71
0
 91
1
 92
3
 72
0
 73
1
 93
4
 10
8670.0
 20
13230.0
 10
8830.0
 20
13230.0
 10
8830.0
 20
13170.0
 10
8670.0
 20
13170.0
 97
0
 75
1
 76
1
 98
0
  0
LWPOLYLINE
  5
2D8
330
17
100
AcDbEntity
  8
I-FURN
370
5
420
5000268
100
AcDbPolyline
 90
4
 70
1
 10
8670.0
 20
13162.0
 10
8805.0
 20
13162.0
 10
8805.0
 20
13065.0
 10
8670.0
 20
13065.0
  0
HATCH
  5
2D9
330
17
100
AcDbEntity
  8
I-FURN
 62
7
420
4223922
100
AcDbHatch
 10
0.0
 20
0.0
 30
0.0
210
0.0
220
0.0
230
1.0
  2
SOLID
 70
1
 71
0
 91
1
 92
3
 72
0
 73
1
 93
4
 10
8670.0
 20
13162.0
 10
8805.0
 20
13162.0
 10
8805.0
 20
13065.0
 10
8670.0
 20
13065.0
 97
0
 75
1
 76
1
 98
0
  0
LWPOLYLINE
  5
2DA
330
17
100
AcDbEntity
  8
I-FURN
370
5
420
5000268
100
AcDbPolyline
 90
4
 70
1
 10
8670.0
 20
13057.0
 10
8780.0
 20
13057.0
 10
8780.0
 20
12973.0
 10
8670.0
 20
12973.0
  0
HATCH
  5
2DB
330
17
100
AcDbEntity
  8
I-FURN
 62
7
420
15120460
100
AcDbHatch
 10
0.0
 20
0.0
 30
0.0
210
0.0
220
0.0
230
1.0
  2
SOLID
 70
1
 71
0
 91
1
 92
3
 72
0
 73
1
 93
4
 10
8670.0
 20
13057.0
 10
8780.0
 20
13057.0
 10
8780.0
 20
12973.0
 10
8670.0
 20
12973.0
 97
0
 75
1
 76
1
 98
0
  0
LWPOLYLINE
  5
2DC
330
17
100
AcDbEntity
  8
I-FURN
370
5
420
5000268
100
AcDbPolyline
 90
4
 70
1
 10
8670.0
 20
12930.0
 10
8830.0
 20
12930.0
 10
8830.0
 20
12870.0
 10
8670.0
 20
12870.0
  0
HATCH
  5
2DD
330
17
100
AcDbEntity
  8
I-FURN
 62
7
420
13388871
100
AcDbHatch
 10
0.0
 20
0.0
 30
0.0
210
0.0
220
0.0
230
1.0
  2
SOLID
 70
1
 71
0
 91
1
 92
3
 72
0
 73
1
 93
4
 10
8670.0
 20
12930.0
 10
8830.0
 20
12930.0
 10
8830.0
 20
12870.0
 10
8670.0
 20
12870.0
 97
0
 75
1
 76
1
 98
0
  0
LWPOLYLINE
  5
2DE
330
17
100
AcDbEntity
  8
I-FURN
370
5
420
5000268
100
AcDbPolyline
 90
4
 70
1
 10
8670.0
 20
12862.0
 10
8805.0
 20
12862.0
 10
8805.0
 20
12765.0
 10
8670.0
 20
12765.0
  0
HATCH
  5
2DF
330
17
100
AcDbEntity
  8
I-FURN
 62
7
420
4223922
100
AcDbHatch
 10
0.0
 20
0.0
 30
0.0
210
0.0
220
0.0
230
1.0
  2
SOLID
 70
1
 71
0
 91
1
 92
3
 72
0
 73
1
 93
4
 10
8670.0
 20
12862.0
 10
8805.0
 20
12862.0
 10
8805.0
 20
12765.0
 10
8670.0
 20
12765.0
 97
0
 75
1
 76
1
 98
0
  0
LWPOLYLINE
  5
2E0
330
17
100
AcDbEntity
  8
I-FURN
370
5
420
5000268
100
AcDbPolyline
 90
4
 70
1
 10
8670.0
 20
12757.0
 10
8780.0
 20
12757.0
 10
8780.0
 20
12673.0
 10
8670.0
 20
12673.0
  0
HATCH
  5
2E1
330
17
100
AcDbEntity
  8
I-FURN
 62
7
420
15120460
100
AcDbHatch
 10
0.0
 20
0.0
 30
0.0
210
0.0
220
0.0
230
1.0
  2
SOLID
 70
1
 71
0
 91
1
 92
3
 72
0
 73
1
 93
4
 10
8670.0
 20
12757.0
 10
8780.0
 20
12757.0
 10
8780.0
 20
12673.0
 10
8670.0
 20
12673.0
 97
0
 75
1
 76
1
 98
0
  0
LWPOLYLINE
  5
2E2
330
17
100
AcDbEntity
  8
I-FURN
370
5
420
5000268
100
AcDbPolyline
 90
4
 70
1
 10
8670.0
 20
12630.0
 10
8830.0
 20
12630.0
 10
8830.0
 20
12570.0
 10
8670.0
 20
12570.0
  0
HATCH
  5
2E3
330
17
100
AcDbEntity
  8
I-FURN
 62
7
420
13388871
100
AcDbHatch
 10
0.0
 20
0.0
 30
0.0
210
0.0
220
0.0
230
1.0
  2
SOLID
 70
1
 71
0
 91
1
 92
3
 72
0
 73
1
 93
4
 10
8670.0
 20
12630.0
 10
8830.0
 20
12630.0
 10
8830.0
 20
12570.0
 10
8670.0
 20
12570.0
 97
0
 75
1
 76
1
 98
0
  0
LWPOLYLINE
  5
2E4
330
17
100
AcDbEntity
  8
I-FURN
370
5
420
5000268
100
AcDbPolyline
 90
4
 70
1
 10
8670.0
 20
12562.0
 10
8805.0
 20
12562.0
 10
8805.0
 20
12465.0
 10
8670.0
 20
12465.0
  0
HATCH
  5
2E5
330
17
100
AcDbEntity
  8
I-FURN
 62
7
420
4223922
100
AcDbHatch
 10
0.0
 20
0.0
 30
0.0
210
0.0
220
0.0
230
1.0
  2
SOLID
 70
1
 71
0
 91
1
 92
3
 72
0
 73
1
 93
4
 10
8670.0
 20
12562.0
 10
8805.0
 20
12562.0
 10
8805.0
 20
12465.0
 10
8670.0
 20
12465.0
 97
0
 75
1
 76
1
 98
0
  0
LWPOLYLINE
  5
2E6
330
17
100
AcDbEntity
  8
I-FURN
370
5
420
5000268
100
AcDbPolyline
 90
4
 70
1
 10
8670.0
 20
12457.0
 10
8780.0
 20
12457.0
 10
8780.0
 20
12373.0
 10
8670.0
 20
12373.0
  0
HATCH
  5
2E7
330
17
100
AcDbEntity
  8
I-FURN
 62
7
420
15120460
100
AcDbHatch
 10
0.0
 20
0.0
 30
0.0
210
0.0
220
0.0
230
1.0
  2
SOLID
 70
1
 71
0
 91
1
 92
3
 72
0
 73
1
 93
4
 10
8670.0
 20
12457.0
 10
8780.0
 20
12457.0
 10
8780.0
 20
12373.0
 10
8670.0
 20
12373.0
 97
0
 75
1
 76
1
 98
0
  0
LWPOLYLINE
  5
2E8
330
17
100
AcDbEntity
  8
I-FURN
370
5
420
5000268
100
AcDbPolyline
 90
4
 70
1
 10
8670.0
 20
12330.0
 10
8830.0
 20
12330.0
 10
8830.0
 20
12270.0
 10
8670.0
 20
12270.0
  0
HATCH
  5
2E9
330
17
100
AcDbEntity
  8
I-FURN
 62
7
420
13388871
100
AcDbHatch
 10
0.0
 20
0.0
 30
0.0
210
0.0
220
0.0
230
1.0
  2
SOLID
 70
1
 71
0
 91
1
 92
3
 72
0
 73
1
 93
4
 10
8670.0
 20
12330.0
 10
8830.0
 20
12330.0
 10
8830.0
 20
12270.0
 10
8670.0
 20
12270.0
 97
0
 75
1
 76
1
 98
0
  0
LWPOLYLINE
  5
2EA
330
17
100
AcDbEntity
  8
I-FURN
370
5
420
5000268
100
AcDbPolyline
 90
4
 70
1
 10
8670.0
 20
12262.0
 10
8805.0
 20
12262.0
 10
8805.0
 20
12165.0
 10
8670.0
 20
12165.0
  0
HATCH
  5
2EB
330
17
100
AcDbEntity
  8
I-FURN
 62
7
420
4223922
100
AcDbHatch
 10
0.0
 20
0.0
 30
0.0
210
0.0
220
0.0
230
1.0
  2
SOLID
 70
1
 71
0
 91
1
 92
3
 72
0
 73
1
 93
4
 10
8670.0
 20
12262.0
 10
8805.0
 20
12262.0
 10
8805.0
 20
12165.0
 10
8670.0
 20
12165.0
 97
0
 75
1
 76
1
 98
0
  0
LWPOLYLINE
  5
2EC
330
17
100
AcDbEntity
  8
I-FURN
370
5
420
5000268
100
AcDbPolyline
 90
4
 70
1
 10
8670.0
 20
12157.0
 10
8780.0
 20
12157.0
 10
8780.0
 20
12073.0
 10
8670.0
 20
12073.0
  0
HATCH
  5
2ED
330
17
100
AcDbEntity
  8
I-FURN
 62
7
420
15120460
100
AcDbHatch
 10
0.0
 20
0.0
 30
0.0
210
0.0
220
0.0
230
1.0
  2
SOLID
 70
1
 71
0
 91
1
 92
3
 72
0
 73
1
 93
4
 10
8670.0
 20
12157.0
 10
8780.0
 20
12157.0
 10
8780.0
 20
12073.0
 10
8670.0
 20
12073.0
 97
0
 75
1
 76
1
 98
0
  0
LWPOLYLINE
  5
2EE
330
17
100
AcDbEntity
  8
I-FURN
370
13
420
5000274
100
AcDbPolyline
 90
4
 70
1
 10
7400.0
 20
11750.0
 10
8600.0
 20
11750.0
 10
8600.0
 20
11150.0
 10
7400.0
 20
11150.0
  0
HATCH
  5
2EF
330
17
100
AcDbEntity
  8
I-FURN
 62
7
420
16777215
100
AcDbHatch
 10
0.0
 20
0.0
 30
0.0
210
0.0
220
0.0
230
1.0
  2
SOLID
 70
1
 71
0
 91
1
 92
3
 72
0
 73
1
 93
4
 10
7400.0
 20
11750.0
 10
8600.0
 20
11750.0
 10
8600.0
 20
11150.0
 10
7400.0
 20
11150.0
 97
0
 75
1
 76
1
 98
0
  0
LWPOLYLINE
  5
2F0
330
17
100
AcDbEntity
  8
I-FURN
370
5
100
AcDbPolyline
 90
4
 70
1
 10
7500.0
 20
11300.0
 10
8500.0
 20
11300.0
 10
8500.0
 20
11230.0
 10
7500.0
 20
11230.0
  0
HATCH
  5
2F1
330
17
100
AcDbEntity
  8
I-FURN
 62
7
420
6710899
100
AcDbHatch
 10
0.0
 20
0.0
 30
0.0
210
0.0
220
0.0
230
1.0
  2
SOLID
 70
1
 71
0
 91
1
 92
3
 72
0
 73
1
 93
4
 10
7500.0
 20
11300.0
 10
8500.0
 20
11300.0
 10
8500.0
 20
11230.0
 10
7500.0
 20
11230.0
 97
0
 75
1
 76
1
 98
0
  0
CIRCLE
  5
2F2
330
17
100
AcDbEntity
  8
I-FURN
370
13
420
5000274
100
AcDbCircle
 10
8000.0
 20
12000.0
 30
0.0
 40
260.0
  0
HATCH
  5
2F3
330
17
100
AcDbEntity
  8
I-FURN
 62
7
420
15899058
100
AcDbHatch
 10
0.0
 20
0.0
 30
0.0
210
0.0
220
0.0
230
1.0
  2
SOLID
 70
1
 71
0
 91
1
 92
1
 93
1
 72
2
 10
8000.0
 20
12000.0
 40
260
 50
0
 51
360
 73
1
 97
0
 75
1
 76
1
 98
0
  0
LWPOLYLINE
  5
2F4
330
17
100
AcDbEntity
  8
I-FURN
370
13
420
5000274
100
AcDbPolyline
 90
28
 70
1
 10
8190.0
 20
11860.0
 10
8200.3527618041
 20
11858.637033051564
 10
8210.0
 20
11854.641016151378
 10
8218.284271247463
 20
11848.284271247461
 10
8224.641016151378
 20
11840.0
 10
8228.637033051564
 20
11830.3527618041
 10
8230.0
 20
11820.0
 10
8230.0
 20
11780.0
 10
8228.637033051564
 20
11769.6472381959
 10
8224.641016151378
 20
11760.0
 10
8218.284271247463
 20
11751.715728752539
 10
8210.0
 20
11745.358983848622
 10
8200.3527618041
 20
11741.362966948436
 10
8190.0
 20
11740.0
 10
7810.0
 20
11740.0
 10
7799.647238195899
 20
11741.362966948436
 10
7790.0
 20
11745.358983848622
 10
7781.715728752539
 20
11751.715728752537
 10
7775.358983848622
 20
11760.0
 10
7771.362966948437
 20
11769.6472381959
 10
7770.0
 20
11780.0
 10
7770.0
 20
11820.0
 10
7771.362966948437
 20
11830.3527618041
 10
7775.358983848622
 20
11840.0
 10
7781.715728752538
 20
11848.284271247461
 10
7790.0
 20
11854.641016151378
 10
7799.647238195899
 20
11858.637033051564
 10
7810.0
 20
11860.0
  0
HATCH
  5
2F5
330
17
100
AcDbEntity
  8
I-FURN
 62
7
420
3356219
100
AcDbHatch
 10
0.0
 20
0.0
 30
0.0
210
0.0
220
0.0
230
1.0
  2
SOLID
 70
1
 71
0
 91
1
 92
3
 72
0
 73
1
 93
28
 10
8190.0
 20
11860.0
 10
8200.3527618041
 20
11858.637033051564
 10
8210.0
 20
11854.641016151378
 10
8218.284271247463
 20
11848.284271247461
 10
8224.641016151378
 20
11840.0
 10
8228.637033051564
 20
11830.3527618041
 10
8230.0
 20
11820.0
 10
8230.0
 20
11780.0
 10
8228.637033051564
 20
11769.6472381959
 10
8224.641016151378
 20
11760.0
 10
8218.284271247463
 20
11751.715728752539
 10
8210.0
 20
11745.358983848622
 10
8200.3527618041
 20
11741.362966948436
 10
8190.0
 20
11740.0
 10
7810.0
 20
11740.0
 10
7799.647238195899
 20
11741.362966948436
 10
7790.0
 20
11745.358983848622
 10
7781.715728752539
 20
11751.715728752537
 10
7775.358983848622
 20
11760.0
 10
7771.362966948437
 20
11769.6472381959
 10
7770.0
 20
11780.0
 10
7770.0
 20
11820.0
 10
7771.362966948437
 20
11830.3527618041
 10
7775.358983848622
 20
11840.0
 10
7781.715728752538
 20
11848.284271247461
 10
7790.0
 20
11854.641016151378
 10
7799.647238195899
 20
11858.637033051564
 10
7810.0
 20
11860.0
 97
0
 75
1
 76
1
 98
0
  0
CIRCLE
  5
2F6
330
17
100
AcDbEntity
  8
I-FURN
370
13
420
12557900
100
AcDbCircle
 10
8450.0
 20
11600.0
 30
0.0
 40
70.0
  0
HATCH
  5
2F7
330
17
100
AcDbEntity
  8
I-FURN
 62
7
420
16770713
100
AcDbHatch
 10
0.0
 20
0.0
 30
0.0
210
0.0
220
0.0
230
1.0
  2
SOLID
 70
1
 71
0
 91
1
 92
1
 93
1
 72
2
 10
8450.0
 20
11600.0
 40
70
 50
0
 51
360
 73
1
 97
0
 75
1
 76
1
 98
0
  0
CIRCLE
  5
2F8
330
17
100
AcDbEntity
  8
I-FURN
370
9
420
12557900
100
AcDbCircle
 10
8450.0
 20
11600.0
 30
0.0
 40
24.5
  0
HATCH
  5
2F9
330
17
100
AcDbEntity
  8
I-FURN
 62
7
420
16775129
100
AcDbHatch
 10
0.0
 20
0.0
 30
0.0
210
0.0
220
0.0
230
1.0
  2
SOLID
 70
1
 71
0
 91
1
 92
1
 93
1
 72
2
 10
8450.0
 20
11600.0
 40
24.5
 50
0
 51
360
 73
1
 97
0
 75
1
 76
1
 98
0
  0
LWPOLYLINE
  5
2FA
330
17
100
AcDbEntity
  8
I-FURN
370
13
420
5000274
100
AcDbPolyline
 90
4
 70
1
 10
10750.0
 20
12750.0
 10
11350.0
 20
12750.0
 10
11350.0
 20
11500.0
 10
10750.0
 20
11500.0
  0
HATCH
  5
2FB
330
17
100
AcDbEntity
  8
I-FURN
 62
7
420
16777215
100
AcDbHatch
 10
0.0
 20
0.0
 30
0.0
210
0.0
220
0.0
230
1.0
  2
SOLID
 70
1
 71
0
 91
1
 92
3
 72
0
 73
1
 93
4
 10
10750.0
 20
12750.0
 10
11350.0
 20
12750.0
 10
11350.0
 20
11500.0
 10
10750.0
 20
11500.0
 97
0
 75
1
 76
1
 98
0
  0
LWPOLYLINE
  5
2FC
330
17
100
AcDbEntity
  8
I-FURN
370
5
100
AcDbPolyline
 90
4
 70
1
 10
11200.0
 20
12600.0
 10
11270.0
 20
12600.0
 10
11270.0
 20
11650.0
 10
11200.0
 20
11650.0
  0
HATCH
  5
2FD
330
17
100
AcDbEntity
  8
I-FURN
 62
7
420
6710899
100
AcDbHatch
 10
0.0
 20
0.0
 30
0.0
210
0.0
220
0.0
230
1.0
  2
SOLID
 70
1
 71
0
 91
1
 92
3
 72
0
 73
1
 93
4
 10
11200.0
 20
12600.0
 10
11270.0
 20
12600.0
 10
11270.0
 20
11650.0
 10
11200.0
 20
11650.0
 97
0
 75
1
 76
1
 98
0
  0
CIRCLE
  5
2FE
330
17
100
AcDbEntity
  8
I-FURN
370
13
420
5000274
100
AcDbCircle
 10
10450.0
 20
12150.0
 30
0.0
 40
260.0
  0
HATCH
  5
2FF
330
17
100
AcDbEntity
  8
I-FURN
 62
7
420
7577312
100
AcDbHatch
 10
0.0
 20
0.0
 30
0.0
210
0.0
220
0.0
230
1.0
  2
SOLID
 70
1
 71
0
 91
1
 92
1
 93
1
 72
2
 10
10450.0
 20
12150.0
 40
260
 50
0
 51
360
 73
1
 97
0
 75
1
 76
1
 98
0
  0
LWPOLYLINE
  5
300
330
17
100
AcDbEntity
  8
I-FURN
370
13
420
5000274
100
AcDbPolyline
 90
28
 70
1
 10
10670.0
 20
12380.0
 10
10680.3527618041
 20
12378.637033051562
 10
10690.0
 20
12374.641016151378
 10
10698.284271247463
 20
12368.284271247461
 10
10704.641016151378
 20
12360.0
 10
10708.637033051564
 20
12350.3527618041
 10
10710.0
 20
12340.0
 10
10710.0
 20
11960.0
 10
10708.637033051564
 20
11949.6472381959
 10
10704.641016151378
 20
11940.0
 10
10698.284271247463
 20
11931.715728752539
 10
10690.0
 20
11925.358983848622
 10
10680.3527618041
 20
11921.362966948436
 10
10670.0
 20
11920.0
 10
10630.0
 20
11920.0
 10
10619.6472381959
 20
11921.362966948436
 10
10610.0
 20
11925.358983848622
 10
10601.715728752537
 20
11931.715728752537
 10
10595.358983848622
 20
11940.0
 10
10591.362966948436
 20
11949.6472381959
 10
10590.0
 20
11960.0
 10
10590.0
 20
12340.0
 10
10591.362966948436
 20
12350.3527618041
 10
10595.358983848622
 20
12360.0
 10
10601.715728752537
 20
12368.284271247461
 10
10610.0
 20
12374.641016151378
 10
10619.6472381959
 20
12378.637033051562
 10
10630.0
 20
12380.0
  0
HATCH
  5
301
330
17
100
AcDbEntity
  8
I-FURN
 62
7
420
3356219
100
AcDbHatch
 10
0.0
 20
0.0
 30
0.0
210
0.0
220
0.0
230
1.0
  2
SOLID
 70
1
 71
0
 91
1
 92
3
 72
0
 73
1
 93
28
 10
10670.0
 20
12380.0
 10
10680.3527618041
 20
12378.637033051562
 10
10690.0
 20
12374.641016151378
 10
10698.284271247463
 20
12368.284271247461
 10
10704.641016151378
 20
12360.0
 10
10708.637033051564
 20
12350.3527618041
 10
10710.0
 20
12340.0
 10
10710.0
 20
11960.0
 10
10708.637033051564
 20
11949.6472381959
 10
10704.641016151378
 20
11940.0
 10
10698.284271247463
 20
11931.715728752539
 10
10690.0
 20
11925.358983848622
 10
10680.3527618041
 20
11921.362966948436
 10
10670.0
 20
11920.0
 10
10630.0
 20
11920.0
 10
10619.6472381959
 20
11921.362966948436
 10
10610.0
 20
11925.358983848622
 10
10601.715728752537
 20
11931.715728752537
 10
10595.358983848622
 20
11940.0
 10
10591.362966948436
 20
11949.6472381959
 10
10590.0
 20
11960.0
 10
10590.0
 20
12340.0
 10
10591.362966948436
 20
12350.3527618041
 10
10595.358983848622
 20
12360.0
 10
10601.715728752537
 20
12368.284271247461
 10
10610.0
 20
12374.641016151378
 10
10619.6472381959
 20
12378.637033051562
 10
10630.0
 20
12380.0
 97
0
 75
1
 76
1
 98
0
  0
CIRCLE
  5
302
330
17
100
AcDbEntity
  8
I-FURN
370
13
420
12557900
100
AcDbCircle
 10
10900.0
 20
12650.0
 30
0.0
 40
70.0
  0
HATCH
  5
303
330
17
100
AcDbEntity
  8
I-FURN
 62
7
420
16770713
100
AcDbHatch
 10
0.0
 20
0.0
 30
0.0
210
0.0
220
0.0
230
1.0
  2
SOLID
 70
1
 71
0
 91
1
 92
1
 93
1
 72
2
 10
10900.0
 20
12650.0
 40
70
 50
0
 51
360
 73
1
 97
0
 75
1
 76
1
 98
0
  0
CIRCLE
  5
304
330
17
100
AcDbEntity
  8
I-FURN
370
9
420
12557900
100
AcDbCircle
 10
10900.0
 20
12650.0
 30
0.0
 40
24.5
  0
HATCH
  5
305
330
17
100
AcDbEntity
  8
I-FURN
 62
7
420
16775129
100
AcDbHatch
 10
0.0
 20
0.0
 30
0.0
210
0.0
220
0.0
230
1.0
  2
SOLID
 70
1
 71
0
 91
1
 92
1
 93
1
 72
2
 10
10900.0
 20
12650.0
 40
24.5
 50
0
 51
360
 73
1
 97
0
 75
1
 76
1
 98
0
  0
CIRCLE
  5
306
330
17
100
AcDbEntity
  8
I-FURN
370
13
420
13409843
100
AcDbCircle
 10
6850.0
 20
12650.0
 30
0.0
 40
300.0
  0
HATCH
  5
307
330
17
100
AcDbEntity
  8
I-FURN
 62
7
420
16568665
100
AcDbHatch
 10
0.0
 20
0.0
 30
0.0
210
0.0
220
0.0
230
1.0
  2
SOLID
 70
1
 71
0
 91
1
 92
1
 93
1
 72
2
 10
6850.0
 20
12650.0
 40
300
 50
0
 51
360
 73
1
 97
0
 75
1
 76
1
 98
0
  0
CIRCLE
  5
308
330
17
100
AcDbEntity
  8
I-PLANT
370
13
420
3698749
100
AcDbCircle
 10
10560.0
 20
11680.0
 30
0.0
 40
150.0
  0
HATCH
  5
309
330
17
100
AcDbEntity
  8
I-PLANT
 62
7
420
6068572
100
AcDbHatch
 10
0.0
 20
0.0
 30
0.0
210
0.0
220
0.0
230
1.0
  2
SOLID
 70
1
 71
0
 91
1
 92
1
 93
1
 72
2
 10
10560.0
 20
11680.0
 40
150
 50
0
 51
360
 73
1
 97
0
 75
1
 76
1
 98
0
  0
LWPOLYLINE
  5
30A
330
17
100
AcDbEntity
  8
I-PLANT
370
9
420
3698749
100
AcDbPolyline
 90
48
 70
1
 10
10689.474523328325
 20
11668.278748007482
 10
10688.935549594873
 20
11663.97138366422
 10
10687.327850384536
 20
11659.737719519098
 10
10684.678933876534
 20
11655.650194739434
 10
10681.034123766744
 20
11651.778748007482
 10
10676.455783766673
 20
11648.189620850195
 10
10671.022250543076
 20
11644.944224228326
 10
10664.826493355873
 20
11642.098087777871
 10
10657.974523328325
 20
11639.699909682597
 10
10650.583579567325
 20
11637.79072343461
 10
10642.780123169781
 20
11636.403195739942
 10
10634.697673438186
 20
11635.561067582146
 10
10626.474523328325
 20
11635.278748007482
 10
10618.25137321846
 20
11635.561067582146
 10
10610.168923486865
 20
11636.403195739942
 10
10602.365467089323
 20
11637.79072343461
 10
10594.974523328325
 20
11639.699909682597
 10
10588.122553300775
 20
11642.098087777871
 10
10581.92679611357
 20
11644.944224228326
 10
10576.493262889977
 20
11648.189620850195
 10
10571.914922889904
 20
11651.778748007482
 10
10568.270112780112
 20
11655.650194739434
 10
10565.621196272114
 20
11659.737719519098
 10
10564.013497061773
 20
11663.97138366422
 10
10563.474523328325
 20
11668.278748007482
 10
10564.013497061773
 20
11672.586112350744
 10
10565.621196272114
 20
11676.819776495866
 10
10568.270112780112
 20
11680.90730127553
 10
10571.914922889904
 20
11684.778748007482
 10
10576.493262889977
 20
11688.36787516477
 10
10581.92679611357
 20
11691.613271786639
 10
10588.122553300775
 20
11694.459408237093
 10
10594.974523328325
 20
11696.857586332368
 10
10602.365467089323
 20
11698.766772580355
 10
10610.168923486865
 20
11700.154300275022
 10
10618.25137321846
 20
11700.996428432818
 10
10626.474523328325
 20
11701.278748007482
 10
10634.697673438186
 20
11700.996428432818
 10
10642.780123169781
 20
11700.154300275022
 10
10650.583579567325
 20
11698.766772580355
 10
10657.974523328325
 20
11696.857586332368
 10
10664.826493355873
 20
11694.459408237093
 10
10671.022250543076
 20
11691.613271786639
 10
10676.455783766673
 20
11688.36787516477
 10
10681.034123766744
 20
11684.778748007482
 10
10684.678933876534
 20
11680.90730127553
 10
10687.327850384536
 20
11676.819776495866
 10
10688.935549594873
 20
11672.586112350744
  0
HATCH
  5
30B
330
17
100
AcDbEntity
  8
I-PLANT
 62
7
420
7582315
100
AcDbHatch
 10
0.0
 20
0.0
 30
0.0
210
0.0
220
0.0
230
1.0
  2
SOLID
 70
1
 71
0
 91
1
 92
3
 72
0
 73
1
 93
48
 10
10689.474523328325
 20
11668.278748007482
 10
10688.935549594873
 20
11663.97138366422
 10
10687.327850384536
 20
11659.737719519098
 10
10684.678933876534
 20
11655.650194739434
 10
10681.034123766744
 20
11651.778748007482
 10
10676.455783766673
 20
11648.189620850195
 10
10671.022250543076
 20
11644.944224228326
 10
10664.826493355873
 20
11642.098087777871
 10
10657.974523328325
 20
11639.699909682597
 10
10650.583579567325
 20
11637.79072343461
 10
10642.780123169781
 20
11636.403195739942
 10
10634.697673438186
 20
11635.561067582146
 10
10626.474523328325
 20
11635.278748007482
 10
10618.25137321846
 20
11635.561067582146
 10
10610.168923486865
 20
11636.403195739942
 10
10602.365467089323
 20
11637.79072343461
 10
10594.974523328325
 20
11639.699909682597
 10
10588.122553300775
 20
11642.098087777871
 10
10581.92679611357
 20
11644.944224228326
 10
10576.493262889977
 20
11648.189620850195
 10
10571.914922889904
 20
11651.778748007482
 10
10568.270112780112
 20
11655.650194739434
 10
10565.621196272114
 20
11659.737719519098
 10
10564.013497061773
 20
11663.97138366422
 10
10563.474523328325
 20
11668.278748007482
 10
10564.013497061773
 20
11672.586112350744
 10
10565.621196272114
 20
11676.819776495866
 10
10568.270112780112
 20
11680.90730127553
 10
10571.914922889904
 20
11684.778748007482
 10
10576.493262889977
 20
11688.36787516477
 10
10581.92679611357
 20
11691.613271786639
 10
10588.122553300775
 20
11694.459408237093
 10
10594.974523328325
 20
11696.857586332368
 10
10602.365467089323
 20
11698.766772580355
 10
10610.168923486865
 20
11700.154300275022
 10
10618.25137321846
 20
11700.996428432818
 10
10626.474523328325
 20
11701.278748007482
 10
10634.697673438186
 20
11700.996428432818
 10
10642.780123169781
 20
11700.154300275022
 10
10650.583579567325
 20
11698.766772580355
 10
10657.974523328325
 20
11696.857586332368
 10
10664.826493355873
 20
11694.459408237093
 10
10671.022250543076
 20
11691.613271786639
 10
10676.455783766673
 20
11688.36787516477
 10
10681.034123766744
 20
11684.778748007482
 10
10684.678933876534
 20
11680.90730127553
 10
10687.327850384536
 20
11676.819776495866
 10
10688.935549594873
 20
11672.586112350744
 97
0
 75
1
 76
1
 98
0
  0
LWPOLYLINE
  5
30C
330
17
100
AcDbEntity
  8
I-PLANT
370
9
420
3698749
100
AcDbPolyline
 90
48
 70
1
 10
10655.282143556939
 20
11620.72004379751
 10
10654.743169823489
 20
11616.412679454248
 10
10653.13547061315
 20
11612.179015309126
 10
10650.48655410515
 20
11608.091490529461
 10
10646.84174399536
 20
11604.22004379751
 10
10642.263403995286
 20
11600.630916640222
 10
10636.829870771691
 20
11597.385520018353
 10
10630.634113584489
 20
11594.539383567899
 10
10623.782143556939
 20
11592.141205472624
 10
10616.39119979594
 20
11590.232019224637
 10
10608.587743398397
 20
11588.84449152997
 10
10600.505293666802
 20
11588.002363372174
 10
10592.282143556939
 20
11587.72004379751
 10
10584.058993447075
 20
11588.002363372174
 10
10575.97654371548
 20
11588.84449152997
 10
10568.173087317937
 20
11590.232019224637
 10
10560.782143556939
 20
11592.141205472624
 10
10553.930173529388
 20
11594.539383567899
 10
10547.734416342186
 20
11597.385520018353
 10
10542.30088311859
 20
11600.630916640222
 10
10537.722543118518
 20
11604.22004379751
 10
10534.077733008728
 20
11608.091490529461
 10
10531.428816500727
 20
11612.179015309126
 10
10529.821117290388
 20
11616.412679454248
 10
10529.282143556939
 20
11620.72004379751
 10
10529.821117290388
 20
11625.027408140772
 10
10531.428816500727
 20
11629.261072285894
 10
10534.077733008728
 20
11633.348597065558
 10
10537.722543118518
 20
11637.22004379751
 10
10542.30088311859
 20
11640.809170954797
 10
10547.734416342186
 20
11644.054567576666
 10
10553.930173529388
 20
11646.90070402712
 10
10560.782143556939
 20
11649.298882122395
 10
10568.173087317937
 20
11651.208068370383
 10
10575.97654371548
 20
11652.59559606505
 10
10584.058993447075
 20
11653.437724222846
 10
10592.282143556939
 20
11653.72004379751
 10
10600.505293666802
 20
11653.437724222846
 10
10608.587743398397
 20
11652.59559606505
 10
10616.39119979594
 20
11651.208068370383
 10
10623.782143556939
 20
11649.298882122395
 10
10630.634113584489
 20
11646.90070402712
 10
10636.829870771691
 20
11644.054567576666
 10
10642.263403995286
 20
11640.809170954797
 10
10646.84174399536
 20
11637.22004379751
 10
10650.48655410515
 20
11633.348597065558
 10
10653.13547061315
 20
11629.261072285894
 10
10654.743169823489
 20
11625.027408140772
  0
HATCH
  5
30D
330
17
100
AcDbEntity
  8
I-PLANT
 62
7
420
7582315
100
AcDbHatch
 10
0.0
 20
0.0
 30
0.0
210
0.0
220
0.0
230
1.0
  2
SOLID
 70
1
 71
0
 91
1
 92
3
 72
0
 73
1
 93
48
 10
10655.282143556939
 20
11620.72004379751
 10
10654.743169823489
 20
11616.412679454248
 10
10653.13547061315
 20
11612.179015309126
 10
10650.48655410515
 20
11608.091490529461
 10
10646.84174399536
 20
11604.22004379751
 10
10642.263403995286
 20
11600.630916640222
 10
10636.829870771691
 20
11597.385520018353
 10
10630.634113584489
 20
11594.539383567899
 10
10623.782143556939
 20
11592.141205472624
 10
10616.39119979594
 20
11590.232019224637
 10
10608.587743398397
 20
11588.84449152997
 10
10600.505293666802
 20
11588.002363372174
 10
10592.282143556939
 20
11587.72004379751
 10
10584.058993447075
 20
11588.002363372174
 10
10575.97654371548
 20
11588.84449152997
 10
10568.173087317937
 20
11590.232019224637
 10
10560.782143556939
 20
11592.141205472624
 10
10553.930173529388
 20
11594.539383567899
 10
10547.734416342186
 20
11597.385520018353
 10
10542.30088311859
 20
11600.630916640222
 10
10537.722543118518
 20
11604.22004379751
 10
10534.077733008728
 20
11608.091490529461
 10
10531.428816500727
 20
11612.179015309126
 10
10529.821117290388
 20
11616.412679454248
 10
10529.282143556939
 20
11620.72004379751
 10
10529.821117290388
 20
11625.027408140772
 10
10531.428816500727
 20
11629.261072285894
 10
10534.077733008728
 20
11633.348597065558
 10
10537.722543118518
 20
11637.22004379751
 10
10542.30088311859
 20
11640.809170954797
 10
10547.734416342186
 20
11644.054567576666
 10
10553.930173529388
 20
11646.90070402712
 10
10560.782143556939
 20
11649.298882122395
 10
10568.173087317937
 20
11651.208068370383
 10
10575.97654371548
 20
11652.59559606505
 10
10584.058993447075
 20
11653.437724222846
 10
10592.282143556939
 20
11653.72004379751
 10
10600.505293666802
 20
11653.437724222846
 10
10608.587743398397
 20
11652.59559606505
 10
10616.39119979594
 20
11651.208068370383
 10
10623.782143556939
 20
11649.298882122395
 10
10630.634113584489
 20
11646.90070402712
 10
10636.829870771691
 20
11644.054567576666
 10
10642.263403995286
 20
11640.809170954797
 10
10646.84174399536
 20
11637.22004379751
 10
10650.48655410515
 20
11633.348597065558
 10
10653.13547061315
 20
11629.261072285894
 10
10654.743169823489
 20
11625.027408140772
 97
0
 75
1
 76
1
 98
0
  0
LWPOLYLINE
  5
30E
330
17
100
AcDbEntity
  8
I-PLANT
370
9
420
3698749
100
AcDbPolyline
 90
48
 70
1
 10
10596.780651251458
 20
11617.800355698748
 10
10596.241677518008
 20
11613.492991355486
 10
10594.63397830767
 20
11609.259327210364
 10
10591.985061799669
 20
11605.1718024307
 10
10588.340251689879
 20
11601.300355698748
 10
10583.761911689806
 20
11597.711228541459
 10
10578.32837846621
 20
11594.465831919591
 10
10572.132621279008
 20
11591.619695469137
 10
10565.280651251458
 20
11589.22151737386
 10
10557.88970749046
 20
11587.312331125875
 10
10550.086251092916
 20
11585.924803431208
 10
10542.003801361321
 20
11585.082675273412
 10
10533.780651251458
 20
11584.800355698748
 10
10525.557501141595
 20
11585.082675273412
 10
10517.47505141
 20
11585.924803431208
 10
10509.671595012456
 20
11587.312331125875
 10
10502.280651251458
 20
11589.22151737386
 10
10495.428681223908
 20
11591.619695469137
 10
10489.232924036705
 20
11594.465831919591
 10
10483.79939081311
 20
11597.711228541459
 10
10479.221050813037
 20
11601.300355698748
 10
10475.576240703247
 20
11605.1718024307
 10
10472.927324195247
 20
11609.259327210364
 10
10471.319624984908
 20
11613.492991355486
 10
10470.780651251458
 20
11617.800355698748
 10
10471.319624984908
 20
11622.10772004201
 10
10472.927324195247
 20
11626.34138418713
 10
10475.576240703247
 20
11630.428908966795
 10
10479.221050813037
 20
11634.300355698748
 10
10483.79939081311
 20
11637.889482856035
 10
10489.232924036705
 20
11641.134879477904
 10
10495.428681223908
 20
11643.981015928359
 10
10502.280651251458
 20
11646.379194023633
 10
10509.671595012456
 20
11648.28838027162
 10
10517.47505141
 20
11649.675907966286
 10
10525.557501141595
 20
11650.518036124084
 10
10533.780651251458
 20
11650.800355698748
 10
10542.003801361321
 20
11650.518036124084
 10
10550.086251092916
 20
11649.675907966286
 10
10557.88970749046
 20
11648.28838027162
 10
10565.280651251458
 20
11646.379194023633
 10
10572.132621279008
 20
11643.981015928359
 10
10578.32837846621
 20
11641.134879477904
 10
10583.761911689806
 20
11637.889482856035
 10
10588.340251689879
 20
11634.300355698748
 10
10591.985061799669
 20
11630.428908966795
 10
10594.63397830767
 20
11626.34138418713
 10
10596.241677518008
 20
11622.10772004201
  0
HATCH
  5
30F
330
17
100
AcDbEntity
  8
I-PLANT
 62
7
420
7582315
100
AcDbHatch
 10
0.0
 20
0.0
 30
0.0
210
0.0
220
0.0
230
1.0
  2
SOLID
 70
1
 71
0
 91
1
 92
3
 72
0
 73
1
 93
48
 10
10596.780651251458
 20
11617.800355698748
 10
10596.241677518008
 20
11613.492991355486
 10
10594.63397830767
 20
11609.259327210364
 10
10591.985061799669
 20
11605.1718024307
 10
10588.340251689879
 20
11601.300355698748
 10
10583.761911689806
 20
11597.711228541459
 10
10578.32837846621
 20
11594.465831919591
 10
10572.132621279008
 20
11591.619695469137
 10
10565.280651251458
 20
11589.22151737386
 10
10557.88970749046
 20
11587.312331125875
 10
10550.086251092916
 20
11585.924803431208
 10
10542.003801361321
 20
11585.082675273412
 10
10533.780651251458
 20
11584.800355698748
 10
10525.557501141595
 20
11585.082675273412
 10
10517.47505141
 20
11585.924803431208
 10
10509.671595012456
 20
11587.312331125875
 10
10502.280651251458
 20
11589.22151737386
 10
10495.428681223908
 20
11591.619695469137
 10
10489.232924036705
 20
11594.465831919591
 10
10483.79939081311
 20
11597.711228541459
 10
10479.221050813037
 20
11601.300355698748
 10
10475.576240703247
 20
11605.1718024307
 10
10472.927324195247
 20
11609.259327210364
 10
10471.319624984908
 20
11613.492991355486
 10
10470.780651251458
 20
11617.800355698748
 10
10471.319624984908
 20
11622.10772004201
 10
10472.927324195247
 20
11626.34138418713
 10
10475.576240703247
 20
11630.428908966795
 10
10479.221050813037
 20
11634.300355698748
 10
10483.79939081311
 20
11637.889482856035
 10
10489.232924036705
 20
11641.134879477904
 10
10495.428681223908
 20
11643.981015928359
 10
10502.280651251458
 20
11646.379194023633
 10
10509.671595012456
 20
11648.28838027162
 10
10517.47505141
 20
11649.675907966286
 10
10525.557501141595
 20
11650.518036124084
 10
10533.780651251458
 20
11650.800355698748
 10
10542.003801361321
 20
11650.518036124084
 10
10550.086251092916
 20
11649.675907966286
 10
10557.88970749046
 20
11648.28838027162
 10
10565.280651251458
 20
11646.379194023633
 10
10572.132621279008
 20
11643.981015928359
 10
10578.32837846621
 20
11641.134879477904
 10
10583.761911689806
 20
11637.889482856035
 10
10588.340251689879
 20
11634.300355698748
 10
10591.985061799669
 20
11630.428908966795
 10
10594.63397830767
 20
11626.34138418713
 10
10596.241677518008
 20
11622.10772004201
 97
0
 75
1
 76
1
 98
0
  0
LWPOLYLINE
  5
310
330
17
100
AcDbEntity
  8
I-PLANT
370
9
420
3698749
100
AcDbPolyline
 90
48
 70
1
 10
10558.022863330874
 20
11661.718268400347
 10
10557.483889597424
 20
11657.410904057086
 10
10555.876190387085
 20
11653.177239911964
 10
10553.227273879085
 20
11649.089715132299
 10
10549.582463769293
 20
11645.218268400347
 10
10545.004123769222
 20
11641.629141243058
 10
10539.570590545627
 20
11638.383744621191
 10
10533.374833358423
 20
11635.537608170736
 10
10526.522863330874
 20
11633.13943007546
 10
10519.131919569874
 20
11631.230243827475
 10
10511.328463172333
 20
11629.842716132807
 10
10503.246013440737
 20
11629.000587975012
 10
10495.022863330874
 20
11628.718268400347
 10
10486.799713221011
 20
11629.000587975012
 10
10478.717263489416
 20
11629.842716132807
 10
10470.913807091874
 20
11631.230243827475
 10
10463.522863330874
 20
11633.13943007546
 10
10456.670893303326
 20
11635.537608170736
 10
10450.475136116122
 20
11638.383744621191
 10
10445.041602892526
 20
11641.629141243058
 10
10440.463262892456
 20
11645.218268400347
 10
10436.818452782663
 20
11649.089715132299
 10
10434.169536274663
 20
11653.177239911964
 10
10432.561837064324
 20
11657.410904057086
 10
10432.022863330874
 20
11661.718268400347
 10
10432.561837064324
 20
11666.02563274361
 10
10434.169536274663
 20
11670.25929688873
 10
10436.818452782663
 20
11674.346821668394
 10
10440.463262892456
 20
11678.218268400347
 10
10445.041602892526
 20
11681.807395557635
 10
10450.475136116122
 20
11685.052792179504
 10
10456.670893303326
 20
11687.898928629958
 10
10463.522863330874
 20
11690.297106725233
 10
10470.913807091874
 20
11692.20629297322
 10
10478.717263489416
 20
11693.593820667886
 10
10486.799713221011
 20
11694.435948825683
 10
10495.022863330874
 20
11694.718268400347
 10
10503.246013440737
 20
11694.435948825683
 10
10511.328463172333
 20
11693.593820667886
 10
10519.131919569874
 20
11692.20629297322
 10
10526.522863330874
 20
11690.297106725233
 10
10533.374833358423
 20
11687.898928629958
 10
10539.570590545627
 20
11685.052792179504
 10
10545.004123769222
 20
11681.807395557635
 10
10549.582463769293
 20
11678.218268400347
 10
10553.227273879085
 20
11674.346821668394
 10
10555.876190387085
 20
11670.25929688873
 10
10557.483889597424
 20
11666.02563274361
  0
HATCH
  5
311
330
17
100
AcDbEntity
  8
I-PLANT
 62
7
420
7582315
100
AcDbHatch
 10
0.0
 20
0.0
 30
0.0
210
0.0
220
0.0
230
1.0
  2
SOLID
 70
1
 71
0
 91
1
 92
3
 72
0
 73
1
 93
48
 10
10558.022863330874
 20
11661.718268400347
 10
10557.483889597424
 20
11657.410904057086
 10
10555.876190387085
 20
11653.177239911964
 10
10553.227273879085
 20
11649.089715132299
 10
10549.582463769293
 20
11645.218268400347
 10
10545.004123769222
 20
11641.629141243058
 10
10539.570590545627
 20
11638.383744621191
 10
10533.374833358423
 20
11635.537608170736
 10
10526.522863330874
 20
11633.13943007546
 10
10519.131919569874
 20
11631.230243827475
 10
10511.328463172333
 20
11629.842716132807
 10
10503.246013440737
 20
11629.000587975012
 10
10495.022863330874
 20
11628.718268400347
 10
10486.799713221011
 20
11629.000587975012
 10
10478.717263489416
 20
11629.842716132807
 10
10470.913807091874
 20
11631.230243827475
 10
10463.522863330874
 20
11633.13943007546
 10
10456.670893303326
 20
11635.537608170736
 10
10450.475136116122
 20
11638.383744621191
 10
10445.041602892526
 20
11641.629141243058
 10
10440.463262892456
 20
11645.218268400347
 10
10436.818452782663
 20
11649.089715132299
 10
10434.169536274663
 20
11653.177239911964
 10
10432.561837064324
 20
11657.410904057086
 10
10432.022863330874
 20
11661.718268400347
 10
10432.561837064324
 20
11666.02563274361
 10
10434.169536274663
 20
11670.25929688873
 10
10436.818452782663
 20
11674.346821668394
 10
10440.463262892456
 20
11678.218268400347
 10
10445.041602892526
 20
11681.807395557635
 10
10450.475136116122
 20
11685.052792179504
 10
10456.670893303326
 20
11687.898928629958
 10
10463.522863330874
 20
11690.297106725233
 10
10470.913807091874
 20
11692.20629297322
 10
10478.717263489416
 20
11693.593820667886
 10
10486.799713221011
 20
11694.435948825683
 10
10495.022863330874
 20
11694.718268400347
 10
10503.246013440737
 20
11694.435948825683
 10
10511.328463172333
 20
11693.593820667886
 10
10519.131919569874
 20
11692.20629297322
 10
10526.522863330874
 20
11690.297106725233
 10
10533.374833358423
 20
11687.898928629958
 10
10539.570590545627
 20
11685.052792179504
 10
10545.004123769222
 20
11681.807395557635
 10
10549.582463769293
 20
11678.218268400347
 10
10553.227273879085
 20
11674.346821668394
 10
10555.876190387085
 20
11670.25929688873
 10
10557.483889597424
 20
11666.02563274361
 97
0
 75
1
 76
1
 98
0
  0
LWPOLYLINE
  5
312
330
17
100
AcDbEntity
  8
I-PLANT
370
9
420
3698749
100
AcDbPolyline
 90
48
 70
1
 10
10568.19418461418
 20
11719.402697875848
 10
10567.65521088073
 20
11715.095333532587
 10
10566.047511670391
 20
11710.861669387465
 10
10563.39859516239
 20
11706.7741446078
 10
10559.753785052599
 20
11702.902697875848
 10
10555.175445052528
 20
11699.313570718561
 10
10549.741911828933
 20
11696.068174096692
 10
10543.546154641728
 20
11693.222037646237
 10
10536.69418461418
 20
11690.823859550961
 10
10529.30324085318
 20
11688.914673302976
 10
10521.499784455638
 20
11687.52714560831
 10
10513.417334724043
 20
11686.685017450513
 10
10505.19418461418
 20
11686.402697875848
 10
10496.971034504317
 20
11686.685017450513
 10
10488.888584772722
 20
11687.52714560831
 10
10481.08512837518
 20
11688.914673302976
 10
10473.69418461418
 20
11690.823859550961
 10
10466.842214586632
 20
11693.222037646237
 10
10460.646457399427
 20
11696.068174096692
 10
10455.212924175832
 20
11699.313570718561
 10
10450.634584175761
 20
11702.902697875848
 10
10446.989774065969
 20
11706.7741446078
 10
10444.340857557969
 20
11710.861669387465
 10
10442.73315834763
 20
11715.095333532587
 10
10442.19418461418
 20
11719.402697875848
 10
10442.73315834763
 20
11723.71006221911
 10
10444.340857557969
 20
11727.943726364232
 10
10446.989774065969
 20
11732.031251143897
 10
10450.634584175761
 20
11735.902697875848
 10
10455.212924175832
 20
11739.491825033136
 10
10460.646457399427
 20
11742.737221655005
 10
10466.842214586632
 20
11745.58335810546
 10
10473.69418461418
 20
11747.981536200736
 10
10481.08512837518
 20
11749.890722448721
 10
10488.888584772722
 20
11751.278250143387
 10
10496.971034504317
 20
11752.120378301184
 10
10505.19418461418
 20
11752.402697875848
 10
10513.417334724043
 20
11752.120378301184
 10
10521.499784455638
 20
11751.278250143387
 10
10529.30324085318
 20
11749.890722448721
 10
10536.69418461418
 20
11747.981536200736
 10
10543.546154641728
 20
11745.58335810546
 10
10549.741911828933
 20
11742.737221655005
 10
10555.175445052528
 20
11739.491825033136
 10
10559.753785052599
 20
11735.902697875848
 10
10563.39859516239
 20
11732.031251143897
 10
10566.047511670391
 20
11727.943726364232
 10
10567.65521088073
 20
11723.71006221911
  0
HATCH
  5
313
330
17
100
AcDbEntity
  8
I-PLANT
 62
7
420
7582315
100
AcDbHatch
 10
0.0
 20
0.0
 30
0.0
210
0.0
220
0.0
230
1.0
  2
SOLID
 70
1
 71
0
 91
1
 92
3
 72
0
 73
1
 93
48
 10
10568.19418461418
 20
11719.402697875848
 10
10567.65521088073
 20
11715.095333532587
 10
10566.047511670391
 20
11710.861669387465
 10
10563.39859516239
 20
11706.7741446078
 10
10559.753785052599
 20
11702.902697875848
 10
10555.175445052528
 20
11699.313570718561
 10
10549.741911828933
 20
11696.068174096692
 10
10543.546154641728
 20
11693.222037646237
 10
10536.69418461418
 20
11690.823859550961
 10
10529.30324085318
 20
11688.914673302976
 10
10521.499784455638
 20
11687.52714560831
 10
10513.417334724043
 20
11686.685017450513
 10
10505.19418461418
 20
11686.402697875848
 10
10496.971034504317
 20
11686.685017450513
 10
10488.888584772722
 20
11687.52714560831
 10
10481.08512837518
 20
11688.914673302976
 10
10473.69418461418
 20
11690.823859550961
 10
10466.842214586632
 20
11693.222037646237
 10
10460.646457399427
 20
11696.068174096692
 10
10455.212924175832
 20
11699.313570718561
 10
10450.634584175761
 20
11702.902697875848
 10
10446.989774065969
 20
11706.7741446078
 10
10444.340857557969
 20
11710.861669387465
 10
10442.73315834763
 20
11715.095333532587
 10
10442.19418461418
 20
11719.402697875848
 10
10442.73315834763
 20
11723.71006221911
 10
10444.340857557969
 20
11727.943726364232
 10
10446.989774065969
 20
11732.031251143897
 10
10450.634584175761
 20
11735.902697875848
 10
10455.212924175832
 20
11739.491825033136
 10
10460.646457399427
 20
11742.737221655005
 10
10466.842214586632
 20
11745.58335810546
 10
10473.69418461418
 20
11747.981536200736
 10
10481.08512837518
 20
11749.890722448721
 10
10488.888584772722
 20
11751.278250143387
 10
10496.971034504317
 20
11752.120378301184
 10
10505.19418461418
 20
11752.402697875848
 10
10513.417334724043
 20
11752.120378301184
 10
10521.499784455638
 20
11751.278250143387
 10
10529.30324085318
 20
11749.890722448721
 10
10536.69418461418
 20
11747.981536200736
 10
10543.546154641728
 20
11745.58335810546
 10
10549.741911828933
 20
11742.737221655005
 10
10555.175445052528
 20
11739.491825033136
 10
10559.753785052599
 20
11735.902697875848
 10
10563.39859516239
 20
11732.031251143897
 10
10566.047511670391
 20
11727.943726364232
 10
10567.65521088073
 20
11723.71006221911
 97
0
 75
1
 76
1
 98
0
  0
LWPOLYLINE
  5
314
330
17
100
AcDbEntity
  8
I-PLANT
370
9
420
3698749
100
AcDbPolyline
 90
48
 70
1
 10
10619.635402717904
 20
11747.416092182277
 10
10619.096428984452
 20
11743.108727839015
 10
10617.488729774115
 20
11738.875063693893
 10
10614.839813266113
 20
11734.787538914228
 10
10611.195003156323
 20
11730.916092182277
 10
10606.616663156252
 20
11727.32696502499
 10
10601.183129932655
 20
11724.081568403122
 10
10594.987372745452
 20
11721.235431952668
 10
10588.135402717904
 20
11718.837253857391
 10
10580.744458956904
 20
11716.928067609406
 10
10572.94100255936
 20
11715.540539914738
 10
10564.858552827765
 20
11714.698411756941
 10
10556.635402717904
 20
11714.416092182277
 10
10548.41225260804
 20
11714.698411756941
 10
10540.329802876444
 20
11715.540539914738
 10
10532.526346478902
 20
11716.928067609406
 10
10525.135402717904
 20
11718.837253857391
 10
10518.283432690354
 20
11721.235431952668
 10
10512.08767550315
 20
11724.081568403122
 10
10506.654142279556
 20
11727.32696502499
 10
10502.075802279483
 20
11730.916092182277
 10
10498.430992169691
 20
11734.787538914228
 10
10495.782075661693
 20
11738.875063693893
 10
10494.174376451352
 20
11743.108727839015
 10
10493.635402717904
 20
11747.416092182277
 10
10494.174376451352
 20
11751.723456525538
 10
10495.782075661693
 20
11755.95712067066
 10
10498.430992169691
 20
11760.044645450325
 10
10502.075802279483
 20
11763.916092182277
 10
10506.654142279556
 20
11767.505219339564
 10
10512.08767550315
 20
11770.750615961433
 10
10518.283432690354
 20
11773.596752411888
 10
10525.135402717904
 20
11775.994930507164
 10
10532.526346478902
 20
11777.90411675515
 10
10540.329802876444
 20
11779.291644449817
 10
10548.41225260804
 20
11780.133772607613
 10
10556.635402717904
 20
11780.416092182277
 10
10564.858552827765
 20
11780.133772607613
 10
10572.94100255936
 20
11779.291644449817
 10
10580.744458956904
 20
11777.90411675515
 10
10588.135402717904
 20
11775.994930507164
 10
10594.987372745452
 20
11773.596752411888
 10
10601.183129932655
 20
11770.750615961433
 10
10606.616663156252
 20
11767.505219339564
 10
10611.195003156323
 20
11763.916092182277
 10
10614.839813266113
 20
11760.044645450325
 10
10617.488729774115
 20
11755.95712067066
 10
10619.096428984452
 20
11751.723456525538
  0
HATCH
  5
315
330
17
100
AcDbEntity
  8
I-PLANT
 62
7
420
7582315
100
AcDbHatch
 10
0.0
 20
0.0
 30
0.0
210
0.0
220
0.0
230
1.0
  2
SOLID
 70
1
 71
0
 91
1
 92
3
 72
0
 73
1
 93
48
 10
10619.635402717904
 20
11747.416092182277
 10
10619.096428984452
 20
11743.108727839015
 10
10617.488729774115
 20
11738.875063693893
 10
10614.839813266113
 20
11734.787538914228
 10
10611.195003156323
 20
11730.916092182277
 10
10606.616663156252
 20
11727.32696502499
 10
10601.183129932655
 20
11724.081568403122
 10
10594.987372745452
 20
11721.235431952668
 10
10588.135402717904
 20
11718.837253857391
 10
10580.744458956904
 20
11716.928067609406
 10
10572.94100255936
 20
11715.540539914738
 10
10564.858552827765
 20
11714.698411756941
 10
10556.635402717904
 20
11714.416092182277
 10
10548.41225260804
 20
11714.698411756941
 10
10540.329802876444
 20
11715.540539914738
 10
10532.526346478902
 20
11716.928067609406
 10
10525.135402717904
 20
11718.837253857391
 10
10518.283432690354
 20
11721.235431952668
 10
10512.08767550315
 20
11724.081568403122
 10
10506.654142279556
 20
11727.32696502499
 10
10502.075802279483
 20
11730.916092182277
 10
10498.430992169691
 20
11734.787538914228
 10
10495.782075661693
 20
11738.875063693893
 10
10494.174376451352
 20
11743.108727839015
 10
10493.635402717904
 20
11747.416092182277
 10
10494.174376451352
 20
11751.723456525538
 10
10495.782075661693
 20
11755.95712067066
 10
10498.430992169691
 20
11760.044645450325
 10
10502.075802279483
 20
11763.916092182277
 10
10506.654142279556
 20
11767.505219339564
 10
10512.08767550315
 20
11770.750615961433
 10
10518.283432690354
 20
11773.596752411888
 10
10525.135402717904
 20
11775.994930507164
 10
10532.526346478902
 20
11777.90411675515
 10
10540.329802876444
 20
11779.291644449817
 10
10548.41225260804
 20
11780.133772607613
 10
10556.635402717904
 20
11780.416092182277
 10
10564.858552827765
 20
11780.133772607613
 10
10572.94100255936
 20
11779.291644449817
 10
10580.744458956904
 20
11777.90411675515
 10
10588.135402717904
 20
11775.994930507164
 10
10594.987372745452
 20
11773.596752411888
 10
10601.183129932655
 20
11770.750615961433
 10
10606.616663156252
 20
11767.505219339564
 10
10611.195003156323
 20
11763.916092182277
 10
10614.839813266113
 20
11760.044645450325
 10
10617.488729774115
 20
11755.95712067066
 10
10619.096428984452
 20
11751.723456525538
 97
0
 75
1
 76
1
 98
0
  0
LWPOLYLINE
  5
316
330
17
100
AcDbEntity
  8
I-PLANT
370
9
420
3698749
100
AcDbPolyline
 90
48
 70
1
 10
10673.610231200322
 20
11724.663794037788
 10
10673.071257466872
 20
11720.356429694526
 10
10671.463558256533
 20
11716.122765549404
 10
10668.814641748533
 20
11712.03524076974
 10
10665.169831638741
 20
11708.163794037788
 10
10660.59149163867
 20
11704.5746668805
 10
10655.157958415075
 20
11701.329270258633
 10
10648.96220122787
 20
11698.483133808179
 10
10642.110231200322
 20
11696.084955712902
 10
10634.719287439322
 20
11694.175769464917
 10
10626.91583104178
 20
11692.78824177025
 10
10618.833381310185
 20
11691.946113612452
 10
10610.610231200322
 20
11691.663794037788
 10
10602.38708109046
 20
11691.946113612452
 10
10594.304631358864
 20
11692.78824177025
 10
10586.501174961322
 20
11694.175769464917
 10
10579.110231200322
 20
11696.084955712902
 10
10572.258261172774
 20
11698.483133808179
 10
10566.06250398557
 20
11701.329270258633
 10
10560.628970761974
 20
11704.5746668805
 10
10556.050630761903
 20
11708.163794037788
 10
10552.405820652111
 20
11712.03524076974
 10
10549.756904144111
 20
11716.122765549404
 10
10548.149204933772
 20
11720.356429694526
 10
10547.610231200322
 20
11724.663794037788
 10
10548.149204933772
 20
11728.97115838105
 10
10549.756904144111
 20
11733.204822526171
 10
10552.405820652111
 20
11737.292347305836
 10
10556.050630761903
 20
11741.163794037788
 10
10560.628970761974
 20
11744.752921195075
 10
10566.06250398557
 20
11747.998317816944
 10
10572.258261172774
 20
11750.844454267399
 10
10579.110231200322
 20
11753.242632362675
 10
10586.501174961322
 20
11755.15181861066
 10
10594.304631358864
 20
11756.539346305328
 10
10602.38708109046
 20
11757.381474463124
 10
10610.610231200322
 20
11757.663794037788
 10
10618.833381310185
 20
11757.381474463124
 10
10626.91583104178
 20
11756.539346305328
 10
10634.719287439322
 20
11755.15181861066
 10
10642.110231200322
 20
11753.242632362675
 10
10648.96220122787
 20
11750.844454267399
 10
10655.157958415075
 20
11747.998317816944
 10
10660.59149163867
 20
11744.752921195075
 10
10665.169831638741
 20
11741.163794037788
 10
10668.814641748533
 20
11737.292347305836
 10
10671.463558256533
 20
11733.204822526171
 10
10673.071257466872
 20
11728.97115838105
  0
HATCH
  5
317
330
17
100
AcDbEntity
  8
I-PLANT
 62
7
420
7582315
100
AcDbHatch
 10
0.0
 20
0.0
 30
0.0
210
0.0
220
0.0
230
1.0
  2
SOLID
 70
1
 71
0
 91
1
 92
3
 72
0
 73
1
 93
48
 10
10673.610231200322
 20
11724.663794037788
 10
10673.071257466872
 20
11720.356429694526
 10
10671.463558256533
 20
11716.122765549404
 10
10668.814641748533
 20
11712.03524076974
 10
10665.169831638741
 20
11708.163794037788
 10
10660.59149163867
 20
11704.5746668805
 10
10655.157958415075
 20
11701.329270258633
 10
10648.96220122787
 20
11698.483133808179
 10
10642.110231200322
 20
11696.084955712902
 10
10634.719287439322
 20
11694.175769464917
 10
10626.91583104178
 20
11692.78824177025
 10
10618.833381310185
 20
11691.946113612452
 10
10610.610231200322
 20
11691.663794037788
 10
10602.38708109046
 20
11691.946113612452
 10
10594.304631358864
 20
11692.78824177025
 10
10586.501174961322
 20
11694.175769464917
 10
10579.110231200322
 20
11696.084955712902
 10
10572.258261172774
 20
11698.483133808179
 10
10566.06250398557
 20
11701.329270258633
 10
10560.628970761974
 20
11704.5746668805
 10
10556.050630761903
 20
11708.163794037788
 10
10552.405820652111
 20
11712.03524076974
 10
10549.756904144111
 20
11716.122765549404
 10
10548.149204933772
 20
11720.356429694526
 10
10547.610231200322
 20
11724.663794037788
 10
10548.149204933772
 20
11728.97115838105
 10
10549.756904144111
 20
11733.204822526171
 10
10552.405820652111
 20
11737.292347305836
 10
10556.050630761903
 20
11741.163794037788
 10
10560.628970761974
 20
11744.752921195075
 10
10566.06250398557
 20
11747.998317816944
 10
10572.258261172774
 20
11750.844454267399
 10
10579.110231200322
 20
11753.242632362675
 10
10586.501174961322
 20
11755.15181861066
 10
10594.304631358864
 20
11756.539346305328
 10
10602.38708109046
 20
11757.381474463124
 10
10610.610231200322
 20
11757.663794037788
 10
10618.833381310185
 20
11757.381474463124
 10
10626.91583104178
 20
11756.539346305328
 10
10634.719287439322
 20
11755.15181861066
 10
10642.110231200322
 20
11753.242632362675
 10
10648.96220122787
 20
11750.844454267399
 10
10655.157958415075
 20
11747.998317816944
 10
10660.59149163867
 20
11744.752921195075
 10
10665.169831638741
 20
11741.163794037788
 10
10668.814641748533
 20
11737.292347305836
 10
10671.463558256533
 20
11733.204822526171
 10
10673.071257466872
 20
11728.97115838105
 97
0
 75
1
 76
1
 98
0
  0
CIRCLE
  5
318
330
17
100
AcDbEntity
  8
I-PLANT
370
9
420
3698749
100
AcDbCircle
 10
10560.0
 20
11680.0
 30
0.0
 40
27.0
  0
HATCH
  5
319
330
17
100
AcDbEntity
  8
I-PLANT
 62
7
420
9199936
100
AcDbHatch
 10
0.0
 20
0.0
 30
0.0
210
0.0
220
0.0
230
1.0
  2
SOLID
 70
1
 71
0
 91
1
 92
1
 93
1
 72
2
 10
10560.0
 20
11680.0
 40
27.0
 50
0
 51
360
 73
1
 97
0
 75
1
 76
1
 98
0
  0
LWPOLYLINE
  5
31A
330
17
100
AcDbEntity
  8
I-FURN
370
13
420
5000274
100
AcDbPolyline
 90
4
 70
1
 10
6430.0
 20
13150.0
 10
6680.0
 20
13150.0
 10
6680.0
 20
12250.0
 10
6430.0
 20
12250.0
  0
HATCH
  5
31B
330
17
100
AcDbEntity
  8
I-FURN
 62
7
420
16777215
100
AcDbHatch
 10
0.0
 20
0.0
 30
0.0
210
0.0
220
0.0
230
1.0
  2
SOLID
 70
1
 71
0
 91
1
 92
3
 72
0
 73
1
 93
4
 10
6430.0
 20
13150.0
 10
6680.0
 20
13150.0
 10
6680.0
 20
12250.0
 10
6430.0
 20
12250.0
 97
0
 75
1
 76
1
 98
0
  0
LWPOLYLINE
  5
31C
330
17
100
AcDbEntity
  8
I-FURN
370
5
420
5000268
100
AcDbPolyline
 90
4
 70
1
 10
6450.0
 20
13130.0
 10
6660.0
 20
13130.0
 10
6660.0
 20
13070.0
 10
6450.0
 20
13070.0
  0
HATCH
  5
31D
330
17
100
AcDbEntity
  8
I-FURN
 62
7
420
13388871
100
AcDbHatch
 10
0.0
 20
0.0
 30
0.0
210
0.0
220
0.0
230
1.0
  2
SOLID
 70
1
 71
0
 91
1
 92
3
 72
0
 73
1
 93
4
 10
6450.0
 20
13130.0
 10
6660.0
 20
13130.0
 10
6660.0
 20
13070.0
 10
6450.0
 20
13070.0
 97
0
 75
1
 76
1
 98
0
  0
LWPOLYLINE
  5
31E
330
17
100
AcDbEntity
  8
I-FURN
370
5
420
5000268
100
AcDbPolyline
 90
4
 70
1
 10
6450.0
 20
13062.0
 10
6635.0
 20
13062.0
 10
6635.0
 20
12965.0
 10
6450.0
 20
12965.0
  0
HATCH
  5
31F
330
17
100
AcDbEntity
  8
I-FURN
 62
7
420
4223922
100
AcDbHatch
 10
0.0
 20
0.0
 30
0.0
210
0.0
220
0.0
230
1.0
  2
SOLID
 70
1
 71
0
 91
1
 92
3
 72
0
 73
1
 93
4
 10
6450.0
 20
13062.0
 10
6635.0
 20
13062.0
 10
6635.0
 20
12965.0
 10
6450.0
 20
12965.0
 97
0
 75
1
 76
1
 98
0
  0
LWPOLYLINE
  5
320
330
17
100
AcDbEntity
  8
I-FURN
370
5
420
5000268
100
AcDbPolyline
 90
4
 70
1
 10
6450.0
 20
12957.0
 10
6610.0
 20
12957.0
 10
6610.0
 20
12873.0
 10
6450.0
 20
12873.0
  0
HATCH
  5
321
330
17
100
AcDbEntity
  8
I-FURN
 62
7
420
15120460
100
AcDbHatch
 10
0.0
 20
0.0
 30
0.0
210
0.0
220
0.0
230
1.0
  2
SOLID
 70
1
 71
0
 91
1
 92
3
 72
0
 73
1
 93
4
 10
6450.0
 20
12957.0
 10
6610.0
 20
12957.0
 10
6610.0
 20
12873.0
 10
6450.0
 20
12873.0
 97
0
 75
1
 76
1
 98
0
  0
LWPOLYLINE
  5
322
330
17
100
AcDbEntity
  8
I-FURN
370
5
420
5000268
100
AcDbPolyline
 90
4
 70
1
 10
6450.0
 20
12865.0
 10
6660.0
 20
12865.0
 10
6660.0
 20
12794.0
 10
6450.0
 20
12794.0
  0
HATCH
  5
323
330
17
100
AcDbEntity
  8
I-FURN
 62
7
420
5871987
100
AcDbHatch
 10
0.0
 20
0.0
 30
0.0
210
0.0
220
0.0
230
1.0
  2
SOLID
 70
1
 71
0
 91
1
 92
3
 72
0
 73
1
 93
4
 10
6450.0
 20
12865.0
 10
6660.0
 20
12865.0
 10
6660.0
 20
12794.0
 10
6450.0
 20
12794.0
 97
0
 75
1
 76
1
 98
0
  0
LWPOLYLINE
  5
324
330
17
100
AcDbEntity
  8
I-FURN
370
5
420
5000268
100
AcDbPolyline
 90
4
 70
1
 10
6450.0
 20
12786.0
 10
6635.0
 20
12786.0
 10
6635.0
 20
12678.0
 10
6450.0
 20
12678.0
  0
HATCH
  5
325
330
17
100
AcDbEntity
  8
I-FURN
 62
7
420
9201318
100
AcDbHatch
 10
0.0
 20
0.0
 30
0.0
210
0.0
220
0.0
230
1.0
  2
SOLID
 70
1
 71
0
 91
1
 92
3
 72
0
 73
1
 93
4
 10
6450.0
 20
12786.0
 10
6635.0
 20
12786.0
 10
6635.0
 20
12678.0
 10
6450.0
 20
12678.0
 97
0
 75
1
 76
1
 98
0
  0
LWPOLYLINE
  5
326
330
17
100
AcDbEntity
  8
I-FURN
370
5
420
5000268
100
AcDbPolyline
 90
4
 70
1
 10
6450.0
 20
12670.0
 10
6610.0
 20
12670.0
 10
6610.0
 20
12575.0
 10
6450.0
 20
12575.0
  0
HATCH
  5
327
330
17
100
AcDbEntity
  8
I-FURN
 62
7
420
14257241
100
AcDbHatch
 10
0.0
 20
0.0
 30
0.0
210
0.0
220
0.0
230
1.0
  2
SOLID
 70
1
 71
0
 91
1
 92
3
 72
0
 73
1
 93
4
 10
6450.0
 20
12670.0
 10
6610.0
 20
12670.0
 10
6610.0
 20
12575.0
 10
6450.0
 20
12575.0
 97
0
 75
1
 76
1
 98
0
  0
LWPOLYLINE
  5
328
330
17
100
AcDbEntity
  8
I-FURN
370
5
420
5000268
100
AcDbPolyline
 90
4
 70
1
 10
6450.0
 20
12567.0
 10
6660.0
 20
12567.0
 10
6660.0
 20
12485.0
 10
6450.0
 20
12485.0
  0
HATCH
  5
329
330
17
100
AcDbEntity
  8
I-FURN
 62
7
420
13388871
100
AcDbHatch
 10
0.0
 20
0.0
 30
0.0
210
0.0
220
0.0
230
1.0
  2
SOLID
 70
1
 71
0
 91
1
 92
3
 72
0
 73
1
 93
4
 10
6450.0
 20
12567.0
 10
6660.0
 20
12567.0
 10
6660.0
 20
12485.0
 10
6450.0
 20
12485.0
 97
0
 75
1
 76
1
 98
0
  0
LWPOLYLINE
  5
32A
330
17
100
AcDbEntity
  8
I-FURN
370
5
420
5000268
100
AcDbPolyline
 90
4
 70
1
 10
6450.0
 20
12477.0
 10
6635.0
 20
12477.0
 10
6635.0
 20
12408.0
 10
6450.0
 20
12408.0
  0
HATCH
  5
32B
330
17
100
AcDbEntity
  8
I-FURN
 62
7
420
4223922
100
AcDbHatch
 10
0.0
 20
0.0
 30
0.0
210
0.0
220
0.0
230
1.0
  2
SOLID
 70
1
 71
0
 91
1
 92
3
 72
0
 73
1
 93
4
 10
6450.0
 20
12477.0
 10
6635.0
 20
12477.0
 10
6635.0
 20
12408.0
 10
6450.0
 20
12408.0
 97
0
 75
1
 76
1
 98
0
  0
LWPOLYLINE
  5
32C
330
17
100
AcDbEntity
  8
I-FURN
370
5
420
5000268
100
AcDbPolyline
 90
4
 70
1
 10
6450.0
 20
12400.0
 10
6610.0
 20
12400.0
 10
6610.0
 20
12294.0
 10
6450.0
 20
12294.0
  0
HATCH
  5
32D
330
17
100
AcDbEntity
  8
I-FURN
 62
7
420
15120460
100
AcDbHatch
 10
0.0
 20
0.0
 30
0.0
210
0.0
220
0.0
230
1.0
  2
SOLID
 70
1
 71
0
 91
1
 92
3
 72
0
 73
1
 93
4
 10
6450.0
 20
12400.0
 10
6610.0
 20
12400.0
 10
6610.0
 20
12294.0
 10
6450.0
 20
12294.0
 97
0
 75
1
 76
1
 98
0
  0
LWPOLYLINE
  5
32E
330
17
100
AcDbEntity
  8
I-FURN
370
13
420
5000274
100
AcDbPolyline
 90
4
 70
1
 10
7800.0
 20
10950.0
 10
10600.0
 20
10950.0
 10
10600.0
 20
10350.0
 10
7800.0
 20
10350.0
  0
HATCH
  5
32F
330
17
100
AcDbEntity
  8
I-FURN
 62
7
420
15789544
100
AcDbHatch
 10
0.0
 20
0.0
 30
0.0
210
0.0
220
0.0
230
1.0
  2
SOLID
 70
1
 71
0
 91
1
 92
3
 72
0
 73
1
 93
4
 10
7800.0
 20
10950.0
 10
10600.0
 20
10950.0
 10
10600.0
 20
10350.0
 10
7800.0
 20
10350.0
 97
0
 75
1
 76
1
 98
0
  0
LWPOLYLINE
  5
330
330
17
100
AcDbEntity
  8
I-FURN
370
13
420
5000274
100
AcDbPolyline
 90
4
 70
1
 10
7800.0
 20
10950.0
 10
10000.0
 20
10950.0
 10
10000.0
 20
10370.0
 10
7800.0
 20
10370.0
  0
HATCH
  5
331
330
17
100
AcDbEntity
  8
I-FURN
 62
7
420
5395031
100
AcDbHatch
 10
0.0
 20
0.0
 30
0.0
210
0.0
220
0.0
230
1.0
  2
SOLID
 70
1
 71
0
 91
1
 92
3
 72
0
 73
1
 93
4
 10
7800.0
 20
10950.0
 10
10000.0
 20
10950.0
 10
10000.0
 20
10370.0
 10
7800.0
 20
10370.0
 97
0
 75
1
 76
1
 98
0
  0
LWPOLYLINE
  5
332
330
17
100
AcDbEntity
  8
I-FURN
370
13
420
5000274
100
AcDbPolyline
 90
28
 70
1
 10
8700.0
 20
10890.0
 10
8712.940952255125
 20
10888.296291314453
 10
8725.0
 20
10883.301270189222
 10
8735.355339059328
 20
10875.355339059328
 10
8743.301270189222
 20
10865.0
 10
8748.296291314453
 20
10852.940952255125
 10
8750.0
 20
10840.0
 10
8750.0
 20
10460.0
 10
8748.296291314453
 20
10447.059047744875
 10
8743.301270189222
 20
10435.0
 10
8735.355339059328
 20
10424.644660940672
 10
8725.0
 20
10416.698729810778
 10
8712.940952255125
 20
10411.703708685547
 10
8700.0
 20
10410.0
 10
8250.0
 20
10410.0
 10
8237.059047744875
 20
10411.703708685547
 10
8225.0
 20
10416.698729810778
 10
8214.644660940672
 20
10424.644660940672
 10
8206.698729810778
 20
10435.0
 10
8201.703708685547
 20
10447.059047744875
 10
8200.0
 20
10460.0
 10
8200.0
 20
10840.0
 10
8201.703708685547
 20
10852.940952255125
 10
8206.698729810778
 20
10865.0
 10
8214.644660940672
 20
10875.355339059328
 10
8225.0
 20
10883.301270189222
 10
8237.059047744875
 20
10888.296291314453
 10
8250.0
 20
10890.0
  0
HATCH
  5
333
330
17
100
AcDbEntity
  8
I-FURN
 62
7
420
13094100
100
AcDbHatch
 10
0.0
 20
0.0
 30
0.0
210
0.0
220
0.0
230
1.0
  2
SOLID
 70
1
 71
0
 91
1
 92
3
 72
0
 73
1
 93
28
 10
8700.0
 20
10890.0
 10
8712.940952255125
 20
10888.296291314453
 10
8725.0
 20
10883.301270189222
 10
8735.355339059328
 20
10875.355339059328
 10
8743.301270189222
 20
10865.0
 10
8748.296291314453
 20
10852.940952255125
 10
8750.0
 20
10840.0
 10
8750.0
 20
10460.0
 10
8748.296291314453
 20
10447.059047744875
 10
8743.301270189222
 20
10435.0
 10
8735.355339059328
 20
10424.644660940672
 10
8725.0
 20
10416.698729810778
 10
8712.940952255125
 20
10411.703708685547
 10
8700.0
 20
10410.0
 10
8250.0
 20
10410.0
 10
8237.059047744875
 20
10411.703708685547
 10
8225.0
 20
10416.698729810778
 10
8214.644660940672
 20
10424.644660940672
 10
8206.698729810778
 20
10435.0
 10
8201.703708685547
 20
10447.059047744875
 10
8200.0
 20
10460.0
 10
8200.0
 20
10840.0
 10
8201.703708685547
 20
10852.940952255125
 10
8206.698729810778
 20
10865.0
 10
8214.644660940672
 20
10875.355339059328
 10
8225.0
 20
10883.301270189222
 10
8237.059047744875
 20
10888.296291314453
 10
8250.0
 20
10890.0
 97
0
 75
1
 76
1
 98
0
  0
LWPOLYLINE
  5
334
330
17
100
AcDbEntity
  8
I-FURN
370
13
420
5000274
100
AcDbPolyline
 90
28
 70
1
 10
8640.0
 20
10840.0
 10
8655.529142706151
 20
10837.955549577344
 10
8670.0
 20
10831.961524227067
 10
8682.426406871193
 20
10822.426406871193
 10
8691.961524227067
 20
10810.0
 10
8697.955549577344
 20
10795.529142706151
 10
8700.0
 20
10780.0
 10
8700.0
 20
10520.0
 10
8697.955549577344
 20
10504.470857293849
 10
8691.961524227067
 20
10490.0
 10
8682.426406871193
 20
10477.573593128807
 10
8670.0
 20
10468.038475772933
 10
8655.529142706151
 20
10462.044450422656
 10
8640.0
 20
10460.0
 10
8310.0
 20
10460.0
 10
8294.470857293849
 20
10462.044450422656
 10
8280.0
 20
10468.038475772933
 10
8267.573593128807
 20
10477.573593128807
 10
8258.038475772933
 20
10490.0
 10
8252.044450422656
 20
10504.470857293849
 10
8250.0
 20
10520.0
 10
8250.0
 20
10780.0
 10
8252.044450422656
 20
10795.529142706151
 10
8258.038475772933
 20
10810.0
 10
8267.573593128807
 20
10822.426406871193
 10
8280.0
 20
10831.961524227067
 10
8294.470857293849
 20
10837.955549577344
 10
8310.0
 20
10840.0
  0
HATCH
  5
335
330
17
100
AcDbEntity
  8
I-FURN
 62
7
420
14739179
100
AcDbHatch
 10
0.0
 20
0.0
 30
0.0
210
0.0
220
0.0
230
1.0
  2
SOLID
 70
1
 71
0
 91
1
 92
3
 72
0
 73
1
 93
28
 10
8640.0
 20
10840.0
 10
8655.529142706151
 20
10837.955549577344
 10
8670.0
 20
10831.961524227067
 10
8682.426406871193
 20
10822.426406871193
 10
8691.961524227067
 20
10810.0
 10
8697.955549577344
 20
10795.529142706151
 10
8700.0
 20
10780.0
 10
8700.0
 20
10520.0
 10
8697.955549577344
 20
10504.470857293849
 10
8691.961524227067
 20
10490.0
 10
8682.426406871193
 20
10477.573593128807
 10
8670.0
 20
10468.038475772933
 10
8655.529142706151
 20
10462.044450422656
 10
8640.0
 20
10460.0
 10
8310.0
 20
10460.0
 10
8294.470857293849
 20
10462.044450422656
 10
8280.0
 20
10468.038475772933
 10
8267.573593128807
 20
10477.573593128807
 10
8258.038475772933
 20
10490.0
 10
8252.044450422656
 20
10504.470857293849
 10
8250.0
 20
10520.0
 10
8250.0
 20
10780.0
 10
8252.044450422656
 20
10795.529142706151
 10
8258.038475772933
 20
10810.0
 10
8267.573593128807
 20
10822.426406871193
 10
8280.0
 20
10831.961524227067
 10
8294.470857293849
 20
10837.955549577344
 10
8310.0
 20
10840.0
 97
0
 75
1
 76
1
 98
0
  0
CIRCLE
  5
336
330
17
100
AcDbEntity
  8
I-FURN
370
13
420
5000274
100
AcDbCircle
 10
8475.0
 20
10650.0
 30
0.0
 40
35.0
  0
HATCH
  5
337
330
17
100
AcDbEntity
  8
I-FURN
 62
7
420
10067622
100
AcDbHatch
 10
0.0
 20
0.0
 30
0.0
210
0.0
220
0.0
230
1.0
  2
SOLID
 70
1
 71
0
 91
1
 92
1
 93
1
 72
2
 10
8475.0
 20
10650.0
 40
35
 50
0
 51
360
 73
1
 97
0
 75
1
 76
1
 98
0
  0
LWPOLYLINE
  5
338
330
17
100
AcDbEntity
  8
I-FURN
370
13
420
5000274
100
AcDbPolyline
 90
4
 70
1
 10
9250.0
 20
10900.0
 10
9700.0
 20
10900.0
 10
9700.0
 20
10400.0
 10
9250.0
 20
10400.0
  0
HATCH
  5
339
330
17
100
AcDbEntity
  8
I-FURN
 62
7
420
1315863
100
AcDbHatch
 10
0.0
 20
0.0
 30
0.0
210
0.0
220
0.0
230
1.0
  2
SOLID
 70
1
 71
0
 91
1
 92
3
 72
0
 73
1
 93
4
 10
9250.0
 20
10900.0
 10
9700.0
 20
10900.0
 10
9700.0
 20
10400.0
 10
9250.0
 20
10400.0
 97
0
 75
1
 76
1
 98
0
  0
CIRCLE
  5
33A
330
17
100
AcDbEntity
  8
I-FURN
370
13
420
9211028
100
AcDbCircle
 10
9475.0
 20
10770.0
 30
0.0
 40
105.0
  0
CIRCLE
  5
33B
330
17
100
AcDbEntity
  8
I-FURN
370
13
420
9211028
100
AcDbCircle
 10
9475.0
 20
10530.0
 30
0.0
 40
105.0
  0
LWPOLYLINE
  5
33C
330
17
100
AcDbEntity
  8
I-FURN
370
13
420
5000274
100
AcDbPolyline
 90
4
 70
1
 10
10000.0
 20
10950.0
 10
10600.0
 20
10950.0
 10
10600.0
 20
10300.0
 10
10000.0
 20
10300.0
  0
HATCH
  5
33D
330
17
100
AcDbEntity
  8
I-FURN
 62
7
420
13094100
100
AcDbHatch
 10
0.0
 20
0.0
 30
0.0
210
0.0
220
0.0
230
1.0
  2
SOLID
 70
1
 71
0
 91
1
 92
3
 72
0
 73
1
 93
4
 10
10000.0
 20
10950.0
 10
10600.0
 20
10950.0
 10
10600.0
 20
10300.0
 10
10000.0
 20
10300.0
 97
0
 75
1
 76
1
 98
0
  0
LINE
  5
33E
330
17
100
AcDbEntity
  8
I-FURN
370
13
420
9212313
100
AcDbLine
 10
10300.0
 20
10950.0
 30
0.0
 11
10300.0
 21
10300.0
 31
0.0
  0
LWPOLYLINE
  5
33F
330
17
100
AcDbEntity
  8
I-FURN
370
13
420
5000274
100
AcDbPolyline
 90
4
 70
1
 10
8300.0
 20
9850.0
 10
9400.0
 20
9850.0
 10
9400.0
 20
9250.0
 10
8300.0
 20
9250.0
  0
HATCH
  5
340
330
17
100
AcDbEntity
  8
I-FURN
 62
7
420
7886656
100
AcDbHatch
 10
0.0
 20
0.0
 30
0.0
210
0.0
220
0.0
230
1.0
  2
SOLID
 70
1
 71
0
 91
1
 92
3
 72
0
 73
1
 93
4
 10
8300.0
 20
9850.0
 10
9400.0
 20
9850.0
 10
9400.0
 20
9250.0
 10
8300.0
 20
9250.0
 97
0
 75
1
 76
1
 98
0
  0
CIRCLE
  5
341
330
17
100
AcDbEntity
  8
I-FURN
370
13
420
5000274
100
AcDbCircle
 10
8550.0
 20
10020.0
 30
0.0
 40
170.0
  0
HATCH
  5
342
330
17
100
AcDbEntity
  8
I-FURN
 62
7
420
3356219
100
AcDbHatch
 10
0.0
 20
0.0
 30
0.0
210
0.0
220
0.0
230
1.0
  2
SOLID
 70
1
 71
0
 91
1
 92
1
 93
1
 72
2
 10
8550.0
 20
10020.0
 40
170
 50
0
 51
360
 73
1
 97
0
 75
1
 76
1
 98
0
  0
CIRCLE
  5
343
330
17
100
AcDbEntity
  8
I-FURN
370
13
420
5000274
100
AcDbCircle
 10
8850.0
 20
10020.0
 30
0.0
 40
170.0
  0
HATCH
  5
344
330
17
100
AcDbEntity
  8
I-FURN
 62
7
420
3356219
100
AcDbHatch
 10
0.0
 20
0.0
 30
0.0
210
0.0
220
0.0
230
1.0
  2
SOLID
 70
1
 71
0
 91
1
 92
1
 93
1
 72
2
 10
8850.0
 20
10020.0
 40
170
 50
0
 51
360
 73
1
 97
0
 75
1
 76
1
 98
0
  0
CIRCLE
  5
345
330
17
100
AcDbEntity
  8
I-FURN
370
13
420
5000274
100
AcDbCircle
 10
9150.0
 20
10020.0
 30
0.0
 40
170.0
  0
HATCH
  5
346
330
17
100
AcDbEntity
  8
I-FURN
 62
7
420
3356219
100
AcDbHatch
 10
0.0
 20
0.0
 30
0.0
210
0.0
220
0.0
230
1.0
  2
SOLID
 70
1
 71
0
 91
1
 92
1
 93
1
 72
2
 10
9150.0
 20
10020.0
 40
170
 50
0
 51
360
 73
1
 97
0
 75
1
 76
1
 98
0
  0
LWPOLYLINE
  5
347
330
17
100
AcDbEntity
  8
I-FURN
370
13
420
5000274
100
AcDbPolyline
 90
4
 70
1
 10
10900.0
 20
11200.0
 10
11050.0
 20
11200.0
 10
11050.0
 20
10000.0
 10
10900.0
 20
10000.0
  0
HATCH
  5
348
330
17
100
AcDbEntity
  8
I-FURN
 62
7
420
14277081
100
AcDbHatch
 10
0.0
 20
0.0
 30
0.0
210
0.0
220
0.0
230
1.0
  2
SOLID
 70
1
 71
0
 91
1
 92
3
 72
0
 73
1
 93
4
 10
10900.0
 20
11200.0
 10
11050.0
 20
11200.0
 10
11050.0
 20
10000.0
 10
10900.0
 20
10000.0
 97
0
 75
1
 76
1
 98
0
  0
CIRCLE
  5
349
330
17
100
AcDbEntity
  8
I-PLANT
370
13
420
3698749
100
AcDbCircle
 10
7500.0
 20
9550.0
 30
0.0
 40
180.0
  0
HATCH
  5
34A
330
17
100
AcDbEntity
  8
I-PLANT
 62
7
420
6068572
100
AcDbHatch
 10
0.0
 20
0.0
 30
0.0
210
0.0
220
0.0
230
1.0
  2
SOLID
 70
1
 71
0
 91
1
 92
1
 93
1
 72
2
 10
7500.0
 20
9550.0
 40
180
 50
0
 51
360
 73
1
 97
0
 75
1
 76
1
 98
0
  0
LWPOLYLINE
  5
34B
330
17
100
AcDbEntity
  8
I-PLANT
370
9
420
3698749
100
AcDbPolyline
 90
48
 70
1
 10
7655.369427993988
 20
9535.934497608978
 10
7654.722659513849
 20
9530.765660397064
 10
7652.793420461442
 20
9525.685263422918
 10
7649.614720651842
 20
9520.780233687321
 10
7645.240948520092
 20
9516.134497608979
 10
7639.746940520006
 20
9511.827545020235
 10
7633.226700651692
 20
9507.933069073992
 10
7625.791792027048
 20
9504.517705333445
 10
7617.569427993989
 20
9501.639891619114
 10
7608.7002954807895
 20
9499.348868121531
 10
7599.33614780374
 20
9497.683834887932
 10
7589.637208125825
 20
9496.673281098576
 10
7579.769427993989
 20
9496.33449760898
 10
7569.9016478621525
 20
9496.673281098576
 10
7560.202708184239
 20
9497.683834887932
 10
7550.838560507188
 20
9499.348868121531
 10
7541.969427993989
 20
9501.639891619114
 10
7533.747063960929
 20
9504.517705333445
 10
7526.312155336285
 20
9507.933069073992
 10
7519.791915467971
 20
9511.827545020235
 10
7514.297907467885
 20
9516.134497608979
 10
7509.924135336136
 20
9520.780233687321
 10
7506.745435526535
 20
9525.685263422918
 10
7504.816196474128
 20
9530.765660397064
 10
7504.169427993989
 20
9535.934497608978
 10
7504.816196474128
 20
9541.103334820893
 10
7506.745435526535
 20
9546.183731795038
 10
7509.924135336136
 20
9551.088761530636
 10
7514.297907467885
 20
9555.734497608979
 10
7519.791915467971
 20
9560.041450197725
 10
7526.312155336285
 20
9563.935926143966
 10
7533.747063960929
 20
9567.351289884511
 10
7541.969427993989
 20
9570.229103598842
 10
7550.838560507188
 20
9572.520127096424
 10
7560.202708184239
 20
9574.185160330026
 10
7569.9016478621525
 20
9575.195714119382
 10
7579.769427993989
 20
9575.53449760898
 10
7589.637208125825
 20
9575.195714119382
 10
7599.336147803739
 20
9574.185160330026
 10
7608.7002954807895
 20
9572.520127096424
 10
7617.569427993989
 20
9570.229103598842
 10
7625.791792027048
 20
9567.351289884511
 10
7633.226700651692
 20
9563.935926143966
 10
7639.746940520006
 20
9560.041450197725
 10
7645.240948520092
 20
9555.734497608979
 10
7649.614720651842
 20
9551.088761530636
 10
7652.793420461442
 20
9546.183731795038
 10
7654.722659513849
 20
9541.103334820893
  0
HATCH
  5
34C
330
17
100
AcDbEntity
  8
I-PLANT
 62
7
420
7582315
100
AcDbHatch
 10
0.0
 20
0.0
 30
0.0
210
0.0
220
0.0
230
1.0
  2
SOLID
 70
1
 71
0
 91
1
 92
3
 72
0
 73
1
 93
48
 10
7655.369427993988
 20
9535.934497608978
 10
7654.722659513849
 20
9530.765660397064
 10
7652.793420461442
 20
9525.685263422918
 10
7649.614720651842
 20
9520.780233687321
 10
7645.240948520092
 20
9516.134497608979
 10
7639.746940520006
 20
9511.827545020235
 10
7633.226700651692
 20
9507.933069073992
 10
7625.791792027048
 20
9504.517705333445
 10
7617.569427993989
 20
9501.639891619114
 10
7608.7002954807895
 20
9499.348868121531
 10
7599.33614780374
 20
9497.683834887932
 10
7589.637208125825
 20
9496.673281098576
 10
7579.769427993989
 20
9496.33449760898
 10
7569.9016478621525
 20
9496.673281098576
 10
7560.202708184239
 20
9497.683834887932
 10
7550.838560507188
 20
9499.348868121531
 10
7541.969427993989
 20
9501.639891619114
 10
7533.747063960929
 20
9504.517705333445
 10
7526.312155336285
 20
9507.933069073992
 10
7519.791915467971
 20
9511.827545020235
 10
7514.297907467885
 20
9516.134497608979
 10
7509.924135336136
 20
9520.780233687321
 10
7506.745435526535
 20
9525.685263422918
 10
7504.816196474128
 20
9530.765660397064
 10
7504.169427993989
 20
9535.934497608978
 10
7504.816196474128
 20
9541.103334820893
 10
7506.745435526535
 20
9546.183731795038
 10
7509.924135336136
 20
9551.088761530636
 10
7514.297907467885
 20
9555.734497608979
 10
7519.791915467971
 20
9560.041450197725
 10
7526.312155336285
 20
9563.935926143966
 10
7533.747063960929
 20
9567.351289884511
 10
7541.969427993989
 20
9570.229103598842
 10
7550.838560507188
 20
9572.520127096424
 10
7560.202708184239
 20
9574.185160330026
 10
7569.9016478621525
 20
9575.195714119382
 10
7579.769427993989
 20
9575.53449760898
 10
7589.637208125825
 20
9575.195714119382
 10
7599.336147803739
 20
9574.185160330026
 10
7608.7002954807895
 20
9572.520127096424
 10
7617.569427993989
 20
9570.229103598842
 10
7625.791792027048
 20
9567.351289884511
 10
7633.226700651692
 20
9563.935926143966
 10
7639.746940520006
 20
9560.041450197725
 10
7645.240948520092
 20
9555.734497608979
 10
7649.614720651842
 20
9551.088761530636
 10
7652.793420461442
 20
9546.183731795038
 10
7654.722659513849
 20
9541.103334820893
 97
0
 75
1
 76
1
 98
0
  0
LWPOLYLINE
  5
34D
330
17
100
AcDbEntity
  8
I-PLANT
370
9
420
3698749
100
AcDbPolyline
 90
48
 70
1
 10
7614.338572268327
 20
9478.864052557012
 10
7613.691803788186
 20
9473.695215345098
 10
7611.76256473578
 20
9468.614818370952
 10
7608.5838649261805
 20
9463.709788635355
 10
7604.21009279443
 20
9459.064052557012
 10
7598.716084794344
 20
9454.757099968267
 10
7592.195844926029
 20
9450.862624022026
 10
7584.760936301385
 20
9447.447260281479
 10
7576.538572268327
 20
9444.569446567148
 10
7567.669439755127
 20
9442.278423069565
 10
7558.305292078077
 20
9440.613389835966
 10
7548.606352400162
 20
9439.602836046608
 10
7538.738572268327
 20
9439.264052557011
 10
7528.870792136491
 20
9439.602836046608
 10
7519.171852458576
 20
9440.613389835966
 10
7509.807704781526
 20
9442.278423069565
 10
7500.938572268326
 20
9444.569446567148
 10
7492.716208235268
 20
9447.447260281479
 10
7485.281299610624
 20
9450.862624022026
 10
7478.761059742309
 20
9454.757099968267
 10
7473.267051742223
 20
9459.064052557012
 10
7468.893279610473
 20
9463.709788635355
 10
7465.714579800873
 20
9468.614818370952
 10
7463.785340748467
 20
9473.695215345098
 10
7463.138572268326
 20
9478.864052557012
 10
7463.785340748467
 20
9484.032889768925
 10
7465.714579800873
 20
9489.113286743072
 10
7468.893279610473
 20
9494.018316478669
 10
7473.267051742223
 20
9498.664052557011
 10
7478.761059742309
 20
9502.971005145757
 10
7485.281299610624
 20
9506.865481091998
 10
7492.716208235268
 20
9510.280844832545
 10
7500.938572268326
 20
9513.158658546876
 10
7509.807704781526
 20
9515.449682044458
 10
7519.171852458576
 20
9517.114715278058
 10
7528.870792136491
 20
9518.125269067416
 10
7538.738572268327
 20
9518.464052557012
 10
7548.606352400162
 20
9518.125269067416
 10
7558.305292078077
 20
9517.114715278058
 10
7567.669439755127
 20
9515.449682044458
 10
7576.538572268327
 20
9513.158658546876
 10
7584.760936301385
 20
9510.280844832545
 10
7592.195844926029
 20
9506.865481091998
 10
7598.716084794344
 20
9502.971005145757
 10
7604.21009279443
 20
9498.664052557011
 10
7608.5838649261805
 20
9494.018316478669
 10
7611.76256473578
 20
9489.113286743072
 10
7613.691803788186
 20
9484.032889768925
  0
HATCH
  5
34E
330
17
100
AcDbEntity
  8
I-PLANT
 62
7
420
7582315
100
AcDbHatch
 10
0.0
 20
0.0
 30
0.0
210
0.0
220
0.0
230
1.0
  2
SOLID
 70
1
 71
0
 91
1
 92
3
 72
0
 73
1
 93
48
 10
7614.338572268327
 20
9478.864052557012
 10
7613.691803788186
 20
9473.695215345098
 10
7611.76256473578
 20
9468.614818370952
 10
7608.5838649261805
 20
9463.709788635355
 10
7604.21009279443
 20
9459.064052557012
 10
7598.716084794344
 20
9454.757099968267
 10
7592.195844926029
 20
9450.862624022026
 10
7584.760936301385
 20
9447.447260281479
 10
7576.538572268327
 20
9444.569446567148
 10
7567.669439755127
 20
9442.278423069565
 10
7558.305292078077
 20
9440.613389835966
 10
7548.606352400162
 20
9439.602836046608
 10
7538.738572268327
 20
9439.264052557011
 10
7528.870792136491
 20
9439.602836046608
 10
7519.171852458576
 20
9440.613389835966
 10
7509.807704781526
 20
9442.278423069565
 10
7500.938572268326
 20
9444.569446567148
 10
7492.716208235268
 20
9447.447260281479
 10
7485.281299610624
 20
9450.862624022026
 10
7478.761059742309
 20
9454.757099968267
 10
7473.267051742223
 20
9459.064052557012
 10
7468.893279610473
 20
9463.709788635355
 10
7465.714579800873
 20
9468.614818370952
 10
7463.785340748467
 20
9473.695215345098
 10
7463.138572268326
 20
9478.864052557012
 10
7463.785340748467
 20
9484.032889768925
 10
7465.714579800873
 20
9489.113286743072
 10
7468.893279610473
 20
9494.018316478669
 10
7473.267051742223
 20
9498.664052557011
 10
7478.761059742309
 20
9502.971005145757
 10
7485.281299610624
 20
9506.865481091998
 10
7492.716208235268
 20
9510.280844832545
 10
7500.938572268326
 20
9513.158658546876
 10
7509.807704781526
 20
9515.449682044458
 10
7519.171852458576
 20
9517.114715278058
 10
7528.870792136491
 20
9518.125269067416
 10
7538.738572268327
 20
9518.464052557012
 10
7548.606352400162
 20
9518.125269067416
 10
7558.305292078077
 20
9517.114715278058
 10
7567.669439755127
 20
9515.449682044458
 10
7576.538572268327
 20
9513.158658546876
 10
7584.760936301385
 20
9510.280844832545
 10
7592.195844926029
 20
9506.865481091998
 10
7598.716084794344
 20
9502.971005145757
 10
7604.21009279443
 20
9498.664052557011
 10
7608.5838649261805
 20
9494.018316478669
 10
7611.76256473578
 20
9489.113286743072
 10
7613.691803788186
 20
9484.032889768925
 97
0
 75
1
 76
1
 98
0
  0
LWPOLYLINE
  5
34F
330
17
100
AcDbEntity
  8
I-PLANT
370
9
420
3698749
100
AcDbPolyline
 90
48
 70
1
 10
7544.136781501749
 20
9475.360426838497
 10
7543.49001302161
 20
9470.191589626582
 10
7541.560773969203
 20
9465.111192652437
 10
7538.382074159603
 20
9460.206162916838
 10
7534.0083020278535
 20
9455.560426838496
 10
7528.514294027767
 20
9451.253474249752
 10
7521.994054159453
 20
9447.358998303509
 10
7514.559145534809
 20
9443.943634562964
 10
7506.33678150175
 20
9441.065820848633
 10
7497.4676489885505
 20
9438.77479735105
 10
7488.103501311501
 20
9437.10976411745
 10
7478.404561633586
 20
9436.099210328095
 10
7468.53678150175
 20
9435.760426838497
 10
7458.6690013699135
 20
9436.099210328095
 10
7448.970061692
 20
9437.10976411745
 10
7439.605914014949
 20
9438.77479735105
 10
7430.73678150175
 20
9441.065820848633
 10
7422.51441746869
 20
9443.943634562964
 10
7415.079508844046
 20
9447.358998303509
 10
7408.559268975732
 20
9451.253474249752
 10
7403.065260975646
 20
9455.560426838496
 10
7398.691488843897
 20
9460.206162916838
 10
7395.5127890342965
 20
9465.111192652437
 10
7393.5835499818895
 20
9470.191589626582
 10
7392.93678150175
 20
9475.360426838497
 10
7393.5835499818895
 20
9480.529264050412
 10
7395.5127890342965
 20
9485.609661024557
 10
7398.691488843897
 20
9490.514690760156
 10
7403.065260975646
 20
9495.160426838498
 10
7408.559268975732
 20
9499.467379427242
 10
7415.079508844046
 20
9503.361855373485
 10
7422.51441746869
 20
9506.77721911403
 10
7430.73678150175
 20
9509.655032828361
 10
7439.605914014949
 20
9511.946056325944
 10
7448.970061692
 20
9513.611089559545
 10
7458.6690013699135
 20
9514.621643348899
 10
7468.53678150175
 20
9514.960426838497
 10
7478.404561633586
 20
9514.621643348899
 10
7488.1035013115
 20
9513.611089559545
 10
7497.4676489885505
 20
9511.946056325944
 10
7506.33678150175
 20
9509.655032828361
 10
7514.559145534809
 20
9506.77721911403
 10
7521.994054159453
 20
9503.361855373485
 10
7528.514294027767
 20
9499.467379427242
 10
7534.0083020278535
 20
9495.160426838498
 10
7538.382074159603
 20
9490.514690760156
 10
7541.560773969203
 20
9485.609661024557
 10
7543.49001302161
 20
9480.529264050412
  0
HATCH
  5
350
330
17
100
AcDbEntity
  8
I-PLANT
 62
7
420
7582315
100
AcDbHatch
 10
0.0
 20
0.0
 30
0.0
210
0.0
220
0.0
230
1.0
  2
SOLID
 70
1
 71
0
 91
1
 92
3
 72
0
 73
1
 93
48
 10
7544.136781501749
 20
9475.360426838497
 10
7543.49001302161
 20
9470.191589626582
 10
7541.560773969203
 20
9465.111192652437
 10
7538.382074159603
 20
9460.206162916838
 10
7534.0083020278535
 20
9455.560426838496
 10
7528.514294027767
 20
9451.253474249752
 10
7521.994054159453
 20
9447.358998303509
 10
7514.559145534809
 20
9443.943634562964
 10
7506.33678150175
 20
9441.065820848633
 10
7497.4676489885505
 20
9438.77479735105
 10
7488.103501311501
 20
9437.10976411745
 10
7478.404561633586
 20
9436.099210328095
 10
7468.53678150175
 20
9435.760426838497
 10
7458.6690013699135
 20
9436.099210328095
 10
7448.970061692
 20
9437.10976411745
 10
7439.605914014949
 20
9438.77479735105
 10
7430.73678150175
 20
9441.065820848633
 10
7422.51441746869
 20
9443.943634562964
 10
7415.079508844046
 20
9447.358998303509
 10
7408.559268975732
 20
9451.253474249752
 10
7403.065260975646
 20
9455.560426838496
 10
7398.691488843897
 20
9460.206162916838
 10
7395.5127890342965
 20
9465.111192652437
 10
7393.5835499818895
 20
9470.191589626582
 10
7392.93678150175
 20
9475.360426838497
 10
7393.5835499818895
 20
9480.529264050412
 10
7395.5127890342965
 20
9485.609661024557
 10
7398.691488843897
 20
9490.514690760156
 10
7403.065260975646
 20
9495.160426838498
 10
7408.559268975732
 20
9499.467379427242
 10
7415.079508844046
 20
9503.361855373485
 10
7422.51441746869
 20
9506.77721911403
 10
7430.73678150175
 20
9509.655032828361
 10
7439.605914014949
 20
9511.946056325944
 10
7448.970061692
 20
9513.611089559545
 10
7458.6690013699135
 20
9514.621643348899
 10
7468.53678150175
 20
9514.960426838497
 10
7478.404561633586
 20
9514.621643348899
 10
7488.1035013115
 20
9513.611089559545
 10
7497.4676489885505
 20
9511.946056325944
 10
7506.33678150175
 20
9509.655032828361
 10
7514.559145534809
 20
9506.77721911403
 10
7521.994054159453
 20
9503.361855373485
 10
7528.514294027767
 20
9499.467379427242
 10
7534.0083020278535
 20
9495.160426838498
 10
7538.382074159603
 20
9490.514690760156
 10
7541.560773969203
 20
9485.609661024557
 10
7543.49001302161
 20
9480.529264050412
 97
0
 75
1
 76
1
 98
0
  0
LWPOLYLINE
  5
351
330
17
100
AcDbEntity
  8
I-PLANT
370
9
420
3698749
100
AcDbPolyline
 90
48
 70
1
 10
7497.627435997048
 20
9528.061922080416
 10
7496.980667516909
 20
9522.893084868501
 10
7495.051428464502
 20
9517.812687894357
 10
7491.872728654902
 20
9512.907658158758
 10
7487.498956523153
 20
9508.261922080415
 10
7482.004948523067
 20
9503.954969491671
 10
7475.4847086547525
 20
9500.060493545428
 10
7468.049800030109
 20
9496.645129804883
 10
7459.827435997049
 20
9493.767316090552
 10
7450.95830348385
 20
9491.47629259297
 10
7441.5941558068
 20
9489.811259359369
 10
7431.895216128885
 20
9488.800705570015
 10
7422.027435997049
 20
9488.461922080416
 10
7412.159655865213
 20
9488.800705570015
 10
7402.460716187299
 20
9489.811259359369
 10
7393.096568510248
 20
9491.47629259297
 10
7384.227435997049
 20
9493.767316090552
 10
7376.005071963989
 20
9496.645129804883
 10
7368.5701633393455
 20
9500.060493545428
 10
7362.049923471031
 20
9503.954969491671
 10
7356.555915470945
 20
9508.261922080415
 10
7352.182143339196
 20
9512.907658158758
 10
7349.003443529596
 20
9517.812687894357
 10
7347.074204477189
 20
9522.893084868501
 10
7346.4274359970495
 20
9528.061922080416
 10
7347.074204477189
 20
9533.230759292332
 10
7349.003443529596
 20
9538.311156266476
 10
7352.182143339196
 20
9543.216186002075
 10
7356.555915470945
 20
9547.861922080418
 10
7362.049923471031
 20
9552.168874669162
 10
7368.5701633393455
 20
9556.063350615404
 10
7376.005071963989
 20
9559.47871435595
 10
7384.227435997049
 20
9562.35652807028
 10
7393.096568510248
 20
9564.647551567863
 10
7402.460716187299
 20
9566.312584801464
 10
7412.159655865213
 20
9567.323138590818
 10
7422.027435997049
 20
9567.661922080417
 10
7431.895216128885
 20
9567.323138590818
 10
7441.594155806799
 20
9566.312584801464
 10
7450.95830348385
 20
9564.647551567863
 10
7459.827435997049
 20
9562.35652807028
 10
7468.049800030109
 20
9559.47871435595
 10
7475.4847086547525
 20
9556.063350615404
 10
7482.004948523067
 20
9552.168874669162
 10
7487.498956523153
 20
9547.861922080418
 10
7491.872728654902
 20
9543.216186002075
 10
7495.051428464502
 20
9538.311156266476
 10
7496.980667516909
 20
9533.230759292332
  0
HATCH
  5
352
330
17
100
AcDbEntity
  8
I-PLANT
 62
7
420
7582315
100
AcDbHatch
 10
0.0
 20
0.0
 30
0.0
210
0.0
220
0.0
230
1.0
  2
SOLID
 70
1
 71
0
 91
1
 92
3
 72
0
 73
1
 93
48
 10
7497.627435997048
 20
9528.061922080416
 10
7496.980667516909
 20
9522.893084868501
 10
7495.051428464502
 20
9517.812687894357
 10
7491.872728654902
 20
9512.907658158758
 10
7487.498956523153
 20
9508.261922080415
 10
7482.004948523067
 20
9503.954969491671
 10
7475.4847086547525
 20
9500.060493545428
 10
7468.049800030109
 20
9496.645129804883
 10
7459.827435997049
 20
9493.767316090552
 10
7450.95830348385
 20
9491.47629259297
 10
7441.5941558068
 20
9489.811259359369
 10
7431.895216128885
 20
9488.800705570015
 10
7422.027435997049
 20
9488.461922080416
 10
7412.159655865213
 20
9488.800705570015
 10
7402.460716187299
 20
9489.811259359369
 10
7393.096568510248
 20
9491.47629259297
 10
7384.227435997049
 20
9493.767316090552
 10
7376.005071963989
 20
9496.645129804883
 10
7368.5701633393455
 20
9500.060493545428
 10
7362.049923471031
 20
9503.954969491671
 10
7356.555915470945
 20
9508.261922080415
 10
7352.182143339196
 20
9512.907658158758
 10
7349.003443529596
 20
9517.812687894357
 10
7347.074204477189
 20
9522.893084868501
 10
7346.4274359970495
 20
9528.061922080416
 10
7347.074204477189
 20
9533.230759292332
 10
7349.003443529596
 20
9538.311156266476
 10
7352.182143339196
 20
9543.216186002075
 10
7356.555915470945
 20
9547.861922080418
 10
7362.049923471031
 20
9552.168874669162
 10
7368.5701633393455
 20
9556.063350615404
 10
7376.005071963989
 20
9559.47871435595
 10
7384.227435997049
 20
9562.35652807028
 10
7393.096568510248
 20
9564.647551567863
 10
7402.460716187299
 20
9566.312584801464
 10
7412.159655865213
 20
9567.323138590818
 10
7422.027435997049
 20
9567.661922080417
 10
7431.895216128885
 20
9567.323138590818
 10
7441.594155806799
 20
9566.312584801464
 10
7450.95830348385
 20
9564.647551567863
 10
7459.827435997049
 20
9562.35652807028
 10
7468.049800030109
 20
9559.47871435595
 10
7475.4847086547525
 20
9556.063350615404
 10
7482.004948523067
 20
9552.168874669162
 10
7487.498956523153
 20
9547.861922080418
 10
7491.872728654902
 20
9543.216186002075
 10
7495.051428464502
 20
9538.311156266476
 10
7496.980667516909
 20
9533.230759292332
 97
0
 75
1
 76
1
 98
0
  0
LWPOLYLINE
  5
353
330
17
100
AcDbEntity
  8
I-PLANT
370
9
420
3698749
100
AcDbPolyline
 90
48
 70
1
 10
7509.833021537015
 20
9597.283237451018
 10
7509.186253056876
 20
9592.114400239105
 10
7507.257014004469
 20
9587.034003264958
 10
7504.078314194869
 20
9582.128973529361
 10
7499.704542063119
 20
9577.483237451019
 10
7494.210534063033
 20
9573.176284862273
 10
7487.690294194719
 20
9569.281808916032
 10
7480.255385570075
 20
9565.866445175485
 10
7472.033021537016
 20
9562.988631461154
 10
7463.163889023816
 20
9560.697607963571
 10
7453.7997413467665
 20
9559.032574729972
 10
7444.100801668852
 20
9558.022020940614
 10
7434.233021537016
 20
9557.683237451018
 10
7424.365241405179
 20
9558.022020940614
 10
7414.666301727266
 20
9559.032574729972
 10
7405.302154050215
 20
9560.697607963571
 10
7396.4330215370155
 20
9562.988631461154
 10
7388.210657503956
 20
9565.866445175485
 10
7380.775748879312
 20
9569.281808916032
 10
7374.255509010998
 20
9573.176284862273
 10
7368.761501010912
 20
9577.483237451019
 10
7364.387728879163
 20
9582.128973529361
 10
7361.209029069562
 20
9587.034003264958
 10
7359.279790017155
 20
9592.114400239105
 10
7358.633021537016
 20
9597.283237451018
 10
7359.279790017155
 20
9602.452074662931
 10
7361.209029069562
 20
9607.532471637078
 10
7364.387728879163
 20
9612.437501372675
 10
7368.761501010912
 20
9617.083237451017
 10
7374.255509010998
 20
9621.390190039763
 10
7380.775748879312
 20
9625.284665986004
 10
7388.210657503956
 20
9628.700029726551
 10
7396.4330215370155
 20
9631.577843440882
 10
7405.302154050215
 20
9633.868866938465
 10
7414.666301727266
 20
9635.533900172064
 10
7424.365241405179
 20
9636.544453961422
 10
7434.233021537016
 20
9636.883237451018
 10
7444.100801668852
 20
9636.544453961422
 10
7453.799741346766
 20
9635.533900172064
 10
7463.163889023816
 20
9633.868866938465
 10
7472.033021537016
 20
9631.577843440882
 10
7480.255385570075
 20
9628.700029726551
 10
7487.690294194719
 20
9625.284665986004
 10
7494.210534063033
 20
9621.390190039763
 10
7499.704542063119
 20
9617.083237451017
 10
7504.078314194869
 20
9612.437501372675
 10
7507.257014004469
 20
9607.532471637078
 10
7509.186253056876
 20
9602.452074662931
  0
HATCH
  5
354
330
17
100
AcDbEntity
  8
I-PLANT
 62
7
420
7582315
100
AcDbHatch
 10
0.0
 20
0.0
 30
0.0
210
0.0
220
0.0
230
1.0
  2
SOLID
 70
1
 71
0
 91
1
 92
3
 72
0
 73
1
 93
48
 10
7509.833021537015
 20
9597.283237451018
 10
7509.186253056876
 20
9592.114400239105
 10
7507.257014004469
 20
9587.034003264958
 10
7504.078314194869
 20
9582.128973529361
 10
7499.704542063119
 20
9577.483237451019
 10
7494.210534063033
 20
9573.176284862273
 10
7487.690294194719
 20
9569.281808916032
 10
7480.255385570075
 20
9565.866445175485
 10
7472.033021537016
 20
9562.988631461154
 10
7463.163889023816
 20
9560.697607963571
 10
7453.7997413467665
 20
9559.032574729972
 10
7444.100801668852
 20
9558.022020940614
 10
7434.233021537016
 20
9557.683237451018
 10
7424.365241405179
 20
9558.022020940614
 10
7414.666301727266
 20
9559.032574729972
 10
7405.302154050215
 20
9560.697607963571
 10
7396.4330215370155
 20
9562.988631461154
 10
7388.210657503956
 20
9565.866445175485
 10
7380.775748879312
 20
9569.281808916032
 10
7374.255509010998
 20
9573.176284862273
 10
7368.761501010912
 20
9577.483237451019
 10
7364.387728879163
 20
9582.128973529361
 10
7361.209029069562
 20
9587.034003264958
 10
7359.279790017155
 20
9592.114400239105
 10
7358.633021537016
 20
9597.283237451018
 10
7359.279790017155
 20
9602.452074662931
 10
7361.209029069562
 20
9607.532471637078
 10
7364.387728879163
 20
9612.437501372675
 10
7368.761501010912
 20
9617.083237451017
 10
7374.255509010998
 20
9621.390190039763
 10
7380.775748879312
 20
9625.284665986004
 10
7388.210657503956
 20
9628.700029726551
 10
7396.4330215370155
 20
9631.577843440882
 10
7405.302154050215
 20
9633.868866938465
 10
7414.666301727266
 20
9635.533900172064
 10
7424.365241405179
 20
9636.544453961422
 10
7434.233021537016
 20
9636.883237451018
 10
7444.100801668852
 20
9636.544453961422
 10
7453.799741346766
 20
9635.533900172064
 10
7463.163889023816
 20
9633.868866938465
 10
7472.033021537016
 20
9631.577843440882
 10
7480.255385570075
 20
9628.700029726551
 10
7487.690294194719
 20
9625.284665986004
 10
7494.210534063033
 20
9621.390190039763
 10
7499.704542063119
 20
9617.083237451017
 10
7504.078314194869
 20
9612.437501372675
 10
7507.257014004469
 20
9607.532471637078
 10
7509.186253056876
 20
9602.452074662931
 97
0
 75
1
 76
1
 98
0
  0
LWPOLYLINE
  5
355
330
17
100
AcDbEntity
  8
I-PLANT
370
9
420
3698749
100
AcDbPolyline
 90
48
 70
1
 10
7571.562483261483
 20
9630.899310618734
 10
7570.915714781344
 20
9625.730473406818
 10
7568.986475728937
 20
9620.650076432674
 10
7565.807775919337
 20
9615.745046697075
 10
7561.434003787587
 20
9611.099310618732
 10
7555.939995787501
 20
9606.792358029987
 10
7549.419755919187
 20
9602.897882083746
 10
7541.984847294543
 20
9599.4825183432
 10
7533.762483261484
 20
9596.60470462887
 10
7524.893350748284
 20
9594.313681131287
 10
7515.529203071234
 20
9592.648647897686
 10
7505.83026339332
 20
9591.63809410833
 10
7495.962483261484
 20
9591.299310618731
 10
7486.094703129647
 20
9591.63809410833
 10
7476.395763451734
 20
9592.648647897686
 10
7467.031615774683
 20
9594.313681131287
 10
7458.162483261483
 20
9596.60470462887
 10
7449.940119228424
 20
9599.4825183432
 10
7442.50521060378
 20
9602.897882083746
 10
7435.984970735466
 20
9606.792358029987
 10
7430.49096273538
 20
9611.099310618732
 10
7426.117190603631
 20
9615.745046697075
 10
7422.93849079403
 20
9620.650076432674
 10
7421.009251741623
 20
9625.730473406818
 10
7420.362483261484
 20
9630.899310618734
 10
7421.009251741623
 20
9636.068147830647
 10
7422.93849079403
 20
9641.148544804793
 10
7426.117190603631
 20
9646.05357454039
 10
7430.49096273538
 20
9650.699310618733
 10
7435.984970735466
 20
9655.006263207477
 10
7442.50521060378
 20
9658.90073915372
 10
7449.940119228424
 20
9662.316102894267
 10
7458.162483261483
 20
9665.193916608598
 10
7467.031615774683
 20
9667.48494010618
 10
7476.395763451734
 20
9669.14997333978
 10
7486.094703129647
 20
9670.160527129136
 10
7495.962483261484
 20
9670.499310618732
 10
7505.83026339332
 20
9670.160527129136
 10
7515.5292030712335
 20
9669.14997333978
 10
7524.893350748284
 20
9667.48494010618
 10
7533.762483261484
 20
9665.193916608598
 10
7541.984847294543
 20
9662.316102894267
 10
7549.419755919187
 20
9658.90073915372
 10
7555.939995787501
 20
9655.006263207477
 10
7561.434003787587
 20
9650.699310618733
 10
7565.807775919337
 20
9646.05357454039
 10
7568.986475728937
 20
9641.148544804793
 10
7570.915714781344
 20
9636.068147830647
  0
HATCH
  5
356
330
17
100
AcDbEntity
  8
I-PLANT
 62
7
420
7582315
100
AcDbHatch
 10
0.0
 20
0.0
 30
0.0
210
0.0
220
0.0
230
1.0
  2
SOLID
 70
1
 71
0
 91
1
 92
3
 72
0
 73
1
 93
48
 10
7571.562483261483
 20
9630.899310618734
 10
7570.915714781344
 20
9625.730473406818
 10
7568.986475728937
 20
9620.650076432674
 10
7565.807775919337
 20
9615.745046697075
 10
7561.434003787587
 20
9611.099310618732
 10
7555.939995787501
 20
9606.792358029987
 10
7549.419755919187
 20
9602.897882083746
 10
7541.984847294543
 20
9599.4825183432
 10
7533.762483261484
 20
9596.60470462887
 10
7524.893350748284
 20
9594.313681131287
 10
7515.529203071234
 20
9592.648647897686
 10
7505.83026339332
 20
9591.63809410833
 10
7495.962483261484
 20
9591.299310618731
 10
7486.094703129647
 20
9591.63809410833
 10
7476.395763451734
 20
9592.648647897686
 10
7467.031615774683
 20
9594.313681131287
 10
7458.162483261483
 20
9596.60470462887
 10
7449.940119228424
 20
9599.4825183432
 10
7442.50521060378
 20
9602.897882083746
 10
7435.984970735466
 20
9606.792358029987
 10
7430.49096273538
 20
9611.099310618732
 10
7426.117190603631
 20
9615.745046697075
 10
7422.93849079403
 20
9620.650076432674
 10
7421.009251741623
 20
9625.730473406818
 10
7420.362483261484
 20
9630.899310618734
 10
7421.009251741623
 20
9636.068147830647
 10
7422.93849079403
 20
9641.148544804793
 10
7426.117190603631
 20
9646.05357454039
 10
7430.49096273538
 20
9650.699310618733
 10
7435.984970735466
 20
9655.006263207477
 10
7442.50521060378
 20
9658.90073915372
 10
7449.940119228424
 20
9662.316102894267
 10
7458.162483261483
 20
9665.193916608598
 10
7467.031615774683
 20
9667.48494010618
 10
7476.395763451734
 20
9669.14997333978
 10
7486.094703129647
 20
9670.160527129136
 10
7495.962483261484
 20
9670.499310618732
 10
7505.83026339332
 20
9670.160527129136
 10
7515.5292030712335
 20
9669.14997333978
 10
7524.893350748284
 20
9667.48494010618
 10
7533.762483261484
 20
9665.193916608598
 10
7541.984847294543
 20
9662.316102894267
 10
7549.419755919187
 20
9658.90073915372
 10
7555.939995787501
 20
9655.006263207477
 10
7561.434003787587
 20
9650.699310618733
 10
7565.807775919337
 20
9646.05357454039
 10
7568.986475728937
 20
9641.148544804793
 10
7570.915714781344
 20
9636.068147830647
 97
0
 75
1
 76
1
 98
0
  0
LWPOLYLINE
  5
357
330
17
100
AcDbEntity
  8
I-PLANT
370
9
420
3698749
100
AcDbPolyline
 90
48
 70
1
 10
7636.332277440386
 20
9603.596552845345
 10
7635.685508960247
 20
9598.427715633432
 10
7633.75626990784
 20
9593.347318659286
 10
7630.577570098239
 20
9588.442288923688
 10
7626.20379796649
 20
9583.796552845346
 10
7620.709789966404
 20
9579.4896002566
 10
7614.18955009809
 20
9575.59512431036
 10
7606.754641473446
 20
9572.179760569812
 10
7598.532277440387
 20
9569.301946855481
 10
7589.663144927187
 20
9567.010923357899
 10
7580.298997250137
 20
9565.3458901243
 10
7570.600057572223
 20
9564.335336334942
 10
7560.7322774403865
 20
9563.996552845345
 10
7550.86449730855
 20
9564.335336334942
 10
7541.165557630637
 20
9565.3458901243
 10
7531.801409953586
 20
9567.010923357899
 10
7522.932277440386
 20
9569.301946855481
 10
7514.709913407327
 20
9572.179760569812
 10
7507.275004782683
 20
9575.59512431036
 10
7500.754764914369
 20
9579.4896002566
 10
7495.260756914283
 20
9583.796552845346
 10
7490.886984782534
 20
9588.442288923688
 10
7487.708284972933
 20
9593.347318659286
 10
7485.779045920526
 20
9598.427715633432
 10
7485.132277440387
 20
9603.596552845345
 10
7485.779045920526
 20
9608.765390057259
 10
7487.708284972933
 20
9613.845787031405
 10
7490.886984782534
 20
9618.750816767002
 10
7495.260756914283
 20
9623.396552845345
 10
7500.754764914369
 20
9627.70350543409
 10
7507.275004782683
 20
9631.597981380331
 10
7514.709913407327
 20
9635.013345120879
 10
7522.932277440386
 20
9637.89115883521
 10
7531.801409953586
 20
9640.182182332792
 10
7541.165557630637
 20
9641.847215566391
 10
7550.86449730855
 20
9642.857769355749
 10
7560.7322774403865
 20
9643.196552845346
 10
7570.600057572223
 20
9642.857769355749
 10
7580.298997250136
 20
9641.847215566391
 10
7589.663144927187
 20
9640.182182332792
 10
7598.532277440387
 20
9637.89115883521
 10
7606.754641473446
 20
9635.013345120879
 10
7614.18955009809
 20
9631.597981380331
 10
7620.709789966404
 20
9627.70350543409
 10
7626.20379796649
 20
9623.396552845345
 10
7630.577570098239
 20
9618.750816767002
 10
7633.75626990784
 20
9613.845787031405
 10
7635.685508960247
 20
9608.765390057259
  0
HATCH
  5
358
330
17
100
AcDbEntity
  8
I-PLANT
 62
7
420
7582315
100
AcDbHatch
 10
0.0
 20
0.0
 30
0.0
210
0.0
220
0.0
230
1.0
  2
SOLID
 70
1
 71
0
 91
1
 92
3
 72
0
 73
1
 93
48
 10
7636.332277440386
 20
9603.596552845345
 10
7635.685508960247
 20
9598.427715633432
 10
7633.75626990784
 20
9593.347318659286
 10
7630.577570098239
 20
9588.442288923688
 10
7626.20379796649
 20
9583.796552845346
 10
7620.709789966404
 20
9579.4896002566
 10
7614.18955009809
 20
9575.59512431036
 10
7606.754641473446
 20
9572.179760569812
 10
7598.532277440387
 20
9569.301946855481
 10
7589.663144927187
 20
9567.010923357899
 10
7580.298997250137
 20
9565.3458901243
 10
7570.600057572223
 20
9564.335336334942
 10
7560.7322774403865
 20
9563.996552845345
 10
7550.86449730855
 20
9564.335336334942
 10
7541.165557630637
 20
9565.3458901243
 10
7531.801409953586
 20
9567.010923357899
 10
7522.932277440386
 20
9569.301946855481
 10
7514.709913407327
 20
9572.179760569812
 10
7507.275004782683
 20
9575.59512431036
 10
7500.754764914369
 20
9579.4896002566
 10
7495.260756914283
 20
9583.796552845346
 10
7490.886984782534
 20
9588.442288923688
 10
7487.708284972933
 20
9593.347318659286
 10
7485.779045920526
 20
9598.427715633432
 10
7485.132277440387
 20
9603.596552845345
 10
7485.779045920526
 20
9608.765390057259
 10
7487.708284972933
 20
9613.845787031405
 10
7490.886984782534
 20
9618.750816767002
 10
7495.260756914283
 20
9623.396552845345
 10
7500.754764914369
 20
9627.70350543409
 10
7507.275004782683
 20
9631.597981380331
 10
7514.709913407327
 20
9635.013345120879
 10
7522.932277440386
 20
9637.89115883521
 10
7531.801409953586
 20
9640.182182332792
 10
7541.165557630637
 20
9641.847215566391
 10
7550.86449730855
 20
9642.857769355749
 10
7560.7322774403865
 20
9643.196552845346
 10
7570.600057572223
 20
9642.857769355749
 10
7580.298997250136
 20
9641.847215566391
 10
7589.663144927187
 20
9640.182182332792
 10
7598.532277440387
 20
9637.89115883521
 10
7606.754641473446
 20
9635.013345120879
 10
7614.18955009809
 20
9631.597981380331
 10
7620.709789966404
 20
9627.70350543409
 10
7626.20379796649
 20
9623.396552845345
 10
7630.577570098239
 20
9618.750816767002
 10
7633.75626990784
 20
9613.845787031405
 10
7635.685508960247
 20
9608.765390057259
 97
0
 75
1
 76
1
 98
0
  0
CIRCLE
  5
359
330
17
100
AcDbEntity
  8
I-PLANT
370
9
420
3698749
100
AcDbCircle
 10
7500.0
 20
9550.0
 30
0.0
 40
32.4
  0
HATCH
  5
35A
330
17
100
AcDbEntity
  8
I-PLANT
 62
7
420
9199936
100
AcDbHatch
 10
0.0
 20
0.0
 30
0.0
210
0.0
220
0.0
230
1.0
  2
SOLID
 70
1
 71
0
 91
1
 92
1
 93
1
 72
2
 10
7500.0
 20
9550.0
 40
32.4
 50
0
 51
360
 73
1
 97
0
 75
1
 76
1
 98
0
  0
LWPOLYLINE
  5
35B
330
17
100
AcDbEntity
  8
I-FURN
370
13
420
5000274
100
AcDbPolyline
 90
4
 70
1
 10
5500.0
 20
8750.0
 10
6850.0
 20
8750.0
 10
6850.0
 20
7850.0
 10
5500.0
 20
7850.0
  0
HATCH
  5
35C
330
17
100
AcDbEntity
  8
I-FURN
 62
7
420
11042905
100
AcDbHatch
 10
0.0
 20
0.0
 30
0.0
210
0.0
220
0.0
230
1.0
  2
SOLID
 70
1
 71
0
 91
1
 92
3
 72
0
 73
1
 93
4
 10
5500.0
 20
8750.0
 10
6850.0
 20
8750.0
 10
6850.0
 20
7850.0
 10
5500.0
 20
7850.0
 97
0
 75
1
 76
1
 98
0
  0
LWPOLYLINE
  5
35D
330
17
100
AcDbEntity
  8
I-FURN
370
13
420
5000274
100
AcDbPolyline
 90
28
 70
1
 10
5990.0
 20
9210.0
 10
6010.7055236082015
 20
9207.274066103126
 10
6030.0
 20
9199.282032302755
 10
6046.568542494924
 20
9186.568542494922
 10
6059.282032302755
 20
9170.0
 10
6067.274066103126
 20
9150.705523608201
 10
6070.0
 20
9130.0
 10
6070.0
 20
8850.0
 10
6067.274066103126
 20
8829.294476391799
 10
6059.282032302755
 20
8810.0
 10
6046.568542494924
 20
8793.431457505078
 10
6030.0
 20
8780.717967697245
 10
6010.7055236082015
 20
8772.725933896874
 10
5990.0
 20
8770.0
 10
5710.0
 20
8770.0
 10
5689.2944763917985
 20
8772.725933896874
 10
5670.0
 20
8780.717967697245
 10
5653.431457505076
 20
8793.431457505076
 10
5640.717967697245
 20
8810.0
 10
5632.725933896874
 20
8829.294476391799
 10
5630.0
 20
8850.0
 10
5630.0
 20
9130.0
 10
5632.725933896874
 20
9150.705523608201
 10
5640.717967697245
 20
9170.0
 10
5653.431457505076
 20
9186.568542494922
 10
5670.0
 20
9199.282032302755
 10
5689.2944763917985
 20
9207.274066103126
 10
5710.0
 20
9210.0
  0
HATCH
  5
35E
330
17
100
AcDbEntity
  8
I-FURN
 62
7
420
15920611
100
AcDbHatch
 10
0.0
 20
0.0
 30
0.0
210
0.0
220
0.0
230
1.0
  2
SOLID
 70
1
 71
0
 91
1
 92
3
 72
0
 73
1
 93
28
 10
5990.0
 20
9210.0
 10
6010.7055236082015
 20
9207.274066103126
 10
6030.0
 20
9199.282032302755
 10
6046.568542494924
 20
9186.568542494922
 10
6059.282032302755
 20
9170.0
 10
6067.274066103126
 20
9150.705523608201
 10
6070.0
 20
9130.0
 10
6070.0
 20
8850.0
 10
6067.274066103126
 20
8829.294476391799
 10
6059.282032302755
 20
8810.0
 10
6046.568542494924
 20
8793.431457505078
 10
6030.0
 20
8780.717967697245
 10
6010.7055236082015
 20
8772.725933896874
 10
5990.0
 20
8770.0
 10
5710.0
 20
8770.0
 10
5689.2944763917985
 20
8772.725933896874
 10
5670.0
 20
8780.717967697245
 10
5653.431457505076
 20
8793.431457505076
 10
5640.717967697245
 20
8810.0
 10
5632.725933896874
 20
8829.294476391799
 10
5630.0
 20
8850.0
 10
5630.0
 20
9130.0
 10
5632.725933896874
 20
9150.705523608201
 10
5640.717967697245
 20
9170.0
 10
5653.431457505076
 20
9186.568542494922
 10
5670.0
 20
9199.282032302755
 10
5689.2944763917985
 20
9207.274066103126
 10
5710.0
 20
9210.0
 97
0
 75
1
 76
1
 98
0
  0
LWPOLYLINE
  5
35F
330
17
100
AcDbEntity
  8
I-FURN
370
13
420
5000274
100
AcDbPolyline
 90
28
 70
1
 10
6030.0
 20
9210.0
 10
6040.352761804101
 20
9208.637033051564
 10
6050.0
 20
9204.641016151378
 10
6058.284271247462
 20
9198.284271247463
 10
6064.641016151378
 20
9190.0
 10
6068.637033051563
 20
9180.3527618041
 10
6070.0
 20
9170.0
 10
6070.0
 20
9170.0
 10
6068.637033051563
 20
9159.6472381959
 10
6064.641016151378
 20
9150.0
 10
6058.284271247462
 20
9141.715728752537
 10
6050.0
 20
9135.358983848622
 10
6040.352761804101
 20
9131.362966948436
 10
6030.0
 20
9130.0
 10
5670.0
 20
9130.0
 10
5659.647238195899
 20
9131.362966948436
 10
5650.0
 20
9135.358983848622
 10
5641.715728752538
 20
9141.715728752537
 10
5635.358983848622
 20
9150.0
 10
5631.362966948437
 20
9159.6472381959
 10
5630.0
 20
9170.0
 10
5630.0
 20
9170.0
 10
5631.362966948437
 20
9180.3527618041
 10
5635.358983848622
 20
9190.0
 10
5641.715728752538
 20
9198.284271247463
 10
5650.0
 20
9204.641016151378
 10
5659.647238195899
 20
9208.637033051564
 10
5670.0
 20
9210.0
  0
HATCH
  5
360
330
17
100
AcDbEntity
  8
I-FURN
 62
7
420
3356219
100
AcDbHatch
 10
0.0
 20
0.0
 30
0.0
210
0.0
220
0.0
230
1.0
  2
SOLID
 70
1
 71
0
 91
1
 92
3
 72
0
 73
1
 93
28
 10
6030.0
 20
9210.0
 10
6040.352761804101
 20
9208.637033051564
 10
6050.0
 20
9204.641016151378
 10
6058.284271247462
 20
9198.284271247463
 10
6064.641016151378
 20
9190.0
 10
6068.637033051563
 20
9180.3527618041
 10
6070.0
 20
9170.0
 10
6070.0
 20
9170.0
 10
6068.637033051563
 20
9159.6472381959
 10
6064.641016151378
 20
9150.0
 10
6058.284271247462
 20
9141.715728752537
 10
6050.0
 20
9135.358983848622
 10
6040.352761804101
 20
9131.362966948436
 10
6030.0
 20
9130.0
 10
5670.0
 20
9130.0
 10
5659.647238195899
 20
9131.362966948436
 10
5650.0
 20
9135.358983848622
 10
5641.715728752538
 20
9141.715728752537
 10
5635.358983848622
 20
9150.0
 10
5631.362966948437
 20
9159.6472381959
 10
5630.0
 20
9170.0
 10
5630.0
 20
9170.0
 10
5631.362966948437
 20
9180.3527618041
 10
5635.358983848622
 20
9190.0
 10
5641.715728752538
 20
9198.284271247463
 10
5650.0
 20
9204.641016151378
 10
5659.647238195899
 20
9208.637033051564
 10
5670.0
 20
9210.0
 97
0
 75
1
 76
1
 98
0
  0
LWPOLYLINE
  5
361
330
17
100
AcDbEntity
  8
I-FURN
370
13
420
5000274
100
AcDbPolyline
 90
28
 70
1
 10
5990.0
 20
7830.0
 10
6010.7055236082015
 20
7827.274066103126
 10
6030.0
 20
7819.282032302755
 10
6046.568542494924
 20
7806.568542494923
 10
6059.282032302755
 20
7790.0
 10
6067.274066103126
 20
7770.7055236082015
 10
6070.0
 20
7750.0
 10
6070.0
 20
7470.0
 10
6067.274066103126
 20
7449.2944763917985
 10
6059.282032302755
 20
7430.0
 10
6046.568542494924
 20
7413.431457505077
 10
6030.0
 20
7400.717967697245
 10
6010.7055236082015
 20
7392.725933896874
 10
5990.0
 20
7390.0
 10
5710.0
 20
7390.0
 10
5689.2944763917985
 20
7392.725933896874
 10
5670.0
 20
7400.717967697245
 10
5653.431457505076
 20
7413.431457505076
 10
5640.717967697245
 20
7430.0
 10
5632.725933896874
 20
7449.2944763917985
 10
5630.0
 20
7470.0
 10
5630.0
 20
7750.0
 10
5632.725933896874
 20
7770.7055236082015
 10
5640.717967697245
 20
7790.0
 10
5653.431457505076
 20
7806.568542494923
 10
5670.0
 20
7819.282032302755
 10
5689.2944763917985
 20
7827.274066103126
 10
5710.0
 20
7830.0
  0
HATCH
  5
362
330
17
100
AcDbEntity
  8
I-FURN
 62
7
420
15920611
100
AcDbHatch
 10
0.0
 20
0.0
 30
0.0
210
0.0
220
0.0
230
1.0
  2
SOLID
 70
1
 71
0
 91
1
 92
3
 72
0
 73
1
 93
28
 10
5990.0
 20
7830.0
 10
6010.7055236082015
 20
7827.274066103126
 10
6030.0
 20
7819.282032302755
 10
6046.568542494924
 20
7806.568542494923
 10
6059.282032302755
 20
7790.0
 10
6067.274066103126
 20
7770.7055236082015
 10
6070.0
 20
7750.0
 10
6070.0
 20
7470.0
 10
6067.274066103126
 20
7449.2944763917985
 10
6059.282032302755
 20
7430.0
 10
6046.568542494924
 20
7413.431457505077
 10
6030.0
 20
7400.717967697245
 10
6010.7055236082015
 20
7392.725933896874
 10
5990.0
 20
7390.0
 10
5710.0
 20
7390.0
 10
5689.2944763917985
 20
7392.725933896874
 10
5670.0
 20
7400.717967697245
 10
5653.431457505076
 20
7413.431457505076
 10
5640.717967697245
 20
7430.0
 10
5632.725933896874
 20
7449.2944763917985
 10
5630.0
 20
7470.0
 10
5630.0
 20
7750.0
 10
5632.725933896874
 20
7770.7055236082015
 10
5640.717967697245
 20
7790.0
 10
5653.431457505076
 20
7806.568542494923
 10
5670.0
 20
7819.282032302755
 10
5689.2944763917985
 20
7827.274066103126
 10
5710.0
 20
7830.0
 97
0
 75
1
 76
1
 98
0
  0
LWPOLYLINE
  5
363
330
17
100
AcDbEntity
  8
I-FURN
370
13
420
5000274
100
AcDbPolyline
 90
28
 70
1
 10
6030.0
 20
7470.0
 10
6040.352761804101
 20
7468.637033051563
 10
6050.0
 20
7464.641016151378
 10
6058.284271247462
 20
7458.284271247462
 10
6064.641016151378
 20
7450.0
 10
6068.637033051563
 20
7440.352761804101
 10
6070.0
 20
7430.0
 10
6070.0
 20
7430.0
 10
6068.637033051563
 20
7419.647238195899
 10
6064.641016151378
 20
7410.0
 10
6058.284271247462
 20
7401.715728752538
 10
6050.0
 20
7395.358983848622
 10
6040.352761804101
 20
7391.362966948437
 10
6030.0
 20
7390.0
 10
5670.0
 20
7390.0
 10
5659.647238195899
 20
7391.362966948437
 10
5650.0
 20
7395.358983848622
 10
5641.715728752538
 20
7401.715728752538
 10
5635.358983848622
 20
7410.0
 10
5631.362966948437
 20
7419.647238195899
 10
5630.0
 20
7430.0
 10
5630.0
 20
7430.0
 10
5631.362966948437
 20
7440.352761804101
 10
5635.358983848622
 20
7450.0
 10
5641.715728752538
 20
7458.284271247462
 10
5650.0
 20
7464.641016151378
 10
5659.647238195899
 20
7468.637033051563
 10
5670.0
 20
7470.0
  0
HATCH
  5
364
330
17
100
AcDbEntity
  8
I-FURN
 62
7
420
3356219
100
AcDbHatch
 10
0.0
 20
0.0
 30
0.0
210
0.0
220
0.0
230
1.0
  2
SOLID
 70
1
 71
0
 91
1
 92
3
 72
0
 73
1
 93
28
 10
6030.0
 20
7470.0
 10
6040.352761804101
 20
7468.637033051563
 10
6050.0
 20
7464.641016151378
 10
6058.284271247462
 20
7458.284271247462
 10
6064.641016151378
 20
7450.0
 10
6068.637033051563
 20
7440.352761804101
 10
6070.0
 20
7430.0
 10
6070.0
 20
7430.0
 10
6068.637033051563
 20
7419.647238195899
 10
6064.641016151378
 20
7410.0
 10
6058.284271247462
 20
7401.715728752538
 10
6050.0
 20
7395.358983848622
 10
6040.352761804101
 20
7391.362966948437
 10
6030.0
 20
7390.0
 10
5670.0
 20
7390.0
 10
5659.647238195899
 20
7391.362966948437
 10
5650.0
 20
7395.358983848622
 10
5641.715728752538
 20
7401.715728752538
 10
5635.358983848622
 20
7410.0
 10
5631.362966948437
 20
7419.647238195899
 10
5630.0
 20
7430.0
 10
5630.0
 20
7430.0
 10
5631.362966948437
 20
7440.352761804101
 10
5635.358983848622
 20
7450.0
 10
5641.715728752538
 20
7458.284271247462
 10
5650.0
 20
7464.641016151378
 10
5659.647238195899
 20
7468.637033051563
 10
5670.0
 20
7470.0
 97
0
 75
1
 76
1
 98
0
  0
LWPOLYLINE
  5
365
330
17
100
AcDbEntity
  8
I-FURN
370
13
420
5000274
100
AcDbPolyline
 90
28
 70
1
 10
6640.0
 20
9210.0
 10
6660.7055236082015
 20
9207.274066103126
 10
6680.0
 20
9199.282032302755
 10
6696.568542494924
 20
9186.568542494922
 10
6709.282032302755
 20
9170.0
 10
6717.274066103126
 20
9150.705523608201
 10
6720.0
 20
9130.0
 10
6720.0
 20
8850.0
 10
6717.274066103126
 20
8829.294476391799
 10
6709.282032302755
 20
8810.0
 10
6696.568542494924
 20
8793.431457505078
 10
6680.0
 20
8780.717967697245
 10
6660.7055236082015
 20
8772.725933896874
 10
6640.0
 20
8770.0
 10
6360.0
 20
8770.0
 10
6339.2944763917985
 20
8772.725933896874
 10
6320.0
 20
8780.717967697245
 10
6303.431457505076
 20
8793.431457505076
 10
6290.717967697245
 20
8810.0
 10
6282.725933896874
 20
8829.294476391799
 10
6280.0
 20
8850.0
 10
6280.0
 20
9130.0
 10
6282.725933896874
 20
9150.705523608201
 10
6290.717967697245
 20
9170.0
 10
6303.431457505076
 20
9186.568542494922
 10
6320.0
 20
9199.282032302755
 10
6339.2944763917985
 20
9207.274066103126
 10
6360.0
 20
9210.0
  0
HATCH
  5
366
330
17
100
AcDbEntity
  8
I-FURN
 62
7
420
15920611
100
AcDbHatch
 10
0.0
 20
0.0
 30
0.0
210
0.0
220
0.0
230
1.0
  2
SOLID
 70
1
 71
0
 91
1
 92
3
 72
0
 73
1
 93
28
 10
6640.0
 20
9210.0
 10
6660.7055236082015
 20
9207.274066103126
 10
6680.0
 20
9199.282032302755
 10
6696.568542494924
 20
9186.568542494922
 10
6709.282032302755
 20
9170.0
 10
6717.274066103126
 20
9150.705523608201
 10
6720.0
 20
9130.0
 10
6720.0
 20
8850.0
 10
6717.274066103126
 20
8829.294476391799
 10
6709.282032302755
 20
8810.0
 10
6696.568542494924
 20
8793.431457505078
 10
6680.0
 20
8780.717967697245
 10
6660.7055236082015
 20
8772.725933896874
 10
6640.0
 20
8770.0
 10
6360.0
 20
8770.0
 10
6339.2944763917985
 20
8772.725933896874
 10
6320.0
 20
8780.717967697245
 10
6303.431457505076
 20
8793.431457505076
 10
6290.717967697245
 20
8810.0
 10
6282.725933896874
 20
8829.294476391799
 10
6280.0
 20
8850.0
 10
6280.0
 20
9130.0
 10
6282.725933896874
 20
9150.705523608201
 10
6290.717967697245
 20
9170.0
 10
6303.431457505076
 20
9186.568542494922
 10
6320.0
 20
9199.282032302755
 10
6339.2944763917985
 20
9207.274066103126
 10
6360.0
 20
9210.0
 97
0
 75
1
 76
1
 98
0
  0
LWPOLYLINE
  5
367
330
17
100
AcDbEntity
  8
I-FURN
370
13
420
5000274
100
AcDbPolyline
 90
28
 70
1
 10
6680.0
 20
9210.0
 10
6690.352761804101
 20
9208.637033051564
 10
6700.0
 20
9204.641016151378
 10
6708.284271247462
 20
9198.284271247463
 10
6714.641016151378
 20
9190.0
 10
6718.637033051563
 20
9180.3527618041
 10
6720.0
 20
9170.0
 10
6720.0
 20
9170.0
 10
6718.637033051563
 20
9159.6472381959
 10
6714.641016151378
 20
9150.0
 10
6708.284271247462
 20
9141.715728752537
 10
6700.0
 20
9135.358983848622
 10
6690.352761804101
 20
9131.362966948436
 10
6680.0
 20
9130.0
 10
6320.0
 20
9130.0
 10
6309.647238195899
 20
9131.362966948436
 10
6300.0
 20
9135.358983848622
 10
6291.715728752538
 20
9141.715728752537
 10
6285.358983848622
 20
9150.0
 10
6281.362966948437
 20
9159.6472381959
 10
6280.0
 20
9170.0
 10
6280.0
 20
9170.0
 10
6281.362966948437
 20
9180.3527618041
 10
6285.358983848622
 20
9190.0
 10
6291.715728752538
 20
9198.284271247463
 10
6300.0
 20
9204.641016151378
 10
6309.647238195899
 20
9208.637033051564
 10
6320.0
 20
9210.0
  0
HATCH
  5
368
330
17
100
AcDbEntity
  8
I-FURN
 62
7
420
3356219
100
AcDbHatch
 10
0.0
 20
0.0
 30
0.0
210
0.0
220
0.0
230
1.0
  2
SOLID
 70
1
 71
0
 91
1
 92
3
 72
0
 73
1
 93
28
 10
6680.0
 20
9210.0
 10
6690.352761804101
 20
9208.637033051564
 10
6700.0
 20
9204.641016151378
 10
6708.284271247462
 20
9198.284271247463
 10
6714.641016151378
 20
9190.0
 10
6718.637033051563
 20
9180.3527618041
 10
6720.0
 20
9170.0
 10
6720.0
 20
9170.0
 10
6718.637033051563
 20
9159.6472381959
 10
6714.641016151378
 20
9150.0
 10
6708.284271247462
 20
9141.715728752537
 10
6700.0
 20
9135.358983848622
 10
6690.352761804101
 20
9131.362966948436
 10
6680.0
 20
9130.0
 10
6320.0
 20
9130.0
 10
6309.647238195899
 20
9131.362966948436
 10
6300.0
 20
9135.358983848622
 10
6291.715728752538
 20
9141.715728752537
 10
6285.358983848622
 20
9150.0
 10
6281.362966948437
 20
9159.6472381959
 10
6280.0
 20
9170.0
 10
6280.0
 20
9170.0
 10
6281.362966948437
 20
9180.3527618041
 10
6285.358983848622
 20
9190.0
 10
6291.715728752538
 20
9198.284271247463
 10
6300.0
 20
9204.641016151378
 10
6309.647238195899
 20
9208.637033051564
 10
6320.0
 20
9210.0
 97
0
 75
1
 76
1
 98
0
  0
LWPOLYLINE
  5
369
330
17
100
AcDbEntity
  8
I-FURN
370
13
420
5000274
100
AcDbPolyline
 90
28
 70
1
 10
6640.0
 20
7830.0
 10
6660.7055236082015
 20
7827.274066103126
 10
6680.0
 20
7819.282032302755
 10
6696.568542494924
 20
7806.568542494923
 10
6709.282032302755
 20
7790.0
 10
6717.274066103126
 20
7770.7055236082015
 10
6720.0
 20
7750.0
 10
6720.0
 20
7470.0
 10
6717.274066103126
 20
7449.2944763917985
 10
6709.282032302755
 20
7430.0
 10
6696.568542494924
 20
7413.431457505077
 10
6680.0
 20
7400.717967697245
 10
6660.7055236082015
 20
7392.725933896874
 10
6640.0
 20
7390.0
 10
6360.0
 20
7390.0
 10
6339.2944763917985
 20
7392.725933896874
 10
6320.0
 20
7400.717967697245
 10
6303.431457505076
 20
7413.431457505076
 10
6290.717967697245
 20
7430.0
 10
6282.725933896874
 20
7449.2944763917985
 10
6280.0
 20
7470.0
 10
6280.0
 20
7750.0
 10
6282.725933896874
 20
7770.7055236082015
 10
6290.717967697245
 20
7790.0
 10
6303.431457505076
 20
7806.568542494923
 10
6320.0
 20
7819.282032302755
 10
6339.2944763917985
 20
7827.274066103126
 10
6360.0
 20
7830.0
  0
HATCH
  5
36A
330
17
100
AcDbEntity
  8
I-FURN
 62
7
420
15920611
100
AcDbHatch
 10
0.0
 20
0.0
 30
0.0
210
0.0
220
0.0
230
1.0
  2
SOLID
 70
1
 71
0
 91
1
 92
3
 72
0
 73
1
 93
28
 10
6640.0
 20
7830.0
 10
6660.7055236082015
 20
7827.274066103126
 10
6680.0
 20
7819.282032302755
 10
6696.568542494924
 20
7806.568542494923
 10
6709.282032302755
 20
7790.0
 10
6717.274066103126
 20
7770.7055236082015
 10
6720.0
 20
7750.0
 10
6720.0
 20
7470.0
 10
6717.274066103126
 20
7449.2944763917985
 10
6709.282032302755
 20
7430.0
 10
6696.568542494924
 20
7413.431457505077
 10
6680.0
 20
7400.717967697245
 10
6660.7055236082015
 20
7392.725933896874
 10
6640.0
 20
7390.0
 10
6360.0
 20
7390.0
 10
6339.2944763917985
 20
7392.725933896874
 10
6320.0
 20
7400.717967697245
 10
6303.431457505076
 20
7413.431457505076
 10
6290.717967697245
 20
7430.0
 10
6282.725933896874
 20
7449.2944763917985
 10
6280.0
 20
7470.0
 10
6280.0
 20
7750.0
 10
6282.725933896874
 20
7770.7055236082015
 10
6290.717967697245
 20
7790.0
 10
6303.431457505076
 20
7806.568542494923
 10
6320.0
 20
7819.282032302755
 10
6339.2944763917985
 20
7827.274066103126
 10
6360.0
 20
7830.0
 97
0
 75
1
 76
1
 98
0
  0
LWPOLYLINE
  5
36B
330
17
100
AcDbEntity
  8
I-FURN
370
13
420
5000274
100
AcDbPolyline
 90
28
 70
1
 10
6680.0
 20
7470.0
 10
6690.352761804101
 20
7468.637033051563
 10
6700.0
 20
7464.641016151378
 10
6708.284271247462
 20
7458.284271247462
 10
6714.641016151378
 20
7450.0
 10
6718.637033051563
 20
7440.352761804101
 10
6720.0
 20
7430.0
 10
6720.0
 20
7430.0
 10
6718.637033051563
 20
7419.647238195899
 10
6714.641016151378
 20
7410.0
 10
6708.284271247462
 20
7401.715728752538
 10
6700.0
 20
7395.358983848622
 10
6690.352761804101
 20
7391.362966948437
 10
6680.0
 20
7390.0
 10
6320.0
 20
7390.0
 10
6309.647238195899
 20
7391.362966948437
 10
6300.0
 20
7395.358983848622
 10
6291.715728752538
 20
7401.715728752538
 10
6285.358983848622
 20
7410.0
 10
6281.362966948437
 20
7419.647238195899
 10
6280.0
 20
7430.0
 10
6280.0
 20
7430.0
 10
6281.362966948437
 20
7440.352761804101
 10
6285.358983848622
 20
7450.0
 10
6291.715728752538
 20
7458.284271247462
 10
6300.0
 20
7464.641016151378
 10
6309.647238195899
 20
7468.637033051563
 10
6320.0
 20
7470.0
  0
HATCH
  5
36C
330
17
100
AcDbEntity
  8
I-FURN
 62
7
420
3356219
100
AcDbHatch
 10
0.0
 20
0.0
 30
0.0
210
0.0
220
0.0
230
1.0
  2
SOLID
 70
1
 71
0
 91
1
 92
3
 72
0
 73
1
 93
28
 10
6680.0
 20
7470.0
 10
6690.352761804101
 20
7468.637033051563
 10
6700.0
 20
7464.641016151378
 10
6708.284271247462
 20
7458.284271247462
 10
6714.641016151378
 20
7450.0
 10
6718.637033051563
 20
7440.352761804101
 10
6720.0
 20
7430.0
 10
6720.0
 20
7430.0
 10
6718.637033051563
 20
7419.647238195899
 10
6714.641016151378
 20
7410.0
 10
6708.284271247462
 20
7401.715728752538
 10
6700.0
 20
7395.358983848622
 10
6690.352761804101
 20
7391.362966948437
 10
6680.0
 20
7390.0
 10
6320.0
 20
7390.0
 10
6309.647238195899
 20
7391.362966948437
 10
6300.0
 20
7395.358983848622
 10
6291.715728752538
 20
7401.715728752538
 10
6285.358983848622
 20
7410.0
 10
6281.362966948437
 20
7419.647238195899
 10
6280.0
 20
7430.0
 10
6280.0
 20
7430.0
 10
6281.362966948437
 20
7440.352761804101
 10
6285.358983848622
 20
7450.0
 10
6291.715728752538
 20
7458.284271247462
 10
6300.0
 20
7464.641016151378
 10
6309.647238195899
 20
7468.637033051563
 10
6320.0
 20
7470.0
 97
0
 75
1
 76
1
 98
0
  0
CIRCLE
  5
36D
330
17
100
AcDbEntity
  8
I-FURN
370
13
420
13415014
100
AcDbCircle
 10
6175.0
 20
8300.0
 30
0.0
 40
180.0
  0
HATCH
  5
36E
330
17
100
AcDbEntity
  8
I-FURN
 62
7
420
16772018
100
AcDbHatch
 10
0.0
 20
0.0
 30
0.0
210
0.0
220
0.0
230
1.0
  2
SOLID
 70
1
 71
0
 91
1
 92
1
 93
1
 72
2
 10
6175.0
 20
8300.0
 40
180
 50
0
 51
360
 73
1
 97
0
 75
1
 76
1
 98
0
  0
CIRCLE
  5
36F
330
17
100
AcDbEntity
  8
I-PLANT
370
13
420
3698749
100
AcDbCircle
 10
6525.0
 20
8300.0
 30
0.0
 40
90.0
  0
HATCH
  5
370
330
17
100
AcDbEntity
  8
I-PLANT
 62
7
420
6068572
100
AcDbHatch
 10
0.0
 20
0.0
 30
0.0
210
0.0
220
0.0
230
1.0
  2
SOLID
 70
1
 71
0
 91
1
 92
1
 93
1
 72
2
 10
6525.0
 20
8300.0
 40
90
 50
0
 51
360
 73
1
 97
0
 75
1
 76
1
 98
0
  0
LWPOLYLINE
  5
371
330
17
100
AcDbEntity
  8
I-PLANT
370
9
420
3698749
100
AcDbPolyline
 90
48
 70
1
 10
6602.684713996994
 20
8292.967248804489
 10
6602.3613297569245
 20
8290.382830198532
 10
6601.3967102307215
 20
8287.842631711459
 10
6599.807360325921
 20
8285.39011684366
 10
6597.620474260046
 20
8283.06724880449
 10
6594.873470260003
 20
8280.913772510117
 10
6591.613350325846
 20
8278.966534536994
 10
6587.895896013524
 20
8277.258852666722
 10
6583.7847139969945
 20
8275.819945809557
 10
6579.350147740395
 20
8274.674434060766
 10
6574.66807390187
 20
8273.841917443966
 10
6569.8186040629125
 20
8273.336640549287
 10
6564.884713996995
 20
8273.16724880449
 10
6559.950823931076
 20
8273.336640549287
 10
6555.101354092119
 20
8273.841917443966
 10
6550.4192802535945
 20
8274.674434060766
 10
6545.984713996994
 20
8275.819945809557
 10
6541.873531980465
 20
8277.258852666722
 10
6538.156077668143
 20
8278.966534536994
 10
6534.895957733986
 20
8280.913772510117
 10
6532.148953733942
 20
8283.06724880449
 10
6529.962067668068
 20
8285.39011684366
 10
6528.372717763268
 20
8287.842631711459
 10
6527.408098237064
 20
8290.382830198532
 10
6527.084713996995
 20
8292.967248804489
 10
6527.408098237064
 20
8295.551667410446
 10
6528.372717763268
 20
8298.091865897519
 10
6529.962067668068
 20
8300.544380765317
 10
6532.148953733942
 20
8302.867248804489
 10
6534.895957733986
 20
8305.02072509886
 10
6538.156077668143
 20
8306.967963071984
 10
6541.873531980465
 20
8308.675644942256
 10
6545.984713996994
 20
8310.114551799421
 10
6550.4192802535945
 20
8311.260063548212
 10
6555.101354092119
 20
8312.092580165012
 10
6559.950823931076
 20
8312.59785705969
 10
6564.884713996995
 20
8312.767248804488
 10
6569.8186040629125
 20
8312.59785705969
 10
6574.668073901869
 20
8312.092580165012
 10
6579.350147740395
 20
8311.260063548212
 10
6583.7847139969945
 20
8310.114551799421
 10
6587.895896013524
 20
8308.675644942256
 10
6591.613350325846
 20
8306.967963071984
 10
6594.873470260003
 20
8305.02072509886
 10
6597.620474260046
 20
8302.867248804489
 10
6599.807360325921
 20
8300.544380765317
 10
6601.3967102307215
 20
8298.091865897519
 10
6602.3613297569245
 20
8295.551667410446
  0
HATCH
  5
372
330
17
100
AcDbEntity
  8
I-PLANT
 62
7
420
7582315
100
AcDbHatch
 10
0.0
 20
0.0
 30
0.0
210
0.0
220
0.0
230
1.0
  2
SOLID
 70
1
 71
0
 91
1
 92
3
 72
0
 73
1
 93
48
 10
6602.684713996994
 20
8292.967248804489
 10
6602.3613297569245
 20
8290.382830198532
 10
6601.3967102307215
 20
8287.842631711459
 10
6599.807360325921
 20
8285.39011684366
 10
6597.620474260046
 20
8283.06724880449
 10
6594.873470260003
 20
8280.913772510117
 10
6591.613350325846
 20
8278.966534536994
 10
6587.895896013524
 20
8277.258852666722
 10
6583.7847139969945
 20
8275.819945809557
 10
6579.350147740395
 20
8274.674434060766
 10
6574.66807390187
 20
8273.841917443966
 10
6569.8186040629125
 20
8273.336640549287
 10
6564.884713996995
 20
8273.16724880449
 10
6559.950823931076
 20
8273.336640549287
 10
6555.101354092119
 20
8273.841917443966
 10
6550.4192802535945
 20
8274.674434060766
 10
6545.984713996994
 20
8275.819945809557
 10
6541.873531980465
 20
8277.258852666722
 10
6538.156077668143
 20
8278.966534536994
 10
6534.895957733986
 20
8280.913772510117
 10
6532.148953733942
 20
8283.06724880449
 10
6529.962067668068
 20
8285.39011684366
 10
6528.372717763268
 20
8287.842631711459
 10
6527.408098237064
 20
8290.382830198532
 10
6527.084713996995
 20
8292.967248804489
 10
6527.408098237064
 20
8295.551667410446
 10
6528.372717763268
 20
8298.091865897519
 10
6529.962067668068
 20
8300.544380765317
 10
6532.148953733942
 20
8302.867248804489
 10
6534.895957733986
 20
8305.02072509886
 10
6538.156077668143
 20
8306.967963071984
 10
6541.873531980465
 20
8308.675644942256
 10
6545.984713996994
 20
8310.114551799421
 10
6550.4192802535945
 20
8311.260063548212
 10
6555.101354092119
 20
8312.092580165012
 10
6559.950823931076
 20
8312.59785705969
 10
6564.884713996995
 20
8312.767248804488
 10
6569.8186040629125
 20
8312.59785705969
 10
6574.668073901869
 20
8312.092580165012
 10
6579.350147740395
 20
8311.260063548212
 10
6583.7847139969945
 20
8310.114551799421
 10
6587.895896013524
 20
8308.675644942256
 10
6591.613350325846
 20
8306.967963071984
 10
6594.873470260003
 20
8305.02072509886
 10
6597.620474260046
 20
8302.867248804489
 10
6599.807360325921
 20
8300.544380765317
 10
6601.3967102307215
 20
8298.091865897519
 10
6602.3613297569245
 20
8295.551667410446
 97
0
 75
1
 76
1
 98
0
  0
LWPOLYLINE
  5
373
330
17
100
AcDbEntity
  8
I-PLANT
370
9
420
3698749
100
AcDbPolyline
 90
48
 70
1
 10
6582.1692861341635
 20
8264.432026278506
 10
6581.845901894093
 20
8261.84760767255
 10
6580.88128236789
 20
8259.307409185476
 10
6579.29193246309
 20
8256.854894317677
 10
6577.105046397215
 20
8254.532026278506
 10
6574.3580423971725
 20
8252.378549984132
 10
6571.097922463015
 20
8250.431312011013
 10
6567.380468150693
 20
8248.72363014074
 10
6563.269286134164
 20
8247.284723283574
 10
6558.834719877564
 20
8246.139211534783
 10
6554.152646039039
 20
8245.306694917981
 10
6549.303176200081
 20
8244.801418023304
 10
6544.369286134163
 20
8244.632026278505
 10
6539.435396068246
 20
8244.801418023304
 10
6534.585926229288
 20
8245.306694917981
 10
6529.903852390763
 20
8246.139211534783
 10
6525.469286134163
 20
8247.284723283574
 10
6521.358104117634
 20
8248.72363014074
 10
6517.640649805312
 20
8250.431312011013
 10
6514.380529871154
 20
8252.378549984132
 10
6511.6335258711115
 20
8254.532026278506
 10
6509.446639805236
 20
8256.854894317677
 10
6507.857289900437
 20
8259.307409185476
 10
6506.892670374234
 20
8261.84760767255
 10
6506.569286134163
 20
8264.432026278506
 10
6506.892670374234
 20
8267.016444884463
 10
6507.857289900437
 20
8269.556643371536
 10
6509.446639805236
 20
8272.009158239334
 10
6511.6335258711115
 20
8274.332026278506
 10
6514.380529871154
 20
8276.48550257288
 10
6517.640649805312
 20
8278.432740545999
 10
6521.358104117634
 20
8280.140422416272
 10
6525.469286134163
 20
8281.579329273438
 10
6529.903852390763
 20
8282.72484102223
 10
6534.585926229288
 20
8283.55735763903
 10
6539.435396068246
 20
8284.062634533708
 10
6544.369286134163
 20
8284.232026278507
 10
6549.303176200081
 20
8284.062634533708
 10
6554.152646039039
 20
8283.55735763903
 10
6558.834719877564
 20
8282.72484102223
 10
6563.269286134164
 20
8281.579329273438
 10
6567.380468150693
 20
8280.140422416272
 10
6571.097922463015
 20
8278.432740545999
 10
6574.3580423971725
 20
8276.48550257288
 10
6577.105046397215
 20
8274.332026278506
 10
6579.29193246309
 20
8272.009158239334
 10
6580.88128236789
 20
8269.556643371536
 10
6581.845901894093
 20
8267.016444884463
  0
HATCH
  5
374
330
17
100
AcDbEntity
  8
I-PLANT
 62
7
420
7582315
100
AcDbHatch
 10
0.0
 20
0.0
 30
0.0
210
0.0
220
0.0
230
1.0
  2
SOLID
 70
1
 71
0
 91
1
 92
3
 72
0
 73
1
 93
48
 10
6582.1692861341635
 20
8264.432026278506
 10
6581.845901894093
 20
8261.84760767255
 10
6580.88128236789
 20
8259.307409185476
 10
6579.29193246309
 20
8256.854894317677
 10
6577.105046397215
 20
8254.532026278506
 10
6574.3580423971725
 20
8252.378549984132
 10
6571.097922463015
 20
8250.431312011013
 10
6567.380468150693
 20
8248.72363014074
 10
6563.269286134164
 20
8247.284723283574
 10
6558.834719877564
 20
8246.139211534783
 10
6554.152646039039
 20
8245.306694917981
 10
6549.303176200081
 20
8244.801418023304
 10
6544.369286134163
 20
8244.632026278505
 10
6539.435396068246
 20
8244.801418023304
 10
6534.585926229288
 20
8245.306694917981
 10
6529.903852390763
 20
8246.139211534783
 10
6525.469286134163
 20
8247.284723283574
 10
6521.358104117634
 20
8248.72363014074
 10
6517.640649805312
 20
8250.431312011013
 10
6514.380529871154
 20
8252.378549984132
 10
6511.6335258711115
 20
8254.532026278506
 10
6509.446639805236
 20
8256.854894317677
 10
6507.857289900437
 20
8259.307409185476
 10
6506.892670374234
 20
8261.84760767255
 10
6506.569286134163
 20
8264.432026278506
 10
6506.892670374234
 20
8267.016444884463
 10
6507.857289900437
 20
8269.556643371536
 10
6509.446639805236
 20
8272.009158239334
 10
6511.6335258711115
 20
8274.332026278506
 10
6514.380529871154
 20
8276.48550257288
 10
6517.640649805312
 20
8278.432740545999
 10
6521.358104117634
 20
8280.140422416272
 10
6525.469286134163
 20
8281.579329273438
 10
6529.903852390763
 20
8282.72484102223
 10
6534.585926229288
 20
8283.55735763903
 10
6539.435396068246
 20
8284.062634533708
 10
6544.369286134163
 20
8284.232026278507
 10
6549.303176200081
 20
8284.062634533708
 10
6554.152646039039
 20
8283.55735763903
 10
6558.834719877564
 20
8282.72484102223
 10
6563.269286134164
 20
8281.579329273438
 10
6567.380468150693
 20
8280.140422416272
 10
6571.097922463015
 20
8278.432740545999
 10
6574.3580423971725
 20
8276.48550257288
 10
6577.105046397215
 20
8274.332026278506
 10
6579.29193246309
 20
8272.009158239334
 10
6580.88128236789
 20
8269.556643371536
 10
6581.845901894093
 20
8267.016444884463
 97
0
 75
1
 76
1
 98
0
  0
LWPOLYLINE
  5
375
330
17
100
AcDbEntity
  8
I-PLANT
370
9
420
3698749
100
AcDbPolyline
 90
48
 70
1
 10
6547.068390750875
 20
8262.680213419248
 10
6546.745006510805
 20
8260.095794813293
 10
6545.780386984601
 20
8257.55559632622
 10
6544.191037079801
 20
8255.10308145842
 10
6542.004151013927
 20
8252.78021341925
 10
6539.257147013884
 20
8250.626737124876
 10
6535.997027079727
 20
8248.679499151754
 10
6532.279572767405
 20
8246.971817281483
 10
6528.168390750875
 20
8245.532910424317
 10
6523.733824494275
 20
8244.387398675524
 10
6519.05175065575
 20
8243.554882058725
 10
6514.202280816793
 20
8243.049605164048
 10
6509.2683907508745
 20
8242.880213419248
 10
6504.334500684957
 20
8243.049605164048
 10
6499.485030846
 20
8243.554882058725
 10
6494.802957007474
 20
8244.387398675524
 10
6490.368390750875
 20
8245.532910424317
 10
6486.257208734345
 20
8246.971817281483
 10
6482.539754422023
 20
8248.679499151754
 10
6479.279634487866
 20
8250.626737124876
 10
6476.532630487824
 20
8252.78021341925
 10
6474.345744421948
 20
8255.10308145842
 10
6472.756394517148
 20
8257.55559632622
 10
6471.791774990945
 20
8260.095794813293
 10
6471.468390750875
 20
8262.680213419248
 10
6471.791774990945
 20
8265.264632025206
 10
6472.756394517148
 20
8267.80483051228
 10
6474.345744421948
 20
8270.257345380076
 10
6476.532630487824
 20
8272.580213419249
 10
6479.279634487866
 20
8274.733689713621
 10
6482.539754422023
 20
8276.680927686743
 10
6486.257208734345
 20
8278.388609557016
 10
6490.368390750875
 20
8279.827516414181
 10
6494.802957007474
 20
8280.97302816297
 10
6499.485030846
 20
8281.805544779772
 10
6504.334500684957
 20
8282.310821674451
 10
6509.2683907508745
 20
8282.480213419249
 10
6514.202280816793
 20
8282.310821674451
 10
6519.05175065575
 20
8281.805544779772
 10
6523.733824494275
 20
8280.97302816297
 10
6528.168390750875
 20
8279.827516414181
 10
6532.279572767405
 20
8278.388609557016
 10
6535.997027079727
 20
8276.680927686743
 10
6539.257147013884
 20
8274.733689713621
 10
6542.004151013927
 20
8272.580213419249
 10
6544.191037079801
 20
8270.257345380076
 10
6545.780386984601
 20
8267.80483051228
 10
6546.745006510805
 20
8265.264632025206
  0
HATCH
  5
376
330
17
100
AcDbEntity
  8
I-PLANT
 62
7
420
7582315
100
AcDbHatch
 10
0.0
 20
0.0
 30
0.0
210
0.0
220
0.0
230
1.0
  2
SOLID
 70
1
 71
0
 91
1
 92
3
 72
0
 73
1
 93
48
 10
6547.068390750875
 20
8262.680213419248
 10
6546.745006510805
 20
8260.095794813293
 10
6545.780386984601
 20
8257.55559632622
 10
6544.191037079801
 20
8255.10308145842
 10
6542.004151013927
 20
8252.78021341925
 10
6539.257147013884
 20
8250.626737124876
 10
6535.997027079727
 20
8248.679499151754
 10
6532.279572767405
 20
8246.971817281483
 10
6528.168390750875
 20
8245.532910424317
 10
6523.733824494275
 20
8244.387398675524
 10
6519.05175065575
 20
8243.554882058725
 10
6514.202280816793
 20
8243.049605164048
 10
6509.2683907508745
 20
8242.880213419248
 10
6504.334500684957
 20
8243.049605164048
 10
6499.485030846
 20
8243.554882058725
 10
6494.802957007474
 20
8244.387398675524
 10
6490.368390750875
 20
8245.532910424317
 10
6486.257208734345
 20
8246.971817281483
 10
6482.539754422023
 20
8248.679499151754
 10
6479.279634487866
 20
8250.626737124876
 10
6476.532630487824
 20
8252.78021341925
 10
6474.345744421948
 20
8255.10308145842
 10
6472.756394517148
 20
8257.55559632622
 10
6471.791774990945
 20
8260.095794813293
 10
6471.468390750875
 20
8262.680213419248
 10
6471.791774990945
 20
8265.264632025206
 10
6472.756394517148
 20
8267.80483051228
 10
6474.345744421948
 20
8270.257345380076
 10
6476.532630487824
 20
8272.580213419249
 10
6479.279634487866
 20
8274.733689713621
 10
6482.539754422023
 20
8276.680927686743
 10
6486.257208734345
 20
8278.388609557016
 10
6490.368390750875
 20
8279.827516414181
 10
6494.802957007474
 20
8280.97302816297
 10
6499.485030846
 20
8281.805544779772
 10
6504.334500684957
 20
8282.310821674451
 10
6509.2683907508745
 20
8282.480213419249
 10
6514.202280816793
 20
8282.310821674451
 10
6519.05175065575
 20
8281.805544779772
 10
6523.733824494275
 20
8280.97302816297
 10
6528.168390750875
 20
8279.827516414181
 10
6532.279572767405
 20
8278.388609557016
 10
6535.997027079727
 20
8276.680927686743
 10
6539.257147013884
 20
8274.733689713621
 10
6542.004151013927
 20
8272.580213419249
 10
6544.191037079801
 20
8270.257345380076
 10
6545.780386984601
 20
8267.80483051228
 10
6546.745006510805
 20
8265.264632025206
 97
0
 75
1
 76
1
 98
0
  0
LWPOLYLINE
  5
377
330
17
100
AcDbEntity
  8
I-PLANT
370
9
420
3698749
100
AcDbPolyline
 90
48
 70
1
 10
6523.813717998524
 20
8289.030961040207
 10
6523.490333758455
 20
8286.446542434252
 10
6522.525714232252
 20
8283.90634394718
 10
6520.936364327451
 20
8281.453829079379
 10
6518.749478261576
 20
8279.13096104021
 10
6516.002474261533
 20
8276.977484745836
 10
6512.742354327376
 20
8275.030246772714
 10
6509.024900015054
 20
8273.322564902443
 10
6504.913717998525
 20
8271.883658045277
 10
6500.479151741925
 20
8270.738146296484
 10
6495.7970779034
 20
8269.905629679684
 10
6490.947608064443
 20
8269.400352785007
 10
6486.013717998525
 20
8269.230961040208
 10
6481.079827932606
 20
8269.400352785007
 10
6476.23035809365
 20
8269.905629679684
 10
6471.548284255125
 20
8270.738146296484
 10
6467.113717998524
 20
8271.883658045277
 10
6463.002535981995
 20
8273.322564902443
 10
6459.285081669673
 20
8275.030246772714
 10
6456.024961735516
 20
8276.977484745836
 10
6453.277957735472
 20
8279.13096104021
 10
6451.091071669598
 20
8281.453829079379
 10
6449.501721764798
 20
8283.90634394718
 10
6448.537102238594
 20
8286.446542434252
 10
6448.213717998525
 20
8289.030961040207
 10
6448.537102238594
 20
8291.615379646166
 10
6449.501721764798
 20
8294.155578133239
 10
6451.091071669598
 20
8296.608093001036
 10
6453.277957735472
 20
8298.930961040209
 10
6456.024961735516
 20
8301.08443733458
 10
6459.285081669673
 20
8303.031675307702
 10
6463.002535981995
 20
8304.739357177976
 10
6467.113717998524
 20
8306.178264035141
 10
6471.548284255125
 20
8307.32377578393
 10
6476.23035809365
 20
8308.156292400732
 10
6481.079827932606
 20
8308.661569295411
 10
6486.013717998525
 20
8308.830961040208
 10
6490.947608064443
 20
8308.661569295411
 10
6495.797077903399
 20
8308.156292400732
 10
6500.479151741925
 20
8307.32377578393
 10
6504.913717998525
 20
8306.178264035141
 10
6509.024900015054
 20
8304.739357177976
 10
6512.742354327376
 20
8303.031675307702
 10
6516.002474261533
 20
8301.08443733458
 10
6518.749478261576
 20
8298.930961040209
 10
6520.936364327451
 20
8296.608093001036
 10
6522.525714232252
 20
8294.155578133239
 10
6523.490333758455
 20
8291.615379646166
  0
HATCH
  5
378
330
17
100
AcDbEntity
  8
I-PLANT
 62
7
420
7582315
100
AcDbHatch
 10
0.0
 20
0.0
 30
0.0
210
0.0
220
0.0
230
1.0
  2
SOLID
 70
1
 71
0
 91
1
 92
3
 72
0
 73
1
 93
48
 10
6523.813717998524
 20
8289.030961040207
 10
6523.490333758455
 20
8286.446542434252
 10
6522.525714232252
 20
8283.90634394718
 10
6520.936364327451
 20
8281.453829079379
 10
6518.749478261576
 20
8279.13096104021
 10
6516.002474261533
 20
8276.977484745836
 10
6512.742354327376
 20
8275.030246772714
 10
6509.024900015054
 20
8273.322564902443
 10
6504.913717998525
 20
8271.883658045277
 10
6500.479151741925
 20
8270.738146296484
 10
6495.7970779034
 20
8269.905629679684
 10
6490.947608064443
 20
8269.400352785007
 10
6486.013717998525
 20
8269.230961040208
 10
6481.079827932606
 20
8269.400352785007
 10
6476.23035809365
 20
8269.905629679684
 10
6471.548284255125
 20
8270.738146296484
 10
6467.113717998524
 20
8271.883658045277
 10
6463.002535981995
 20
8273.322564902443
 10
6459.285081669673
 20
8275.030246772714
 10
6456.024961735516
 20
8276.977484745836
 10
6453.277957735472
 20
8279.13096104021
 10
6451.091071669598
 20
8281.453829079379
 10
6449.501721764798
 20
8283.90634394718
 10
6448.537102238594
 20
8286.446542434252
 10
6448.213717998525
 20
8289.030961040207
 10
6448.537102238594
 20
8291.615379646166
 10
6449.501721764798
 20
8294.155578133239
 10
6451.091071669598
 20
8296.608093001036
 10
6453.277957735472
 20
8298.930961040209
 10
6456.024961735516
 20
8301.08443733458
 10
6459.285081669673
 20
8303.031675307702
 10
6463.002535981995
 20
8304.739357177976
 10
6467.113717998524
 20
8306.178264035141
 10
6471.548284255125
 20
8307.32377578393
 10
6476.23035809365
 20
8308.156292400732
 10
6481.079827932606
 20
8308.661569295411
 10
6486.013717998525
 20
8308.830961040208
 10
6490.947608064443
 20
8308.661569295411
 10
6495.797077903399
 20
8308.156292400732
 10
6500.479151741925
 20
8307.32377578393
 10
6504.913717998525
 20
8306.178264035141
 10
6509.024900015054
 20
8304.739357177976
 10
6512.742354327376
 20
8303.031675307702
 10
6516.002474261533
 20
8301.08443733458
 10
6518.749478261576
 20
8298.930961040209
 10
6520.936364327451
 20
8296.608093001036
 10
6522.525714232252
 20
8294.155578133239
 10
6523.490333758455
 20
8291.615379646166
 97
0
 75
1
 76
1
 98
0
  0
LWPOLYLINE
  5
379
330
17
100
AcDbEntity
  8
I-PLANT
370
9
420
3698749
100
AcDbPolyline
 90
48
 70
1
 10
6529.916510768508
 20
8323.641618725509
 10
6529.593126528438
 20
8321.057200119552
 10
6528.628507002235
 20
8318.51700163248
 10
6527.039157097434
 20
8316.06448676468
 10
6524.852271031559
 20
8313.74161872551
 10
6522.105267031517
 20
8311.588142431137
 10
6518.84514709736
 20
8309.640904458014
 10
6515.127692785038
 20
8307.933222587742
 10
6511.016510768508
 20
8306.494315730577
 10
6506.581944511909
 20
8305.348803981786
 10
6501.899870673384
 20
8304.516287364986
 10
6497.050400834426
 20
8304.011010470307
 10
6492.116510768508
 20
8303.84161872551
 10
6487.18262070259
 20
8304.011010470307
 10
6482.333150863633
 20
8304.516287364986
 10
6477.651077025108
 20
8305.348803981786
 10
6473.216510768508
 20
8306.494315730577
 10
6469.105328751978
 20
8307.933222587742
 10
6465.387874439656
 20
8309.640904458014
 10
6462.127754505499
 20
8311.588142431137
 10
6459.380750505456
 20
8313.74161872551
 10
6457.193864439581
 20
8316.06448676468
 10
6455.604514534782
 20
8318.51700163248
 10
6454.639895008578
 20
8321.057200119552
 10
6454.316510768508
 20
8323.641618725509
 10
6454.639895008578
 20
8326.226037331466
 10
6455.604514534782
 20
8328.766235818539
 10
6457.193864439581
 20
8331.218750686337
 10
6459.380750505456
 20
8333.541618725509
 10
6462.127754505499
 20
8335.69509501988
 10
6465.387874439656
 20
8337.642332993004
 10
6469.105328751978
 20
8339.350014863276
 10
6473.216510768508
 20
8340.788921720441
 10
6477.651077025108
 20
8341.934433469232
 10
6482.333150863633
 20
8342.766950086032
 10
6487.18262070259
 20
8343.272226980711
 10
6492.116510768508
 20
8343.441618725508
 10
6497.050400834426
 20
8343.272226980711
 10
6501.899870673383
 20
8342.766950086032
 10
6506.581944511909
 20
8341.934433469232
 10
6511.016510768508
 20
8340.788921720441
 10
6515.127692785038
 20
8339.350014863276
 10
6518.84514709736
 20
8337.642332993004
 10
6522.105267031517
 20
8335.69509501988
 10
6524.852271031559
 20
8333.541618725509
 10
6527.039157097434
 20
8331.218750686337
 10
6528.628507002235
 20
8328.766235818539
 10
6529.593126528438
 20
8326.226037331466
  0
HATCH
  5
37A
330
17
100
AcDbEntity
  8
I-PLANT
 62
7
420
7582315
100
AcDbHatch
 10
0.0
 20
0.0
 30
0.0
210
0.0
220
0.0
230
1.0
  2
SOLID
 70
1
 71
0
 91
1
 92
3
 72
0
 73
1
 93
48
 10
6529.916510768508
 20
8323.641618725509
 10
6529.593126528438
 20
8321.057200119552
 10
6528.628507002235
 20
8318.51700163248
 10
6527.039157097434
 20
8316.06448676468
 10
6524.852271031559
 20
8313.74161872551
 10
6522.105267031517
 20
8311.588142431137
 10
6518.84514709736
 20
8309.640904458014
 10
6515.127692785038
 20
8307.933222587742
 10
6511.016510768508
 20
8306.494315730577
 10
6506.581944511909
 20
8305.348803981786
 10
6501.899870673384
 20
8304.516287364986
 10
6497.050400834426
 20
8304.011010470307
 10
6492.116510768508
 20
8303.84161872551
 10
6487.18262070259
 20
8304.011010470307
 10
6482.333150863633
 20
8304.516287364986
 10
6477.651077025108
 20
8305.348803981786
 10
6473.216510768508
 20
8306.494315730577
 10
6469.105328751978
 20
8307.933222587742
 10
6465.387874439656
 20
8309.640904458014
 10
6462.127754505499
 20
8311.588142431137
 10
6459.380750505456
 20
8313.74161872551
 10
6457.193864439581
 20
8316.06448676468
 10
6455.604514534782
 20
8318.51700163248
 10
6454.639895008578
 20
8321.057200119552
 10
6454.316510768508
 20
8323.641618725509
 10
6454.639895008578
 20
8326.226037331466
 10
6455.604514534782
 20
8328.766235818539
 10
6457.193864439581
 20
8331.218750686337
 10
6459.380750505456
 20
8333.541618725509
 10
6462.127754505499
 20
8335.69509501988
 10
6465.387874439656
 20
8337.642332993004
 10
6469.105328751978
 20
8339.350014863276
 10
6473.216510768508
 20
8340.788921720441
 10
6477.651077025108
 20
8341.934433469232
 10
6482.333150863633
 20
8342.766950086032
 10
6487.18262070259
 20
8343.272226980711
 10
6492.116510768508
 20
8343.441618725508
 10
6497.050400834426
 20
8343.272226980711
 10
6501.899870673383
 20
8342.766950086032
 10
6506.581944511909
 20
8341.934433469232
 10
6511.016510768508
 20
8340.788921720441
 10
6515.127692785038
 20
8339.350014863276
 10
6518.84514709736
 20
8337.642332993004
 10
6522.105267031517
 20
8335.69509501988
 10
6524.852271031559
 20
8333.541618725509
 10
6527.039157097434
 20
8331.218750686337
 10
6528.628507002235
 20
8328.766235818539
 10
6529.593126528438
 20
8326.226037331466
 97
0
 75
1
 76
1
 98
0
  0
LWPOLYLINE
  5
37B
330
17
100
AcDbEntity
  8
I-PLANT
370
9
420
3698749
100
AcDbPolyline
 90
48
 70
1
 10
6560.7812416307415
 20
8340.449655309367
 10
6560.457857390672
 20
8337.86523670341
 10
6559.493237864468
 20
8335.325038216337
 10
6557.903887959668
 20
8332.872523348538
 10
6555.717001893794
 20
8330.549655309367
 10
6552.969997893751
 20
8328.396179014995
 10
6549.7098779595935
 20
8326.448941041872
 10
6545.992423647272
 20
8324.7412591716
 10
6541.881241630742
 20
8323.302352314435
 10
6537.446675374142
 20
8322.156840565644
 10
6532.764601535617
 20
8321.324323948844
 10
6527.91513169666
 20
8320.819047054165
 10
6522.981241630741
 20
8320.649655309368
 10
6518.047351564824
 20
8320.819047054165
 10
6513.197881725867
 20
8321.324323948844
 10
6508.515807887341
 20
8322.156840565644
 10
6504.081241630742
 20
8323.302352314435
 10
6499.970059614212
 20
8324.7412591716
 10
6496.25260530189
 20
8326.448941041872
 10
6492.992485367733
 20
8328.396179014995
 10
6490.24548136769
 20
8330.549655309367
 10
6488.058595301815
 20
8332.872523348538
 10
6486.469245397015
 20
8335.325038216337
 10
6485.504625870812
 20
8337.86523670341
 10
6485.181241630742
 20
8340.449655309367
 10
6485.504625870812
 20
8343.034073915323
 10
6486.469245397015
 20
8345.574272402397
 10
6488.058595301815
 20
8348.026787270195
 10
6490.24548136769
 20
8350.349655309366
 10
6492.992485367733
 20
8352.503131603738
 10
6496.25260530189
 20
8354.450369576862
 10
6499.970059614212
 20
8356.158051447133
 10
6504.081241630742
 20
8357.596958304299
 10
6508.515807887341
 20
8358.74247005309
 10
6513.197881725867
 20
8359.57498666989
 10
6518.047351564824
 20
8360.080263564569
 10
6522.981241630741
 20
8360.249655309366
 10
6527.91513169666
 20
8360.080263564569
 10
6532.764601535617
 20
8359.57498666989
 10
6537.446675374142
 20
8358.74247005309
 10
6541.881241630742
 20
8357.596958304299
 10
6545.992423647272
 20
8356.158051447133
 10
6549.7098779595935
 20
8354.450369576862
 10
6552.969997893751
 20
8352.503131603738
 10
6555.717001893794
 20
8350.349655309366
 10
6557.903887959668
 20
8348.026787270195
 10
6559.493237864468
 20
8345.574272402397
 10
6560.457857390672
 20
8343.034073915323
  0
HATCH
  5
37C
330
17
100
AcDbEntity
  8
I-PLANT
 62
7
420
7582315
100
AcDbHatch
 10
0.0
 20
0.0
 30
0.0
210
0.0
220
0.0
230
1.0
  2
SOLID
 70
1
 71
0
 91
1
 92
3
 72
0
 73
1
 93
48
 10
6560.7812416307415
 20
8340.449655309367
 10
6560.457857390672
 20
8337.86523670341
 10
6559.493237864468
 20
8335.325038216337
 10
6557.903887959668
 20
8332.872523348538
 10
6555.717001893794
 20
8330.549655309367
 10
6552.969997893751
 20
8328.396179014995
 10
6549.7098779595935
 20
8326.448941041872
 10
6545.992423647272
 20
8324.7412591716
 10
6541.881241630742
 20
8323.302352314435
 10
6537.446675374142
 20
8322.156840565644
 10
6532.764601535617
 20
8321.324323948844
 10
6527.91513169666
 20
8320.819047054165
 10
6522.981241630741
 20
8320.649655309368
 10
6518.047351564824
 20
8320.819047054165
 10
6513.197881725867
 20
8321.324323948844
 10
6508.515807887341
 20
8322.156840565644
 10
6504.081241630742
 20
8323.302352314435
 10
6499.970059614212
 20
8324.7412591716
 10
6496.25260530189
 20
8326.448941041872
 10
6492.992485367733
 20
8328.396179014995
 10
6490.24548136769
 20
8330.549655309367
 10
6488.058595301815
 20
8332.872523348538
 10
6486.469245397015
 20
8335.325038216337
 10
6485.504625870812
 20
8337.86523670341
 10
6485.181241630742
 20
8340.449655309367
 10
6485.504625870812
 20
8343.034073915323
 10
6486.469245397015
 20
8345.574272402397
 10
6488.058595301815
 20
8348.026787270195
 10
6490.24548136769
 20
8350.349655309366
 10
6492.992485367733
 20
8352.503131603738
 10
6496.25260530189
 20
8354.450369576862
 10
6499.970059614212
 20
8356.158051447133
 10
6504.081241630742
 20
8357.596958304299
 10
6508.515807887341
 20
8358.74247005309
 10
6513.197881725867
 20
8359.57498666989
 10
6518.047351564824
 20
8360.080263564569
 10
6522.981241630741
 20
8360.249655309366
 10
6527.91513169666
 20
8360.080263564569
 10
6532.764601535617
 20
8359.57498666989
 10
6537.446675374142
 20
8358.74247005309
 10
6541.881241630742
 20
8357.596958304299
 10
6545.992423647272
 20
8356.158051447133
 10
6549.7098779595935
 20
8354.450369576862
 10
6552.969997893751
 20
8352.503131603738
 10
6555.717001893794
 20
8350.349655309366
 10
6557.903887959668
 20
8348.026787270195
 10
6559.493237864468
 20
8345.574272402397
 10
6560.457857390672
 20
8343.034073915323
 97
0
 75
1
 76
1
 98
0
  0
LWPOLYLINE
  5
37D
330
17
100
AcDbEntity
  8
I-PLANT
370
9
420
3698749
100
AcDbPolyline
 90
48
 70
1
 10
6593.166138720193
 20
8326.798276422673
 10
6592.842754480123
 20
8324.213857816716
 10
6591.87813495392
 20
8321.673659329643
 10
6590.28878504912
 20
8319.221144461844
 10
6588.101898983245
 20
8316.898276422673
 10
6585.354894983202
 20
8314.744800128301
 10
6582.094775049045
 20
8312.797562155178
 10
6578.377320736723
 20
8311.089880284906
 10
6574.266138720193
 20
8309.65097342774
 10
6569.831572463594
 20
8308.50546167895
 10
6565.149498625069
 20
8307.67294506215
 10
6560.300028786111
 20
8307.16766816747
 10
6555.366138720194
 20
8306.998276422673
 10
6550.432248654275
 20
8307.16766816747
 10
6545.582778815318
 20
8307.67294506215
 10
6540.900704976793
 20
8308.50546167895
 10
6536.466138720193
 20
8309.65097342774
 10
6532.354956703663
 20
8311.089880284906
 10
6528.6375023913415
 20
8312.797562155178
 10
6525.3773824571845
 20
8314.744800128301
 10
6522.630378457141
 20
8316.898276422673
 10
6520.443492391267
 20
8319.221144461844
 10
6518.854142486467
 20
8321.673659329643
 10
6517.889522960263
 20
8324.213857816716
 10
6517.5661387201935
 20
8326.798276422673
 10
6517.889522960263
 20
8329.38269502863
 10
6518.854142486467
 20
8331.922893515703
 10
6520.443492391267
 20
8334.375408383501
 10
6522.630378457141
 20
8336.698276422672
 10
6525.3773824571845
 20
8338.851752717044
 10
6528.6375023913415
 20
8340.798990690168
 10
6532.354956703663
 20
8342.50667256044
 10
6536.466138720193
 20
8343.945579417605
 10
6540.900704976793
 20
8345.091091166396
 10
6545.582778815318
 20
8345.923607783196
 10
6550.432248654275
 20
8346.428884677875
 10
6555.366138720194
 20
8346.598276422672
 10
6560.300028786111
 20
8346.428884677875
 10
6565.149498625068
 20
8345.923607783196
 10
6569.831572463594
 20
8345.091091166396
 10
6574.266138720193
 20
8343.945579417605
 10
6578.377320736723
 20
8342.50667256044
 10
6582.094775049045
 20
8340.798990690168
 10
6585.354894983202
 20
8338.851752717044
 10
6588.101898983245
 20
8336.698276422672
 10
6590.28878504912
 20
8334.375408383501
 10
6591.87813495392
 20
8331.922893515703
 10
6592.842754480123
 20
8329.38269502863
  0
HATCH
  5
37E
330
17
100
AcDbEntity
  8
I-PLANT
 62
7
420
7582315
100
AcDbHatch
 10
0.0
 20
0.0
 30
0.0
210
0.0
220
0.0
230
1.0
  2
SOLID
 70
1
 71
0
 91
1
 92
3
 72
0
 73
1
 93
48
 10
6593.166138720193
 20
8326.798276422673
 10
6592.842754480123
 20
8324.213857816716
 10
6591.87813495392
 20
8321.673659329643
 10
6590.28878504912
 20
8319.221144461844
 10
6588.101898983245
 20
8316.898276422673
 10
6585.354894983202
 20
8314.744800128301
 10
6582.094775049045
 20
8312.797562155178
 10
6578.377320736723
 20
8311.089880284906
 10
6574.266138720193
 20
8309.65097342774
 10
6569.831572463594
 20
8308.50546167895
 10
6565.149498625069
 20
8307.67294506215
 10
6560.300028786111
 20
8307.16766816747
 10
6555.366138720194
 20
8306.998276422673
 10
6550.432248654275
 20
8307.16766816747
 10
6545.582778815318
 20
8307.67294506215
 10
6540.900704976793
 20
8308.50546167895
 10
6536.466138720193
 20
8309.65097342774
 10
6532.354956703663
 20
8311.089880284906
 10
6528.6375023913415
 20
8312.797562155178
 10
6525.3773824571845
 20
8314.744800128301
 10
6522.630378457141
 20
8316.898276422673
 10
6520.443492391267
 20
8319.221144461844
 10
6518.854142486467
 20
8321.673659329643
 10
6517.889522960263
 20
8324.213857816716
 10
6517.5661387201935
 20
8326.798276422673
 10
6517.889522960263
 20
8329.38269502863
 10
6518.854142486467
 20
8331.922893515703
 10
6520.443492391267
 20
8334.375408383501
 10
6522.630378457141
 20
8336.698276422672
 10
6525.3773824571845
 20
8338.851752717044
 10
6528.6375023913415
 20
8340.798990690168
 10
6532.354956703663
 20
8342.50667256044
 10
6536.466138720193
 20
8343.945579417605
 10
6540.900704976793
 20
8345.091091166396
 10
6545.582778815318
 20
8345.923607783196
 10
6550.432248654275
 20
8346.428884677875
 10
6555.366138720194
 20
8346.598276422672
 10
6560.300028786111
 20
8346.428884677875
 10
6565.149498625068
 20
8345.923607783196
 10
6569.831572463594
 20
8345.091091166396
 10
6574.266138720193
 20
8343.945579417605
 10
6578.377320736723
 20
8342.50667256044
 10
6582.094775049045
 20
8340.798990690168
 10
6585.354894983202
 20
8338.851752717044
 10
6588.101898983245
 20
8336.698276422672
 10
6590.28878504912
 20
8334.375408383501
 10
6591.87813495392
 20
8331.922893515703
 10
6592.842754480123
 20
8329.38269502863
 97
0
 75
1
 76
1
 98
0
  0
CIRCLE
  5
37F
330
17
100
AcDbEntity
  8
I-PLANT
370
9
420
3698749
100
AcDbCircle
 10
6525.0
 20
8300.0
 30
0.0
 40
16.2
  0
HATCH
  5
380
330
17
100
AcDbEntity
  8
I-PLANT
 62
7
420
9199936
100
AcDbHatch
 10
0.0
 20
0.0
 30
0.0
210
0.0
220
0.0
230
1.0
  2
SOLID
 70
1
 71
0
 91
1
 92
1
 93
1
 72
2
 10
6525.0
 20
8300.0
 40
16.2
 50
0
 51
360
 73
1
 97
0
 75
1
 76
1
 98
0
  0
LWPOLYLINE
  5
381
330
17
100
AcDbEntity
  8
I-FURN
370
13
420
5000274
100
AcDbPolyline
 90
28
 70
1
 10
5880.0
 20
6850.0
 10
5911.058285412302
 20
6845.911099154689
 10
5940.0
 20
6833.923048454132
 10
5964.8528137423855
 20
6814.8528137423855
 10
5983.923048454133
 20
6790.0
 10
5995.911099154688
 20
6761.058285412302
 10
6000.0
 20
6730.0
 10
6000.0
 20
5120.0
 10
5995.911099154688
 20
5088.941714587698
 10
5983.923048454133
 20
5060.0
 10
5964.8528137423855
 20
5035.1471862576145
 10
5940.0
 20
5016.076951545867
 10
5911.058285412302
 20
5004.088900845312
 10
5880.0
 20
5000.0
 10
5220.0
 20
5000.0
 10
5188.941714587698
 20
5004.088900845312
 10
5160.0
 20
5016.076951545867
 10
5135.1471862576145
 20
5035.1471862576145
 10
5116.076951545867
 20
5060.0
 10
5104.088900845311
 20
5088.941714587698
 10
5100.0
 20
5120.0
 10
5100.0
 20
6730.0
 10
5104.088900845311
 20
6761.058285412302
 10
5116.076951545868
 20
6790.0
 10
5135.1471862576145
 20
6814.8528137423855
 10
5160.0
 20
6833.923048454132
 10
5188.941714587698
 20
6845.911099154689
 10
5220.0
 20
6850.0
  0
HATCH
  5
382
330
17
100
AcDbEntity
  8
I-FURN
 62
7
420
6063508
100
AcDbHatch
 10
0.0
 20
0.0
 30
0.0
210
0.0
220
0.0
230
1.0
  2
SOLID
 70
1
 71
0
 91
1
 92
3
 72
0
 73
1
 93
28
 10
5880.0
 20
6850.0
 10
5911.058285412302
 20
6845.911099154689
 10
5940.0
 20
6833.923048454132
 10
5964.8528137423855
 20
6814.8528137423855
 10
5983.923048454133
 20
6790.0
 10
5995.911099154688
 20
6761.058285412302
 10
6000.0
 20
6730.0
 10
6000.0
 20
5120.0
 10
5995.911099154688
 20
5088.941714587698
 10
5983.923048454133
 20
5060.0
 10
5964.8528137423855
 20
5035.1471862576145
 10
5940.0
 20
5016.076951545867
 10
5911.058285412302
 20
5004.088900845312
 10
5880.0
 20
5000.0
 10
5220.0
 20
5000.0
 10
5188.941714587698
 20
5004.088900845312
 10
5160.0
 20
5016.076951545867
 10
5135.1471862576145
 20
5035.1471862576145
 10
5116.076951545867
 20
5060.0
 10
5104.088900845311
 20
5088.941714587698
 10
5100.0
 20
5120.0
 10
5100.0
 20
6730.0
 10
5104.088900845311
 20
6761.058285412302
 10
5116.076951545868
 20
6790.0
 10
5135.1471862576145
 20
6814.8528137423855
 10
5160.0
 20
6833.923048454132
 10
5188.941714587698
 20
6845.911099154689
 10
5220.0
 20
6850.0
 97
0
 75
1
 76
1
 98
0
  0
LWPOLYLINE
  5
383
330
17
100
AcDbEntity
  8
I-FURN
370
13
420
5000274
100
AcDbPolyline
 90
28
 70
1
 10
5260.0
 20
6850.0
 10
5275.529142706151
 20
6847.955549577344
 10
5290.0
 20
6841.961524227067
 10
5302.426406871193
 20
6832.426406871193
 10
5311.961524227067
 20
6820.0
 10
5317.955549577344
 20
6805.529142706151
 10
5320.0
 20
6790.0
 10
5320.0
 20
5060.0
 10
5317.955549577344
 20
5044.470857293849
 10
5311.961524227067
 20
5030.0
 10
5302.426406871193
 20
5017.573593128807
 10
5290.0
 20
5008.038475772933
 10
5275.529142706151
 20
5002.044450422656
 10
5260.0
 20
5000.0
 10
5160.0
 20
5000.0
 10
5144.470857293849
 20
5002.044450422656
 10
5130.0
 20
5008.038475772933
 10
5117.573593128807
 20
5017.573593128807
 10
5108.038475772933
 20
5030.0
 10
5102.044450422656
 20
5044.470857293849
 10
5100.0
 20
5060.0
 10
5100.0
 20
6790.0
 10
5102.044450422656
 20
6805.529142706151
 10
5108.038475772933
 20
6820.0
 10
5117.573593128807
 20
6832.426406871193
 10
5130.0
 20
6841.961524227067
 10
5144.470857293849
 20
6847.955549577344
 10
5160.0
 20
6850.0
  0
HATCH
  5
384
330
17
100
AcDbEntity
  8
I-FURN
 62
7
420
5009536
100
AcDbHatch
 10
0.0
 20
0.0
 30
0.0
210
0.0
220
0.0
230
1.0
  2
SOLID
 70
1
 71
0
 91
1
 92
3
 72
0
 73
1
 93
28
 10
5260.0
 20
6850.0
 10
5275.529142706151
 20
6847.955549577344
 10
5290.0
 20
6841.961524227067
 10
5302.426406871193
 20
6832.426406871193
 10
5311.961524227067
 20
6820.0
 10
5317.955549577344
 20
6805.529142706151
 10
5320.0
 20
6790.0
 10
5320.0
 20
5060.0
 10
5317.955549577344
 20
5044.470857293849
 10
5311.961524227067
 20
5030.0
 10
5302.426406871193
 20
5017.573593128807
 10
5290.0
 20
5008.038475772933
 10
5275.529142706151
 20
5002.044450422656
 10
5260.0
 20
5000.0
 10
5160.0
 20
5000.0
 10
5144.470857293849
 20
5002.044450422656
 10
5130.0
 20
5008.038475772933
 10
5117.573593128807
 20
5017.573593128807
 10
5108.038475772933
 20
5030.0
 10
5102.044450422656
 20
5044.470857293849
 10
5100.0
 20
5060.0
 10
5100.0
 20
6790.0
 10
5102.044450422656
 20
6805.529142706151
 10
5108.038475772933
 20
6820.0
 10
5117.573593128807
 20
6832.426406871193
 10
5130.0
 20
6841.961524227067
 10
5144.470857293849
 20
6847.955549577344
 10
5160.0
 20
6850.0
 97
0
 75
1
 76
1
 98
0
  0
LWPOLYLINE
  5
385
330
17
100
AcDbEntity
  8
I-FURN
370
13
420
5009536
100
AcDbPolyline
 90
28
 70
1
 10
5860.0
 20
6730.0
 10
5880.7055236082015
 20
6727.274066103126
 10
5900.0
 20
6719.282032302755
 10
5916.568542494924
 20
6706.568542494923
 10
5929.282032302755
 20
6690.0
 10
5937.274066103126
 20
6670.7055236082015
 10
5940.0
 20
6650.0
 10
5940.0
 20
6030.0
 10
5937.274066103126
 20
6009.2944763917985
 10
5929.282032302755
 20
5990.0
 10
5916.568542494924
 20
5973.431457505077
 10
5900.0
 20
5960.717967697245
 10
5880.7055236082015
 20
5952.725933896874
 10
5860.0
 20
5950.0
 10
5420.0
 20
5950.0
 10
5399.2944763917985
 20
5952.725933896874
 10
5380.0
 20
5960.717967697245
 10
5363.431457505076
 20
5973.431457505076
 10
5350.717967697245
 20
5990.0
 10
5342.725933896874
 20
6009.2944763917985
 10
5340.0
 20
6030.0
 10
5340.0
 20
6650.0
 10
5342.725933896874
 20
6670.7055236082015
 10
5350.717967697245
 20
6690.0
 10
5363.431457505076
 20
6706.568542494923
 10
5380.0
 20
6719.282032302755
 10
5399.2944763917985
 20
6727.274066103126
 10
5420.0
 20
6730.0
  0
HATCH
  5
386
330
17
100
AcDbEntity
  8
I-FURN
 62
7
420
7708333
100
AcDbHatch
 10
0.0
 20
0.0
 30
0.0
210
0.0
220
0.0
230
1.0
  2
SOLID
 70
1
 71
0
 91
1
 92
3
 72
0
 73
1
 93
28
 10
5860.0
 20
6730.0
 10
5880.7055236082015
 20
6727.274066103126
 10
5900.0
 20
6719.282032302755
 10
5916.568542494924
 20
6706.568542494923
 10
5929.282032302755
 20
6690.0
 10
5937.274066103126
 20
6670.7055236082015
 10
5940.0
 20
6650.0
 10
5940.0
 20
6030.0
 10
5937.274066103126
 20
6009.2944763917985
 10
5929.282032302755
 20
5990.0
 10
5916.568542494924
 20
5973.431457505077
 10
5900.0
 20
5960.717967697245
 10
5880.7055236082015
 20
5952.725933896874
 10
5860.0
 20
5950.0
 10
5420.0
 20
5950.0
 10
5399.2944763917985
 20
5952.725933896874
 10
5380.0
 20
5960.717967697245
 10
5363.431457505076
 20
5973.431457505076
 10
5350.717967697245
 20
5990.0
 10
5342.725933896874
 20
6009.2944763917985
 10
5340.0
 20
6030.0
 10
5340.0
 20
6650.0
 10
5342.725933896874
 20
6670.7055236082015
 10
5350.717967697245
 20
6690.0
 10
5363.431457505076
 20
6706.568542494923
 10
5380.0
 20
6719.282032302755
 10
5399.2944763917985
 20
6727.274066103126
 10
5420.0
 20
6730.0
 97
0
 75
1
 76
1
 98
0
  0
LWPOLYLINE
  5
387
330
17
100
AcDbEntity
  8
I-FURN
370
13
420
5009536
100
AcDbPolyline
 90
28
 70
1
 10
5860.0
 20
5920.0
 10
5880.7055236082015
 20
5917.274066103126
 10
5900.0
 20
5909.282032302755
 10
5916.568542494924
 20
5896.568542494924
 10
5929.282032302755
 20
5880.0
 10
5937.274066103126
 20
5860.7055236082015
 10
5940.0
 20
5840.0
 10
5940.0
 20
5220.0
 10
5937.274066103126
 20
5199.2944763917985
 10
5929.282032302755
 20
5180.0
 10
5916.568542494924
 20
5163.431457505076
 10
5900.0
 20
5150.717967697245
 10
5880.7055236082015
 20
5142.725933896874
 10
5860.0
 20
5140.0
 10
5420.0
 20
5140.0
 10
5399.2944763917985
 20
5142.725933896874
 10
5380.0
 20
5150.717967697245
 10
5363.431457505076
 20
5163.431457505076
 10
5350.717967697245
 20
5180.0
 10
5342.725933896874
 20
5199.2944763917985
 10
5340.0
 20
5220.0
 10
5340.0
 20
5840.0
 10
5342.725933896874
 20
5860.7055236082015
 10
5350.717967697245
 20
5880.0
 10
5363.431457505076
 20
5896.568542494924
 10
5380.0
 20
5909.282032302755
 10
5399.2944763917985
 20
5917.274066103126
 10
5420.0
 20
5920.0
  0
HATCH
  5
388
330
17
100
AcDbEntity
  8
I-FURN
 62
7
420
7708333
100
AcDbHatch
 10
0.0
 20
0.0
 30
0.0
210
0.0
220
0.0
230
1.0
  2
SOLID
 70
1
 71
0
 91
1
 92
3
 72
0
 73
1
 93
28
 10
5860.0
 20
5920.0
 10
5880.7055236082015
 20
5917.274066103126
 10
5900.0
 20
5909.282032302755
 10
5916.568542494924
 20
5896.568542494924
 10
5929.282032302755
 20
5880.0
 10
5937.274066103126
 20
5860.7055236082015
 10
5940.0
 20
5840.0
 10
5940.0
 20
5220.0
 10
5937.274066103126
 20
5199.2944763917985
 10
5929.282032302755
 20
5180.0
 10
5916.568542494924
 20
5163.431457505076
 10
5900.0
 20
5150.717967697245
 10
5880.7055236082015
 20
5142.725933896874
 10
5860.0
 20
5140.0
 10
5420.0
 20
5140.0
 10
5399.2944763917985
 20
5142.725933896874
 10
5380.0
 20
5150.717967697245
 10
5363.431457505076
 20
5163.431457505076
 10
5350.717967697245
 20
5180.0
 10
5342.725933896874
 20
5199.2944763917985
 10
5340.0
 20
5220.0
 10
5340.0
 20
5840.0
 10
5342.725933896874
 20
5860.7055236082015
 10
5350.717967697245
 20
5880.0
 10
5363.431457505076
 20
5896.568542494924
 10
5380.0
 20
5909.282032302755
 10
5399.2944763917985
 20
5917.274066103126
 10
5420.0
 20
5920.0
 97
0
 75
1
 76
1
 98
0
  0
LWPOLYLINE
  5
389
330
17
100
AcDbEntity
  8
I-FURN
370
5
100
AcDbPolyline
 90
28
 70
1
 10
5860.0
 20
6450.0
 10
5875.529142706151
 20
6447.955549577344
 10
5890.0
 20
6441.961524227067
 10
5902.426406871193
 20
6432.426406871193
 10
5911.961524227067
 20
6420.0
 10
5917.955549577344
 20
6405.529142706151
 10
5920.0
 20
6390.0
 10
5920.0
 20
6260.0
 10
5917.955549577344
 20
6244.470857293849
 10
5911.961524227067
 20
6230.0
 10
5902.426406871193
 20
6217.573593128807
 10
5890.0
 20
6208.038475772933
 10
5875.529142706151
 20
6202.044450422656
 10
5860.0
 20
6200.0
 10
5720.0
 20
6200.0
 10
5704.470857293849
 20
6202.044450422656
 10
5690.0
 20
6208.038475772933
 10
5677.573593128807
 20
6217.573593128807
 10
5668.038475772933
 20
6230.0
 10
5662.044450422656
 20
6244.470857293849
 10
5660.0
 20
6260.0
 10
5660.0
 20
6390.0
 10
5662.044450422656
 20
6405.529142706151
 10
5668.038475772933
 20
6420.0
 10
5677.573593128807
 20
6432.426406871193
 10
5690.0
 20
6441.961524227067
 10
5704.470857293849
 20
6447.955549577344
 10
5720.0
 20
6450.0
  0
HATCH
  5
38A
330
17
100
AcDbEntity
  8
I-FURN
 62
7
420
14723911
100
AcDbHatch
 10
0.0
 20
0.0
 30
0.0
210
0.0
220
0.0
230
1.0
  2
SOLID
 70
1
 71
0
 91
1
 92
3
 72
0
 73
1
 93
28
 10
5860.0
 20
6450.0
 10
5875.529142706151
 20
6447.955549577344
 10
5890.0
 20
6441.961524227067
 10
5902.426406871193
 20
6432.426406871193
 10
5911.961524227067
 20
6420.0
 10
5917.955549577344
 20
6405.529142706151
 10
5920.0
 20
6390.0
 10
5920.0
 20
6260.0
 10
5917.955549577344
 20
6244.470857293849
 10
5911.961524227067
 20
6230.0
 10
5902.426406871193
 20
6217.573593128807
 10
5890.0
 20
6208.038475772933
 10
5875.529142706151
 20
6202.044450422656
 10
5860.0
 20
6200.0
 10
5720.0
 20
6200.0
 10
5704.470857293849
 20
6202.044450422656
 10
5690.0
 20
6208.038475772933
 10
5677.573593128807
 20
6217.573593128807
 10
5668.038475772933
 20
6230.0
 10
5662.044450422656
 20
6244.470857293849
 10
5660.0
 20
6260.0
 10
5660.0
 20
6390.0
 10
5662.044450422656
 20
6405.529142706151
 10
5668.038475772933
 20
6420.0
 10
5677.573593128807
 20
6432.426406871193
 10
5690.0
 20
6441.961524227067
 10
5704.470857293849
 20
6447.955549577344
 10
5720.0
 20
6450.0
 97
0
 75
1
 76
1
 98
0
  0
LWPOLYLINE
  5
38B
330
17
100
AcDbEntity
  8
I-FURN
370
5
100
AcDbPolyline
 90
28
 70
1
 10
5860.0
 20
5600.0
 10
5875.529142706151
 20
5597.955549577344
 10
5890.0
 20
5591.961524227067
 10
5902.426406871193
 20
5582.426406871193
 10
5911.961524227067
 20
5570.0
 10
5917.955549577344
 20
5555.529142706151
 10
5920.0
 20
5540.0
 10
5920.0
 20
5410.0
 10
5917.955549577344
 20
5394.470857293849
 10
5911.961524227067
 20
5380.0
 10
5902.426406871193
 20
5367.573593128807
 10
5890.0
 20
5358.038475772933
 10
5875.529142706151
 20
5352.044450422656
 10
5860.0
 20
5350.0
 10
5720.0
 20
5350.0
 10
5704.470857293849
 20
5352.044450422656
 10
5690.0
 20
5358.038475772933
 10
5677.573593128807
 20
5367.573593128807
 10
5668.038475772933
 20
5380.0
 10
5662.044450422656
 20
5394.470857293849
 10
5660.0
 20
5410.0
 10
5660.0
 20
5540.0
 10
5662.044450422656
 20
5555.529142706151
 10
5668.038475772933
 20
5570.0
 10
5677.573593128807
 20
5582.426406871193
 10
5690.0
 20
5591.961524227067
 10
5704.470857293849
 20
5597.955549577344
 10
5720.0
 20
5600.0
  0
HATCH
  5
38C
330
17
100
AcDbEntity
  8
I-FURN
 62
7
420
15899008
100
AcDbHatch
 10
0.0
 20
0.0
 30
0.0
210
0.0
220
0.0
230
1.0
  2
SOLID
 70
1
 71
0
 91
1
 92
3
 72
0
 73
1
 93
28
 10
5860.0
 20
5600.0
 10
5875.529142706151
 20
5597.955549577344
 10
5890.0
 20
5591.961524227067
 10
5902.426406871193
 20
5582.426406871193
 10
5911.961524227067
 20
5570.0
 10
5917.955549577344
 20
5555.529142706151
 10
5920.0
 20
5540.0
 10
5920.0
 20
5410.0
 10
5917.955549577344
 20
5394.470857293849
 10
5911.961524227067
 20
5380.0
 10
5902.426406871193
 20
5367.573593128807
 10
5890.0
 20
5358.038475772933
 10
5875.529142706151
 20
5352.044450422656
 10
5860.0
 20
5350.0
 10
5720.0
 20
5350.0
 10
5704.470857293849
 20
5352.044450422656
 10
5690.0
 20
5358.038475772933
 10
5677.573593128807
 20
5367.573593128807
 10
5668.038475772933
 20
5380.0
 10
5662.044450422656
 20
5394.470857293849
 10
5660.0
 20
5410.0
 10
5660.0
 20
5540.0
 10
5662.044450422656
 20
5555.529142706151
 10
5668.038475772933
 20
5570.0
 10
5677.573593128807
 20
5582.426406871193
 10
5690.0
 20
5591.961524227067
 10
5704.470857293849
 20
5597.955549577344
 10
5720.0
 20
5600.0
 97
0
 75
1
 76
1
 98
0
  0
LWPOLYLINE
  5
38D
330
17
100
AcDbEntity
  8
I-FURN
370
13
420
5000274
100
AcDbPolyline
 90
48
 70
1
 10
6930.0
 20
5900.0
 10
6927.176804253358
 20
5845.178999267579
 10
6918.755522675392
 20
5791.29600105694
 10
6904.880245728725
 20
5739.272958406662
 10
6885.788383248864
 20
5690.0
 10
6861.8066022961075
 20
5644.320199816337
 10
6833.345237791561
 20
5603.015151901651
 10
6800.891271572878
 20
5566.791597077681
 10
6765.0
 20
5536.269330410536
 10
6726.28553268048
 20
5511.97059634526
 10
6685.410284883832
 20
5494.311152958591
 10
6643.073643432617
 20
5483.5931582230005
 10
6600.0
 20
5480.0
 10
6556.926356567383
 20
5483.5931582230005
 10
6514.589715116168
 20
5494.311152958591
 10
6473.714467319521
 20
5511.97059634526
 10
6435.0
 20
5536.269330410536
 10
6399.108728427122
 20
5566.791597077681
 10
6366.654762208439
 20
5603.015151901651
 10
6338.1933977038925
 20
5644.320199816337
 10
6314.211616751136
 20
5690.0
 10
6295.119754271275
 20
5739.272958406662
 10
6281.244477324608
 20
5791.29600105694
 10
6272.823195746642
 20
5845.178999267579
 10
6270.0
 20
5900.0
 10
6272.823195746642
 20
5954.821000732421
 10
6281.244477324608
 20
6008.703998943059
 10
6295.119754271275
 20
6060.727041593338
 10
6314.211616751135
 20
6110.0
 10
6338.1933977038925
 20
6155.679800183662
 10
6366.654762208439
 20
6196.98484809835
 10
6399.108728427122
 20
6233.208402922319
 10
6435.0
 20
6263.730669589464
 10
6473.714467319521
 20
6288.02940365474
 10
6514.589715116168
 20
6305.688847041409
 10
6556.926356567383
 20
6316.406841777
 10
6600.0
 20
6320.0
 10
6643.073643432617
 20
6316.406841777
 10
6685.410284883832
 20
6305.688847041409
 10
6726.285532680479
 20
6288.02940365474
 10
6765.0
 20
6263.730669589464
 10
6800.8912715728775
 20
6233.208402922319
 10
6833.34523779156
 20
6196.98484809835
 10
6861.8066022961075
 20
6155.679800183662
 10
6885.788383248864
 20
6110.0
 10
6904.880245728725
 20
6060.727041593338
 10
6918.755522675392
 20
6008.703998943059
 10
6927.176804253358
 20
5954.821000732421
  0
HATCH
  5
38E
330
17
100
AcDbEntity
  8
I-FURN
 62
7
420
11042905
100
AcDbHatch
 10
0.0
 20
0.0
 30
0.0
210
0.0
220
0.0
230
1.0
  2
SOLID
 70
1
 71
0
 91
1
 92
3
 72
0
 73
1
 93
48
 10
6930.0
 20
5900.0
 10
6927.176804253358
 20
5845.178999267579
 10
6918.755522675392
 20
5791.29600105694
 10
6904.880245728725
 20
5739.272958406662
 10
6885.788383248864
 20
5690.0
 10
6861.8066022961075
 20
5644.320199816337
 10
6833.345237791561
 20
5603.015151901651
 10
6800.891271572878
 20
5566.791597077681
 10
6765.0
 20
5536.269330410536
 10
6726.28553268048
 20
5511.97059634526
 10
6685.410284883832
 20
5494.311152958591
 10
6643.073643432617
 20
5483.5931582230005
 10
6600.0
 20
5480.0
 10
6556.926356567383
 20
5483.5931582230005
 10
6514.589715116168
 20
5494.311152958591
 10
6473.714467319521
 20
5511.97059634526
 10
6435.0
 20
5536.269330410536
 10
6399.108728427122
 20
5566.791597077681
 10
6366.654762208439
 20
5603.015151901651
 10
6338.1933977038925
 20
5644.320199816337
 10
6314.211616751136
 20
5690.0
 10
6295.119754271275
 20
5739.272958406662
 10
6281.244477324608
 20
5791.29600105694
 10
6272.823195746642
 20
5845.178999267579
 10
6270.0
 20
5900.0
 10
6272.823195746642
 20
5954.821000732421
 10
6281.244477324608
 20
6008.703998943059
 10
6295.119754271275
 20
6060.727041593338
 10
6314.211616751135
 20
6110.0
 10
6338.1933977038925
 20
6155.679800183662
 10
6366.654762208439
 20
6196.98484809835
 10
6399.108728427122
 20
6233.208402922319
 10
6435.0
 20
6263.730669589464
 10
6473.714467319521
 20
6288.02940365474
 10
6514.589715116168
 20
6305.688847041409
 10
6556.926356567383
 20
6316.406841777
 10
6600.0
 20
6320.0
 10
6643.073643432617
 20
6316.406841777
 10
6685.410284883832
 20
6305.688847041409
 10
6726.285532680479
 20
6288.02940365474
 10
6765.0
 20
6263.730669589464
 10
6800.8912715728775
 20
6233.208402922319
 10
6833.34523779156
 20
6196.98484809835
 10
6861.8066022961075
 20
6155.679800183662
 10
6885.788383248864
 20
6110.0
 10
6904.880245728725
 20
6060.727041593338
 10
6918.755522675392
 20
6008.703998943059
 10
6927.176804253358
 20
5954.821000732421
 97
0
 75
1
 76
1
 98
0
  0
CIRCLE
  5
38F
330
17
100
AcDbEntity
  8
I-FURN
370
13
420
5000274
100
AcDbCircle
 10
6600.0
 20
5900.0
 30
0.0
 40
90.0
  0
HATCH
  5
390
330
17
100
AcDbEntity
  8
I-FURN
 62
7
420
15921906
100
AcDbHatch
 10
0.0
 20
0.0
 30
0.0
210
0.0
220
0.0
230
1.0
  2
SOLID
 70
1
 71
0
 91
1
 92
1
 93
1
 72
2
 10
6600.0
 20
5900.0
 40
90
 50
0
 51
360
 73
1
 97
0
 75
1
 76
1
 98
0
  0
LWPOLYLINE
  5
391
330
17
100
AcDbEntity
  8
I-FURN
370
13
420
5000274
100
AcDbPolyline
 90
4
 70
1
 10
7600.0
 20
6050.0
 10
8000.0
 20
6050.0
 10
8000.0
 20
4950.0
 10
7600.0
 20
4950.0
  0
HATCH
  5
392
330
17
100
AcDbEntity
  8
I-FURN
 62
7
420
7886656
100
AcDbHatch
 10
0.0
 20
0.0
 30
0.0
210
0.0
220
0.0
230
1.0
  2
SOLID
 70
1
 71
0
 91
1
 92
3
 72
0
 73
1
 93
4
 10
7600.0
 20
6050.0
 10
8000.0
 20
6050.0
 10
8000.0
 20
4950.0
 10
7600.0
 20
4950.0
 97
0
 75
1
 76
1
 98
0
  0
LWPOLYLINE
  5
393
330
17
100
AcDbEntity
  8
I-FURN
370
5
100
AcDbPolyline
 90
4
 70
1
 10
7930.0
 20
5900.0
 10
7980.0
 20
5900.0
 10
7980.0
 20
5100.0
 10
7930.0
 20
5100.0
  0
HATCH
  5
394
330
17
100
AcDbEntity
  8
I-FURN
 62
7
420
855311
100
AcDbHatch
 10
0.0
 20
0.0
 30
0.0
210
0.0
220
0.0
230
1.0
  2
SOLID
 70
1
 71
0
 91
1
 92
3
 72
0
 73
1
 93
4
 10
7930.0
 20
5900.0
 10
7980.0
 20
5900.0
 10
7980.0
 20
5100.0
 10
7930.0
 20
5100.0
 97
0
 75
1
 76
1
 98
0
  0
CIRCLE
  5
395
330
17
100
AcDbEntity
  8
I-PLANT
370
13
420
3698749
100
AcDbCircle
 10
5400.0
 20
7200.0
 30
0.0
 40
220.0
  0
HATCH
  5
396
330
17
100
AcDbEntity
  8
I-PLANT
 62
7
420
6068572
100
AcDbHatch
 10
0.0
 20
0.0
 30
0.0
210
0.0
220
0.0
230
1.0
  2
SOLID
 70
1
 71
0
 91
1
 92
1
 93
1
 72
2
 10
5400.0
 20
7200.0
 40
220
 50
0
 51
360
 73
1
 97
0
 75
1
 76
1
 98
0
  0
LWPOLYLINE
  5
397
330
17
100
AcDbEntity
  8
I-PLANT
370
9
420
3698749
100
AcDbPolyline
 90
48
 70
1
 10
5589.895967548208
 20
7182.808830410974
 10
5589.105472739148
 20
7176.491362707524
 10
5586.747513897319
 20
7170.281988628012
 10
5582.862436352251
 20
7164.286952284504
 10
5577.51671485789
 20
7158.608830410974
 10
5570.801816191119
 20
7153.344777246952
 10
5562.832634129845
 20
7148.584862201546
 10
5553.745523588615
 20
7144.410528740878
 10
5543.6959675482085
 20
7140.8932008678075
 10
5532.8559166987425
 20
7138.093061037428
 10
5521.410847315681
 20
7136.0580204185835
 10
5509.556587709341
 20
7134.822899120481
 10
5497.495967548209
 20
7134.408830410975
 10
5485.435347387076
 20
7134.822899120481
 10
5473.581087780735
 20
7136.0580204185835
 10
5462.136018397674
 20
7138.093061037428
 10
5451.295967548209
 20
7140.8932008678075
 10
5441.246411507803
 20
7144.410528740878
 10
5432.159300966571
 20
7148.584862201546
 10
5424.190118905299
 20
7153.344777246952
 10
5417.475220238526
 20
7158.608830410974
 10
5412.129498744166
 20
7164.286952284504
 10
5408.244421199099
 20
7170.281988628012
 10
5405.886462357268
 20
7176.491362707524
 10
5405.095967548208
 20
7182.808830410974
 10
5405.886462357268
 20
7189.126298114425
 10
5408.244421199099
 20
7195.335672193936
 10
5412.129498744166
 20
7201.3307085374445
 10
5417.475220238526
 20
7207.008830410974
 10
5424.190118905299
 20
7212.272883574997
 10
5432.159300966571
 20
7217.032798620403
 10
5441.246411507803
 20
7221.20713208107
 10
5451.295967548209
 20
7224.724459954141
 10
5462.136018397674
 20
7227.52459978452
 10
5473.581087780735
 20
7229.559640403365
 10
5485.435347387076
 20
7230.794761701467
 10
5497.495967548209
 20
7231.208830410974
 10
5509.556587709341
 20
7230.794761701467
 10
5521.410847315681
 20
7229.559640403365
 10
5532.8559166987425
 20
7227.52459978452
 10
5543.6959675482085
 20
7224.724459954141
 10
5553.745523588615
 20
7221.20713208107
 10
5562.832634129845
 20
7217.032798620403
 10
5570.801816191119
 20
7212.272883574997
 10
5577.51671485789
 20
7207.008830410974
 10
5582.862436352251
 20
7201.3307085374445
 10
5586.747513897319
 20
7195.335672193936
 10
5589.105472739148
 20
7189.126298114425
  0
HATCH
  5
398
330
17
100
AcDbEntity
  8
I-PLANT
 62
7
420
7582315
100
AcDbHatch
 10
0.0
 20
0.0
 30
0.0
210
0.0
220
0.0
230
1.0
  2
SOLID
 70
1
 71
0
 91
1
 92
3
 72
0
 73
1
 93
48
 10
5589.895967548208
 20
7182.808830410974
 10
5589.105472739148
 20
7176.491362707524
 10
5586.747513897319
 20
7170.281988628012
 10
5582.862436352251
 20
7164.286952284504
 10
5577.51671485789
 20
7158.608830410974
 10
5570.801816191119
 20
7153.344777246952
 10
5562.832634129845
 20
7148.584862201546
 10
5553.745523588615
 20
7144.410528740878
 10
5543.6959675482085
 20
7140.8932008678075
 10
5532.8559166987425
 20
7138.093061037428
 10
5521.410847315681
 20
7136.0580204185835
 10
5509.556587709341
 20
7134.822899120481
 10
5497.495967548209
 20
7134.408830410975
 10
5485.435347387076
 20
7134.822899120481
 10
5473.581087780735
 20
7136.0580204185835
 10
5462.136018397674
 20
7138.093061037428
 10
5451.295967548209
 20
7140.8932008678075
 10
5441.246411507803
 20
7144.410528740878
 10
5432.159300966571
 20
7148.584862201546
 10
5424.190118905299
 20
7153.344777246952
 10
5417.475220238526
 20
7158.608830410974
 10
5412.129498744166
 20
7164.286952284504
 10
5408.244421199099
 20
7170.281988628012
 10
5405.886462357268
 20
7176.491362707524
 10
5405.095967548208
 20
7182.808830410974
 10
5405.886462357268
 20
7189.126298114425
 10
5408.244421199099
 20
7195.335672193936
 10
5412.129498744166
 20
7201.3307085374445
 10
5417.475220238526
 20
7207.008830410974
 10
5424.190118905299
 20
7212.272883574997
 10
5432.159300966571
 20
7217.032798620403
 10
5441.246411507803
 20
7221.20713208107
 10
5451.295967548209
 20
7224.724459954141
 10
5462.136018397674
 20
7227.52459978452
 10
5473.581087780735
 20
7229.559640403365
 10
5485.435347387076
 20
7230.794761701467
 10
5497.495967548209
 20
7231.208830410974
 10
5509.556587709341
 20
7230.794761701467
 10
5521.410847315681
 20
7229.559640403365
 10
5532.8559166987425
 20
7227.52459978452
 10
5543.6959675482085
 20
7224.724459954141
 10
5553.745523588615
 20
7221.20713208107
 10
5562.832634129845
 20
7217.032798620403
 10
5570.801816191119
 20
7212.272883574997
 10
5577.51671485789
 20
7207.008830410974
 10
5582.862436352251
 20
7201.3307085374445
 10
5586.747513897319
 20
7195.335672193936
 10
5589.105472739148
 20
7189.126298114425
 97
0
 75
1
 76
1
 98
0
  0
LWPOLYLINE
  5
399
330
17
100
AcDbEntity
  8
I-PLANT
370
9
420
3698749
100
AcDbPolyline
 90
48
 70
1
 10
5539.747143883511
 20
7113.056064236347
 10
5538.956649074451
 20
7106.738596532897
 10
5536.59869023262
 20
7100.529222453385
 10
5532.713612687553
 20
7094.534186109877
 10
5527.367891193193
 20
7088.856064236347
 10
5520.65299252642
 20
7083.592011072325
 10
5512.683810465148
 20
7078.832096026918
 10
5503.596699923916
 20
7074.657762566251
 10
5493.54714388351
 20
7071.14043469318
 10
5482.707093034045
 20
7068.340294862801
 10
5471.262023650984
 20
7066.305254243956
 10
5459.407764044643
 20
7065.070132945854
 10
5447.34714388351
 20
7064.656064236347
 10
5435.286523722378
 20
7065.070132945854
 10
5423.432264116038
 20
7066.305254243956
 10
5411.987194732977
 20
7068.340294862801
 10
5401.147143883511
 20
7071.14043469318
 10
5391.0975878431045
 20
7074.657762566251
 10
5382.010477301874
 20
7078.832096026918
 10
5374.0412952406
 20
7083.592011072325
 10
5367.326396573829
 20
7088.856064236347
 10
5361.980675079468
 20
7094.534186109877
 10
5358.0955975344
 20
7100.529222453385
 10
5355.737638692571
 20
7106.738596532897
 10
5354.947143883511
 20
7113.056064236347
 10
5355.737638692571
 20
7119.373531939797
 10
5358.0955975344
 20
7125.582906019309
 10
5361.980675079468
 20
7131.577942362817
 10
5367.326396573829
 20
7137.256064236347
 10
5374.0412952406
 20
7142.52011740037
 10
5382.010477301874
 20
7147.280032445776
 10
5391.0975878431045
 20
7151.454365906443
 10
5401.147143883511
 20
7154.971693779514
 10
5411.987194732977
 20
7157.771833609893
 10
5423.432264116038
 20
7159.806874228738
 10
5435.286523722378
 20
7161.04199552684
 10
5447.34714388351
 20
7161.456064236347
 10
5459.407764044643
 20
7161.04199552684
 10
5471.262023650984
 20
7159.806874228738
 10
5482.707093034045
 20
7157.771833609893
 10
5493.54714388351
 20
7154.971693779514
 10
5503.596699923916
 20
7151.454365906443
 10
5512.683810465148
 20
7147.280032445776
 10
5520.65299252642
 20
7142.52011740037
 10
5527.367891193193
 20
7137.256064236347
 10
5532.713612687553
 20
7131.577942362817
 10
5536.59869023262
 20
7125.582906019309
 10
5538.956649074451
 20
7119.373531939797
  0
HATCH
  5
39A
330
17
100
AcDbEntity
  8
I-PLANT
 62
7
420
7582315
100
AcDbHatch
 10
0.0
 20
0.0
 30
0.0
210
0.0
220
0.0
230
1.0
  2
SOLID
 70
1
 71
0
 91
1
 92
3
 72
0
 73
1
 93
48
 10
5539.747143883511
 20
7113.056064236347
 10
5538.956649074451
 20
7106.738596532897
 10
5536.59869023262
 20
7100.529222453385
 10
5532.713612687553
 20
7094.534186109877
 10
5527.367891193193
 20
7088.856064236347
 10
5520.65299252642
 20
7083.592011072325
 10
5512.683810465148
 20
7078.832096026918
 10
5503.596699923916
 20
7074.657762566251
 10
5493.54714388351
 20
7071.14043469318
 10
5482.707093034045
 20
7068.340294862801
 10
5471.262023650984
 20
7066.305254243956
 10
5459.407764044643
 20
7065.070132945854
 10
5447.34714388351
 20
7064.656064236347
 10
5435.286523722378
 20
7065.070132945854
 10
5423.432264116038
 20
7066.305254243956
 10
5411.987194732977
 20
7068.340294862801
 10
5401.147143883511
 20
7071.14043469318
 10
5391.0975878431045
 20
7074.657762566251
 10
5382.010477301874
 20
7078.832096026918
 10
5374.0412952406
 20
7083.592011072325
 10
5367.326396573829
 20
7088.856064236347
 10
5361.980675079468
 20
7094.534186109877
 10
5358.0955975344
 20
7100.529222453385
 10
5355.737638692571
 20
7106.738596532897
 10
5354.947143883511
 20
7113.056064236347
 10
5355.737638692571
 20
7119.373531939797
 10
5358.0955975344
 20
7125.582906019309
 10
5361.980675079468
 20
7131.577942362817
 10
5367.326396573829
 20
7137.256064236347
 10
5374.0412952406
 20
7142.52011740037
 10
5382.010477301874
 20
7147.280032445776
 10
5391.0975878431045
 20
7151.454365906443
 10
5401.147143883511
 20
7154.971693779514
 10
5411.987194732977
 20
7157.771833609893
 10
5423.432264116038
 20
7159.806874228738
 10
5435.286523722378
 20
7161.04199552684
 10
5447.34714388351
 20
7161.456064236347
 10
5459.407764044643
 20
7161.04199552684
 10
5471.262023650984
 20
7159.806874228738
 10
5482.707093034045
 20
7157.771833609893
 10
5493.54714388351
 20
7154.971693779514
 10
5503.596699923916
 20
7151.454365906443
 10
5512.683810465148
 20
7147.280032445776
 10
5520.65299252642
 20
7142.52011740037
 10
5527.367891193193
 20
7137.256064236347
 10
5532.713612687553
 20
7131.577942362817
 10
5536.59869023262
 20
7125.582906019309
 10
5538.956649074451
 20
7119.373531939797
 97
0
 75
1
 76
1
 98
0
  0
LWPOLYLINE
  5
39B
330
17
100
AcDbEntity
  8
I-PLANT
370
9
420
3698749
100
AcDbPolyline
 90
48
 70
1
 10
5453.944955168805
 20
7108.77385502483
 10
5453.154460359745
 20
7102.456387321379
 10
5450.796501517915
 20
7096.2470132418675
 10
5446.911423972848
 20
7090.251976898359
 10
5441.565702478488
 20
7084.57385502483
 10
5434.850803811715
 20
7079.309801860807
 10
5426.881621750443
 20
7074.549886815401
 10
5417.794511209211
 20
7070.375553354734
 10
5407.744955168805
 20
7066.858225481663
 10
5396.90490431934
 20
7064.058085651283
 10
5385.459834936279
 20
7062.023045032439
 10
5373.605575329938
 20
7060.787923734337
 10
5361.544955168805
 20
7060.37385502483
 10
5349.484335007673
 20
7060.787923734337
 10
5337.630075401333
 20
7062.023045032439
 10
5326.1850060182705
 20
7064.058085651283
 10
5315.344955168805
 20
7066.858225481663
 10
5305.295399128399
 20
7070.375553354734
 10
5296.208288587169
 20
7074.549886815401
 10
5288.239106525895
 20
7079.309801860807
 10
5281.524207859123
 20
7084.57385502483
 10
5276.178486364763
 20
7090.251976898359
 10
5272.293408819695
 20
7096.2470132418675
 10
5269.935449977866
 20
7102.456387321379
 10
5269.144955168806
 20
7108.77385502483
 10
5269.935449977866
 20
7115.09132272828
 10
5272.293408819695
 20
7121.300696807792
 10
5276.178486364763
 20
7127.2957331513
 10
5281.524207859123
 20
7132.973855024829
 10
5288.239106525895
 20
7138.237908188852
 10
5296.208288587168
 20
7142.997823234258
 10
5305.295399128399
 20
7147.172156694925
 10
5315.344955168805
 20
7150.689484567996
 10
5326.1850060182705
 20
7153.489624398376
 10
5337.630075401333
 20
7155.52466501722
 10
5349.484335007673
 20
7156.759786315322
 10
5361.544955168805
 20
7157.173855024829
 10
5373.605575329938
 20
7156.759786315322
 10
5385.459834936278
 20
7155.52466501722
 10
5396.904904319339
 20
7153.489624398376
 10
5407.744955168805
 20
7150.689484567996
 10
5417.794511209211
 20
7147.172156694925
 10
5426.881621750442
 20
7142.997823234258
 10
5434.850803811715
 20
7138.237908188852
 10
5441.565702478487
 20
7132.973855024829
 10
5446.911423972848
 20
7127.2957331513
 10
5450.796501517915
 20
7121.300696807792
 10
5453.154460359745
 20
7115.09132272828
  0
HATCH
  5
39C
330
17
100
AcDbEntity
  8
I-PLANT
 62
7
420
7582315
100
AcDbHatch
 10
0.0
 20
0.0
 30
0.0
210
0.0
220
0.0
230
1.0
  2
SOLID
 70
1
 71
0
 91
1
 92
3
 72
0
 73
1
 93
48
 10
5453.944955168805
 20
7108.77385502483
 10
5453.154460359745
 20
7102.456387321379
 10
5450.796501517915
 20
7096.2470132418675
 10
5446.911423972848
 20
7090.251976898359
 10
5441.565702478488
 20
7084.57385502483
 10
5434.850803811715
 20
7079.309801860807
 10
5426.881621750443
 20
7074.549886815401
 10
5417.794511209211
 20
7070.375553354734
 10
5407.744955168805
 20
7066.858225481663
 10
5396.90490431934
 20
7064.058085651283
 10
5385.459834936279
 20
7062.023045032439
 10
5373.605575329938
 20
7060.787923734337
 10
5361.544955168805
 20
7060.37385502483
 10
5349.484335007673
 20
7060.787923734337
 10
5337.630075401333
 20
7062.023045032439
 10
5326.1850060182705
 20
7064.058085651283
 10
5315.344955168805
 20
7066.858225481663
 10
5305.295399128399
 20
7070.375553354734
 10
5296.208288587169
 20
7074.549886815401
 10
5288.239106525895
 20
7079.309801860807
 10
5281.524207859123
 20
7084.57385502483
 10
5276.178486364763
 20
7090.251976898359
 10
5272.293408819695
 20
7096.2470132418675
 10
5269.935449977866
 20
7102.456387321379
 10
5269.144955168806
 20
7108.77385502483
 10
5269.935449977866
 20
7115.09132272828
 10
5272.293408819695
 20
7121.300696807792
 10
5276.178486364763
 20
7127.2957331513
 10
5281.524207859123
 20
7132.973855024829
 10
5288.239106525895
 20
7138.237908188852
 10
5296.208288587168
 20
7142.997823234258
 10
5305.295399128399
 20
7147.172156694925
 10
5315.344955168805
 20
7150.689484567996
 10
5326.1850060182705
 20
7153.489624398376
 10
5337.630075401333
 20
7155.52466501722
 10
5349.484335007673
 20
7156.759786315322
 10
5361.544955168805
 20
7157.173855024829
 10
5373.605575329938
 20
7156.759786315322
 10
5385.459834936278
 20
7155.52466501722
 10
5396.904904319339
 20
7153.489624398376
 10
5407.744955168805
 20
7150.689484567996
 10
5417.794511209211
 20
7147.172156694925
 10
5426.881621750442
 20
7142.997823234258
 10
5434.850803811715
 20
7138.237908188852
 10
5441.565702478487
 20
7132.973855024829
 10
5446.911423972848
 20
7127.2957331513
 10
5450.796501517915
 20
7121.300696807792
 10
5453.154460359745
 20
7115.09132272828
 97
0
 75
1
 76
1
 98
0
  0
LWPOLYLINE
  5
39D
330
17
100
AcDbEntity
  8
I-PLANT
370
9
420
3698749
100
AcDbPolyline
 90
48
 70
1
 10
5397.100199551949
 20
7173.186793653843
 10
5396.309704742889
 20
7166.8693259503925
 10
5393.9517459010585
 20
7160.659951870881
 10
5390.066668355992
 20
7154.664915527373
 10
5384.720946861631
 20
7148.986793653843
 10
5378.0060481948585
 20
7143.72274048982
 10
5370.036866133586
 20
7138.962825444414
 10
5360.949755592354
 20
7134.788491983747
 10
5350.900199551948
 20
7131.271164110676
 10
5340.060148702483
 20
7128.471024280297
 10
5328.615079319422
 20
7126.435983661452
 10
5316.760819713081
 20
7125.20086236335
 10
5304.700199551949
 20
7124.786793653843
 10
5292.639579390816
 20
7125.20086236335
 10
5280.785319784476
 20
7126.435983661452
 10
5269.340250401415
 20
7128.471024280297
 10
5258.500199551949
 20
7131.271164110676
 10
5248.450643511543
 20
7134.788491983747
 10
5239.363532970312
 20
7138.962825444414
 10
5231.394350909039
 20
7143.72274048982
 10
5224.679452242267
 20
7148.986793653843
 10
5219.333730747906
 20
7154.664915527373
 10
5215.448653202839
 20
7160.659951870881
 10
5213.090694361009
 20
7166.8693259503925
 10
5212.300199551949
 20
7173.186793653843
 10
5213.090694361009
 20
7179.504261357293
 10
5215.448653202839
 20
7185.713635436805
 10
5219.333730747906
 20
7191.708671780313
 10
5224.679452242267
 20
7197.386793653843
 10
5231.394350909039
 20
7202.650846817865
 10
5239.363532970312
 20
7207.410761863272
 10
5248.450643511543
 20
7211.585095323939
 10
5258.500199551949
 20
7215.10242319701
 10
5269.340250401415
 20
7217.902563027389
 10
5280.785319784476
 20
7219.937603646234
 10
5292.639579390816
 20
7221.172724944336
 10
5304.700199551949
 20
7221.5867936538425
 10
5316.760819713081
 20
7221.172724944336
 10
5328.615079319422
 20
7219.937603646234
 10
5340.060148702483
 20
7217.902563027389
 10
5350.900199551948
 20
7215.10242319701
 10
5360.949755592354
 20
7211.585095323939
 10
5370.036866133586
 20
7207.410761863272
 10
5378.0060481948585
 20
7202.650846817865
 10
5384.720946861631
 20
7197.386793653843
 10
5390.066668355992
 20
7191.708671780313
 10
5393.9517459010585
 20
7185.713635436805
 10
5396.309704742889
 20
7179.504261357293
  0
HATCH
  5
39E
330
17
100
AcDbEntity
  8
I-PLANT
 62
7
420
7582315
100
AcDbHatch
 10
0.0
 20
0.0
 30
0.0
210
0.0
220
0.0
230
1.0
  2
SOLID
 70
1
 71
0
 91
1
 92
3
 72
0
 73
1
 93
48
 10
5397.100199551949
 20
7173.186793653843
 10
5396.309704742889
 20
7166.8693259503925
 10
5393.9517459010585
 20
7160.659951870881
 10
5390.066668355992
 20
7154.664915527373
 10
5384.720946861631
 20
7148.986793653843
 10
5378.0060481948585
 20
7143.72274048982
 10
5370.036866133586
 20
7138.962825444414
 10
5360.949755592354
 20
7134.788491983747
 10
5350.900199551948
 20
7131.271164110676
 10
5340.060148702483
 20
7128.471024280297
 10
5328.615079319422
 20
7126.435983661452
 10
5316.760819713081
 20
7125.20086236335
 10
5304.700199551949
 20
7124.786793653843
 10
5292.639579390816
 20
7125.20086236335
 10
5280.785319784476
 20
7126.435983661452
 10
5269.340250401415
 20
7128.471024280297
 10
5258.500199551949
 20
7131.271164110676
 10
5248.450643511543
 20
7134.788491983747
 10
5239.363532970312
 20
7138.962825444414
 10
5231.394350909039
 20
7143.72274048982
 10
5224.679452242267
 20
7148.986793653843
 10
5219.333730747906
 20
7154.664915527373
 10
5215.448653202839
 20
7160.659951870881
 10
5213.090694361009
 20
7166.8693259503925
 10
5212.300199551949
 20
7173.186793653843
 10
5213.090694361009
 20
7179.504261357293
 10
5215.448653202839
 20
7185.713635436805
 10
5219.333730747906
 20
7191.708671780313
 10
5224.679452242267
 20
7197.386793653843
 10
5231.394350909039
 20
7202.650846817865
 10
5239.363532970312
 20
7207.410761863272
 10
5248.450643511543
 20
7211.585095323939
 10
5258.500199551949
 20
7215.10242319701
 10
5269.340250401415
 20
7217.902563027389
 10
5280.785319784476
 20
7219.937603646234
 10
5292.639579390816
 20
7221.172724944336
 10
5304.700199551949
 20
7221.5867936538425
 10
5316.760819713081
 20
7221.172724944336
 10
5328.615079319422
 20
7219.937603646234
 10
5340.060148702483
 20
7217.902563027389
 10
5350.900199551948
 20
7215.10242319701
 10
5360.949755592354
 20
7211.585095323939
 10
5370.036866133586
 20
7207.410761863272
 10
5378.0060481948585
 20
7202.650846817865
 10
5384.720946861631
 20
7197.386793653843
 10
5390.066668355992
 20
7191.708671780313
 10
5393.9517459010585
 20
7185.713635436805
 10
5396.309704742889
 20
7179.504261357293
 97
0
 75
1
 76
1
 98
0
  0
LWPOLYLINE
  5
39F
330
17
100
AcDbEntity
  8
I-PLANT
370
9
420
3698749
100
AcDbPolyline
 90
48
 70
1
 10
5412.01813743413
 20
7257.790623551245
 10
5411.22764262507
 20
7251.473155847794
 10
5408.86968378324
 20
7245.263781768283
 10
5404.984606238173
 20
7239.268745424774
 10
5399.638884743812
 20
7233.590623551245
 10
5392.92398607704
 20
7228.326570387222
 10
5384.954804015767
 20
7223.566655341816
 10
5375.867693474536
 20
7219.392321881149
 10
5365.81813743413
 20
7215.874994008078
 10
5354.978086584664
 20
7213.074854177698
 10
5343.533017201603
 20
7211.039813558854
 10
5331.678757595263
 20
7209.804692260752
 10
5319.61813743413
 20
7209.390623551245
 10
5307.557517272998
 20
7209.804692260752
 10
5295.703257666657
 20
7211.039813558854
 10
5284.258188283596
 20
7213.074854177698
 10
5273.418137434131
 20
7215.874994008078
 10
5263.3685813937245
 20
7219.392321881149
 10
5254.281470852493
 20
7223.566655341816
 10
5246.31228879122
 20
7228.326570387222
 10
5239.597390124448
 20
7233.590623551245
 10
5234.251668630088
 20
7239.268745424774
 10
5230.36659108502
 20
7245.263781768283
 10
5228.00863224319
 20
7251.473155847794
 10
5227.21813743413
 20
7257.790623551245
 10
5228.00863224319
 20
7264.108091254695
 10
5230.36659108502
 20
7270.317465334207
 10
5234.251668630088
 20
7276.312501677715
 10
5239.597390124448
 20
7281.990623551244
 10
5246.31228879122
 20
7287.254676715267
 10
5254.281470852493
 20
7292.014591760673
 10
5263.3685813937245
 20
7296.1889252213405
 10
5273.418137434131
 20
7299.706253094411
 10
5284.258188283596
 20
7302.506392924791
 10
5295.703257666657
 20
7304.541433543635
 10
5307.557517272998
 20
7305.776554841737
 10
5319.61813743413
 20
7306.190623551244
 10
5331.678757595263
 20
7305.776554841737
 10
5343.533017201603
 20
7304.541433543635
 10
5354.978086584664
 20
7302.506392924791
 10
5365.81813743413
 20
7299.706253094411
 10
5375.867693474536
 20
7296.1889252213405
 10
5384.954804015767
 20
7292.014591760673
 10
5392.92398607704
 20
7287.254676715267
 10
5399.638884743812
 20
7281.990623551244
 10
5404.984606238173
 20
7276.312501677715
 10
5408.86968378324
 20
7270.317465334207
 10
5411.22764262507
 20
7264.108091254695
  0
HATCH
  5
3A0
330
17
100
AcDbEntity
  8
I-PLANT
 62
7
420
7582315
100
AcDbHatch
 10
0.0
 20
0.0
 30
0.0
210
0.0
220
0.0
230
1.0
  2
SOLID
 70
1
 71
0
 91
1
 92
3
 72
0
 73
1
 93
48
 10
5412.01813743413
 20
7257.790623551245
 10
5411.22764262507
 20
7251.473155847794
 10
5408.86968378324
 20
7245.263781768283
 10
5404.984606238173
 20
7239.268745424774
 10
5399.638884743812
 20
7233.590623551245
 10
5392.92398607704
 20
7228.326570387222
 10
5384.954804015767
 20
7223.566655341816
 10
5375.867693474536
 20
7219.392321881149
 10
5365.81813743413
 20
7215.874994008078
 10
5354.978086584664
 20
7213.074854177698
 10
5343.533017201603
 20
7211.039813558854
 10
5331.678757595263
 20
7209.804692260752
 10
5319.61813743413
 20
7209.390623551245
 10
5307.557517272998
 20
7209.804692260752
 10
5295.703257666657
 20
7211.039813558854
 10
5284.258188283596
 20
7213.074854177698
 10
5273.418137434131
 20
7215.874994008078
 10
5263.3685813937245
 20
7219.392321881149
 10
5254.281470852493
 20
7223.566655341816
 10
5246.31228879122
 20
7228.326570387222
 10
5239.597390124448
 20
7233.590623551245
 10
5234.251668630088
 20
7239.268745424774
 10
5230.36659108502
 20
7245.263781768283
 10
5228.00863224319
 20
7251.473155847794
 10
5227.21813743413
 20
7257.790623551245
 10
5228.00863224319
 20
7264.108091254695
 10
5230.36659108502
 20
7270.317465334207
 10
5234.251668630088
 20
7276.312501677715
 10
5239.597390124448
 20
7281.990623551244
 10
5246.31228879122
 20
7287.254676715267
 10
5254.281470852493
 20
7292.014591760673
 10
5263.3685813937245
 20
7296.1889252213405
 10
5273.418137434131
 20
7299.706253094411
 10
5284.258188283596
 20
7302.506392924791
 10
5295.703257666657
 20
7304.541433543635
 10
5307.557517272998
 20
7305.776554841737
 10
5319.61813743413
 20
7306.190623551244
 10
5331.678757595263
 20
7305.776554841737
 10
5343.533017201603
 20
7304.541433543635
 10
5354.978086584664
 20
7302.506392924791
 10
5365.81813743413
 20
7299.706253094411
 10
5375.867693474536
 20
7296.1889252213405
 10
5384.954804015767
 20
7292.014591760673
 10
5392.92398607704
 20
7287.254676715267
 10
5399.638884743812
 20
7281.990623551244
 10
5404.984606238173
 20
7276.312501677715
 10
5408.86968378324
 20
7270.317465334207
 10
5411.22764262507
 20
7264.108091254695
 97
0
 75
1
 76
1
 98
0
  0
LWPOLYLINE
  5
3A1
330
17
100
AcDbEntity
  8
I-PLANT
370
9
420
3698749
100
AcDbPolyline
 90
48
 70
1
 10
5487.465257319591
 20
7298.876935200673
 10
5486.674762510531
 20
7292.559467497223
 10
5484.316803668701
 20
7286.350093417711
 10
5480.431726123634
 20
7280.355057074203
 10
5475.086004629273
 20
7274.676935200673
 10
5468.371105962501
 20
7269.41288203665
 10
5460.401923901228
 20
7264.652966991244
 10
5451.314813359997
 20
7260.478633530577
 10
5441.265257319591
 20
7256.961305657506
 10
5430.425206470125
 20
7254.161165827127
 10
5418.980137087064
 20
7252.126125208282
 10
5407.125877480724
 20
7250.89100391018
 10
5395.065257319591
 20
7250.476935200673
 10
5383.0046371584585
 20
7250.89100391018
 10
5371.150377552118
 20
7252.126125208282
 10
5359.7053081690565
 20
7254.161165827127
 10
5348.865257319591
 20
7256.961305657506
 10
5338.815701279185
 20
7260.478633530577
 10
5329.728590737954
 20
7264.652966991244
 10
5321.759408676681
 20
7269.41288203665
 10
5315.044510009909
 20
7274.676935200673
 10
5309.698788515549
 20
7280.355057074203
 10
5305.813710970481
 20
7286.350093417711
 10
5303.455752128651
 20
7292.559467497223
 10
5302.665257319591
 20
7298.876935200673
 10
5303.455752128651
 20
7305.194402904123
 10
5305.813710970481
 20
7311.403776983635
 10
5309.698788515549
 20
7317.398813327143
 10
5315.044510009909
 20
7323.076935200673
 10
5321.759408676681
 20
7328.3409883646955
 10
5329.728590737954
 20
7333.100903410102
 10
5338.815701279185
 20
7337.275236870769
 10
5348.865257319591
 20
7340.79256474384
 10
5359.7053081690565
 20
7343.592704574219
 10
5371.150377552118
 20
7345.627745193064
 10
5383.0046371584585
 20
7346.862866491166
 10
5395.065257319591
 20
7347.276935200673
 10
5407.125877480724
 20
7346.862866491166
 10
5418.980137087064
 20
7345.627745193064
 10
5430.425206470125
 20
7343.592704574219
 10
5441.265257319591
 20
7340.79256474384
 10
5451.314813359997
 20
7337.275236870769
 10
5460.401923901228
 20
7333.100903410102
 10
5468.371105962501
 20
7328.3409883646955
 10
5475.086004629273
 20
7323.076935200673
 10
5480.431726123634
 20
7317.398813327143
 10
5484.316803668701
 20
7311.403776983635
 10
5486.674762510531
 20
7305.194402904123
  0
HATCH
  5
3A2
330
17
100
AcDbEntity
  8
I-PLANT
 62
7
420
7582315
100
AcDbHatch
 10
0.0
 20
0.0
 30
0.0
210
0.0
220
0.0
230
1.0
  2
SOLID
 70
1
 71
0
 91
1
 92
3
 72
0
 73
1
 93
48
 10
5487.465257319591
 20
7298.876935200673
 10
5486.674762510531
 20
7292.559467497223
 10
5484.316803668701
 20
7286.350093417711
 10
5480.431726123634
 20
7280.355057074203
 10
5475.086004629273
 20
7274.676935200673
 10
5468.371105962501
 20
7269.41288203665
 10
5460.401923901228
 20
7264.652966991244
 10
5451.314813359997
 20
7260.478633530577
 10
5441.265257319591
 20
7256.961305657506
 10
5430.425206470125
 20
7254.161165827127
 10
5418.980137087064
 20
7252.126125208282
 10
5407.125877480724
 20
7250.89100391018
 10
5395.065257319591
 20
7250.476935200673
 10
5383.0046371584585
 20
7250.89100391018
 10
5371.150377552118
 20
7252.126125208282
 10
5359.7053081690565
 20
7254.161165827127
 10
5348.865257319591
 20
7256.961305657506
 10
5338.815701279185
 20
7260.478633530577
 10
5329.728590737954
 20
7264.652966991244
 10
5321.759408676681
 20
7269.41288203665
 10
5315.044510009909
 20
7274.676935200673
 10
5309.698788515549
 20
7280.355057074203
 10
5305.813710970481
 20
7286.350093417711
 10
5303.455752128651
 20
7292.559467497223
 10
5302.665257319591
 20
7298.876935200673
 10
5303.455752128651
 20
7305.194402904123
 10
5305.813710970481
 20
7311.403776983635
 10
5309.698788515549
 20
7317.398813327143
 10
5315.044510009909
 20
7323.076935200673
 10
5321.759408676681
 20
7328.3409883646955
 10
5329.728590737954
 20
7333.100903410102
 10
5338.815701279185
 20
7337.275236870769
 10
5348.865257319591
 20
7340.79256474384
 10
5359.7053081690565
 20
7343.592704574219
 10
5371.150377552118
 20
7345.627745193064
 10
5383.0046371584585
 20
7346.862866491166
 10
5395.065257319591
 20
7347.276935200673
 10
5407.125877480724
 20
7346.862866491166
 10
5418.980137087064
 20
7345.627745193064
 10
5430.425206470125
 20
7343.592704574219
 10
5441.265257319591
 20
7340.79256474384
 10
5451.314813359997
 20
7337.275236870769
 10
5460.401923901228
 20
7333.100903410102
 10
5468.371105962501
 20
7328.3409883646955
 10
5475.086004629273
 20
7323.076935200673
 10
5480.431726123634
 20
7317.398813327143
 10
5484.316803668701
 20
7311.403776983635
 10
5486.674762510531
 20
7305.194402904123
 97
0
 75
1
 76
1
 98
0
  0
LWPOLYLINE
  5
3A3
330
17
100
AcDbEntity
  8
I-PLANT
370
9
420
3698749
100
AcDbPolyline
 90
48
 70
1
 10
5566.628339093806
 20
7265.506897922089
 10
5565.837844284746
 20
7259.189430218638
 10
5563.4798854429155
 20
7252.980056139127
 10
5559.594807897848
 20
7246.985019795618
 10
5554.249086403488
 20
7241.306897922089
 10
5547.5341877367155
 20
7236.042844758066
 10
5539.565005675443
 20
7231.28292971266
 10
5530.477895134211
 20
7227.108596251993
 10
5520.428339093805
 20
7223.591268378922
 10
5509.58828824434
 20
7220.7911285485425
 10
5498.143218861279
 20
7218.756087929698
 10
5486.288959254938
 20
7217.520966631596
 10
5474.2283390938055
 20
7217.106897922089
 10
5462.167718932673
 20
7217.520966631596
 10
5450.313459326333
 20
7218.756087929698
 10
5438.868389943272
 20
7220.7911285485425
 10
5428.028339093806
 20
7223.591268378922
 10
5417.9787830534
 20
7227.108596251993
 10
5408.891672512169
 20
7231.28292971266
 10
5400.922490450896
 20
7236.042844758066
 10
5394.207591784124
 20
7241.306897922089
 10
5388.861870289763
 20
7246.985019795618
 10
5384.976792744696
 20
7252.980056139127
 10
5382.618833902866
 20
7259.189430218638
 10
5381.828339093806
 20
7265.506897922089
 10
5382.618833902866
 20
7271.824365625539
 10
5384.976792744696
 20
7278.033739705051
 10
5388.861870289763
 20
7284.028776048559
 10
5394.207591784124
 20
7289.7068979220885
 10
5400.922490450896
 20
7294.970951086111
 10
5408.891672512169
 20
7299.730866131517
 10
5417.9787830534
 20
7303.9051995921845
 10
5428.028339093806
 20
7307.422527465255
 10
5438.868389943272
 20
7310.222667295635
 10
5450.313459326333
 20
7312.257707914479
 10
5462.167718932673
 20
7313.4928292125815
 10
5474.2283390938055
 20
7313.906897922088
 10
5486.288959254938
 20
7313.4928292125815
 10
5498.143218861279
 20
7312.257707914479
 10
5509.58828824434
 20
7310.222667295635
 10
5520.428339093805
 20
7307.422527465255
 10
5530.477895134211
 20
7303.9051995921845
 10
5539.565005675443
 20
7299.730866131517
 10
5547.5341877367155
 20
7294.970951086111
 10
5554.249086403488
 20
7289.7068979220885
 10
5559.594807897848
 20
7284.028776048559
 10
5563.4798854429155
 20
7278.033739705051
 10
5565.837844284746
 20
7271.824365625539
  0
HATCH
  5
3A4
330
17
100
AcDbEntity
  8
I-PLANT
 62
7
420
7582315
100
AcDbHatch
 10
0.0
 20
0.0
 30
0.0
210
0.0
220
0.0
230
1.0
  2
SOLID
 70
1
 71
0
 91
1
 92
3
 72
0
 73
1
 93
48
 10
5566.628339093806
 20
7265.506897922089
 10
5565.837844284746
 20
7259.189430218638
 10
5563.4798854429155
 20
7252.980056139127
 10
5559.594807897848
 20
7246.985019795618
 10
5554.249086403488
 20
7241.306897922089
 10
5547.5341877367155
 20
7236.042844758066
 10
5539.565005675443
 20
7231.28292971266
 10
5530.477895134211
 20
7227.108596251993
 10
5520.428339093805
 20
7223.591268378922
 10
5509.58828824434
 20
7220.7911285485425
 10
5498.143218861279
 20
7218.756087929698
 10
5486.288959254938
 20
7217.520966631596
 10
5474.2283390938055
 20
7217.106897922089
 10
5462.167718932673
 20
7217.520966631596
 10
5450.313459326333
 20
7218.756087929698
 10
5438.868389943272
 20
7220.7911285485425
 10
5428.028339093806
 20
7223.591268378922
 10
5417.9787830534
 20
7227.108596251993
 10
5408.891672512169
 20
7231.28292971266
 10
5400.922490450896
 20
7236.042844758066
 10
5394.207591784124
 20
7241.306897922089
 10
5388.861870289763
 20
7246.985019795618
 10
5384.976792744696
 20
7252.980056139127
 10
5382.618833902866
 20
7259.189430218638
 10
5381.828339093806
 20
7265.506897922089
 10
5382.618833902866
 20
7271.824365625539
 10
5384.976792744696
 20
7278.033739705051
 10
5388.861870289763
 20
7284.028776048559
 10
5394.207591784124
 20
7289.7068979220885
 10
5400.922490450896
 20
7294.970951086111
 10
5408.891672512169
 20
7299.730866131517
 10
5417.9787830534
 20
7303.9051995921845
 10
5428.028339093806
 20
7307.422527465255
 10
5438.868389943272
 20
7310.222667295635
 10
5450.313459326333
 20
7312.257707914479
 10
5462.167718932673
 20
7313.4928292125815
 10
5474.2283390938055
 20
7313.906897922088
 10
5486.288959254938
 20
7313.4928292125815
 10
5498.143218861279
 20
7312.257707914479
 10
5509.58828824434
 20
7310.222667295635
 10
5520.428339093805
 20
7307.422527465255
 10
5530.477895134211
 20
7303.9051995921845
 10
5539.565005675443
 20
7299.730866131517
 10
5547.5341877367155
 20
7294.970951086111
 10
5554.249086403488
 20
7289.7068979220885
 10
5559.594807897848
 20
7284.028776048559
 10
5563.4798854429155
 20
7278.033739705051
 10
5565.837844284746
 20
7271.824365625539
 97
0
 75
1
 76
1
 98
0
  0
CIRCLE
  5
3A5
330
17
100
AcDbEntity
  8
I-PLANT
370
9
420
3698749
100
AcDbCircle
 10
5400.0
 20
7200.0
 30
0.0
 40
39.6
  0
HATCH
  5
3A6
330
17
100
AcDbEntity
  8
I-PLANT
 62
7
420
9199936
100
AcDbHatch
 10
0.0
 20
0.0
 30
0.0
210
0.0
220
0.0
230
1.0
  2
SOLID
 70
1
 71
0
 91
1
 92
1
 93
1
 72
2
 10
5400.0
 20
7200.0
 40
39.6
 50
0
 51
360
 73
1
 97
0
 75
1
 76
1
 98
0
  0
LWPOLYLINE
  5
3A7
330
17
100
AcDbEntity
  8
I-FURN
370
13
420
5000274
100
AcDbPolyline
 90
28
 70
1
 10
10300.0
 20
4925.0
 10
10312.940952255125
 20
4923.296291314453
 10
10325.0
 20
4918.301270189222
 10
10335.355339059326
 20
4910.355339059328
 10
10343.301270189222
 20
4900.0
 10
10348.296291314455
 20
4887.940952255127
 10
10350.0
 20
4875.0
 10
10350.0
 20
2975.0
 10
10348.296291314455
 20
2962.059047744873
 10
10343.301270189222
 20
2950.0
 10
10335.355339059326
 20
2939.644660940672
 10
10325.0
 20
2931.698729810778
 10
10312.940952255125
 20
2926.703708685547
 10
10300.0
 20
2925.0
 10
8250.0
 20
2925.0
 10
8237.059047744875
 20
2926.703708685547
 10
8225.0
 20
2931.698729810778
 10
8214.644660940672
 20
2939.644660940672
 10
8206.698729810778
 20
2950.0
 10
8201.703708685547
 20
2962.059047744873
 10
8200.0
 20
2975.0
 10
8200.0
 20
4875.0
 10
8201.703708685547
 20
4887.940952255127
 10
8206.698729810778
 20
4900.0
 10
8214.644660940672
 20
4910.355339059328
 10
8225.0
 20
4918.301270189222
 10
8237.059047744875
 20
4923.296291314453
 10
8250.0
 20
4925.0
  0
HATCH
  5
3A8
330
17
100
AcDbEntity
  8
I-FURN
 62
7
420
7886656
100
AcDbHatch
 10
0.0
 20
0.0
 30
0.0
210
0.0
220
0.0
230
1.0
  2
SOLID
 70
1
 71
0
 91
1
 92
3
 72
0
 73
1
 93
28
 10
10300.0
 20
4925.0
 10
10312.940952255125
 20
4923.296291314453
 10
10325.0
 20
4918.301270189222
 10
10335.355339059326
 20
4910.355339059328
 10
10343.301270189222
 20
4900.0
 10
10348.296291314455
 20
4887.940952255127
 10
10350.0
 20
4875.0
 10
10350.0
 20
2975.0
 10
10348.296291314455
 20
2962.059047744873
 10
10343.301270189222
 20
2950.0
 10
10335.355339059326
 20
2939.644660940672
 10
10325.0
 20
2931.698729810778
 10
10312.940952255125
 20
2926.703708685547
 10
10300.0
 20
2925.0
 10
8250.0
 20
2925.0
 10
8237.059047744875
 20
2926.703708685547
 10
8225.0
 20
2931.698729810778
 10
8214.644660940672
 20
2939.644660940672
 10
8206.698729810778
 20
2950.0
 10
8201.703708685547
 20
2962.059047744873
 10
8200.0
 20
2975.0
 10
8200.0
 20
4875.0
 10
8201.703708685547
 20
4887.940952255127
 10
8206.698729810778
 20
4900.0
 10
8214.644660940672
 20
4910.355339059328
 10
8225.0
 20
4918.301270189222
 10
8237.059047744875
 20
4923.296291314453
 10
8250.0
 20
4925.0
 97
0
 75
1
 76
1
 98
0
  0
LWPOLYLINE
  5
3A9
330
17
100
AcDbEntity
  8
I-FURN
370
13
420
11711154
100
AcDbPolyline
 90
28
 70
1
 10
10260.0
 20
4895.0
 10
10275.529142706151
 20
4892.955549577344
 10
10290.0
 20
4886.961524227067
 10
10302.426406871193
 20
4877.426406871193
 10
10311.961524227067
 20
4865.0
 10
10317.955549577344
 20
4850.529142706151
 10
10320.0
 20
4835.0
 10
10320.0
 20
3015.0
 10
10317.955549577344
 20
2999.470857293849
 10
10311.961524227067
 20
2985.0
 10
10302.426406871193
 20
2972.5735931288073
 10
10290.0
 20
2963.0384757729335
 10
10275.529142706151
 20
2957.044450422656
 10
10260.0
 20
2955.0
 10
8350.0
 20
2955.0
 10
8334.470857293849
 20
2957.044450422656
 10
8320.0
 20
2963.0384757729335
 10
8307.573593128807
 20
2972.5735931288073
 10
8298.038475772933
 20
2985.0
 10
8292.044450422656
 20
2999.470857293849
 10
8290.0
 20
3015.0
 10
8290.0
 20
4835.0
 10
8292.044450422656
 20
4850.529142706151
 10
8298.038475772933
 20
4865.0
 10
8307.573593128807
 20
4877.426406871193
 10
8320.0
 20
4886.961524227067
 10
8334.470857293849
 20
4892.955549577344
 10
8350.0
 20
4895.0
  0
HATCH
  5
3AA
330
17
100
AcDbEntity
  8
I-FURN
 62
7
420
16777215
100
AcDbHatch
 10
0.0
 20
0.0
 30
0.0
210
0.0
220
0.0
230
1.0
  2
SOLID
 70
1
 71
0
 91
1
 92
3
 72
0
 73
1
 93
28
 10
10260.0
 20
4895.0
 10
10275.529142706151
 20
4892.955549577344
 10
10290.0
 20
4886.961524227067
 10
10302.426406871193
 20
4877.426406871193
 10
10311.961524227067
 20
4865.0
 10
10317.955549577344
 20
4850.529142706151
 10
10320.0
 20
4835.0
 10
10320.0
 20
3015.0
 10
10317.955549577344
 20
2999.470857293849
 10
10311.961524227067
 20
2985.0
 10
10302.426406871193
 20
2972.5735931288073
 10
10290.0
 20
2963.0384757729335
 10
10275.529142706151
 20
2957.044450422656
 10
10260.0
 20
2955.0
 10
8350.0
 20
2955.0
 10
8334.470857293849
 20
2957.044450422656
 10
8320.0
 20
2963.0384757729335
 10
8307.573593128807
 20
2972.5735931288073
 10
8298.038475772933
 20
2985.0
 10
8292.044450422656
 20
2999.470857293849
 10
8290.0
 20
3015.0
 10
8290.0
 20
4835.0
 10
8292.044450422656
 20
4850.529142706151
 10
8298.038475772933
 20
4865.0
 10
8307.573593128807
 20
4877.426406871193
 10
8320.0
 20
4886.961524227067
 10
8334.470857293849
 20
4892.955549577344
 10
8350.0
 20
4895.0
 97
0
 75
1
 76
1
 98
0
  0
LWPOLYLINE
  5
3AB
330
17
100
AcDbEntity
  8
I-FURN
370
13
420
8421516
100
AcDbPolyline
 90
28
 70
1
 10
10260.0
 20
4905.0
 10
10275.529142706151
 20
4902.955549577344
 10
10290.0
 20
4896.961524227067
 10
10302.426406871193
 20
4887.426406871193
 10
10311.961524227067
 20
4875.0
 10
10317.955549577344
 20
4860.529142706151
 10
10320.0
 20
4845.0
 10
10320.0
 20
3005.0
 10
10317.955549577344
 20
2989.470857293849
 10
10311.961524227067
 20
2975.0
 10
10302.426406871193
 20
2962.5735931288073
 10
10290.0
 20
2953.0384757729335
 10
10275.529142706151
 20
2947.044450422656
 10
10260.0
 20
2945.0
 10
8860.0
 20
2945.0
 10
8844.470857293849
 20
2947.044450422656
 10
8830.0
 20
2953.0384757729335
 10
8817.573593128807
 20
2962.5735931288073
 10
8808.038475772933
 20
2975.0
 10
8802.044450422656
 20
2989.470857293849
 10
8800.0
 20
3005.0
 10
8800.0
 20
4845.0
 10
8802.044450422656
 20
4860.529142706151
 10
8808.038475772933
 20
4875.0
 10
8817.573593128807
 20
4887.426406871193
 10
8830.0
 20
4896.961524227067
 10
8844.470857293849
 20
4902.955549577344
 10
8860.0
 20
4905.0
  0
HATCH
  5
3AC
330
17
100
AcDbEntity
  8
I-FURN
 62
7
420
15920611
100
AcDbHatch
 10
0.0
 20
0.0
 30
0.0
210
0.0
220
0.0
230
1.0
  2
SOLID
 70
1
 71
0
 91
1
 92
3
 72
0
 73
1
 93
28
 10
10260.0
 20
4905.0
 10
10275.529142706151
 20
4902.955549577344
 10
10290.0
 20
4896.961524227067
 10
10302.426406871193
 20
4887.426406871193
 10
10311.961524227067
 20
4875.0
 10
10317.955549577344
 20
4860.529142706151
 10
10320.0
 20
4845.0
 10
10320.0
 20
3005.0
 10
10317.955549577344
 20
2989.470857293849
 10
10311.961524227067
 20
2975.0
 10
10302.426406871193
 20
2962.5735931288073
 10
10290.0
 20
2953.0384757729335
 10
10275.529142706151
 20
2947.044450422656
 10
10260.0
 20
2945.0
 10
8860.0
 20
2945.0
 10
8844.470857293849
 20
2947.044450422656
 10
8830.0
 20
2953.0384757729335
 10
8817.573593128807
 20
2962.5735931288073
 10
8808.038475772933
 20
2975.0
 10
8802.044450422656
 20
2989.470857293849
 10
8800.0
 20
3005.0
 10
8800.0
 20
4845.0
 10
8802.044450422656
 20
4860.529142706151
 10
8808.038475772933
 20
4875.0
 10
8817.573593128807
 20
4887.426406871193
 10
8830.0
 20
4896.961524227067
 10
8844.470857293849
 20
4902.955549577344
 10
8860.0
 20
4905.0
 97
0
 75
1
 76
1
 98
0
  0
LWPOLYLINE
  5
3AD
330
17
100
AcDbEntity
  8
I-FURN
370
13
420
6710899
100
AcDbPolyline
 90
4
 70
1
 10
9870.0
 20
4915.0
 10
10290.0
 20
4915.0
 10
10290.0
 20
2935.0
 10
9870.0
 20
2935.0
  0
HATCH
  5
3AE
330
17
100
AcDbEntity
  8
I-FURN
 62
7
420
9216440
100
AcDbHatch
 10
0.0
 20
0.0
 30
0.0
210
0.0
220
0.0
230
1.0
  2
SOLID
 70
1
 71
0
 91
1
 92
3
 72
0
 73
1
 93
4
 10
9870.0
 20
4915.0
 10
10290.0
 20
4915.0
 10
10290.0
 20
2935.0
 10
9870.0
 20
2935.0
 97
0
 75
1
 76
1
 98
0
  0
LWPOLYLINE
  5
3AF
330
17
100
AcDbEntity
  8
I-FURN
370
13
420
10066334
100
AcDbPolyline
 90
28
 70
1
 10
8650.0
 20
4865.0
 10
8668.117333157177
 20
4862.614807840235
 10
8685.0
 20
4855.621778264911
 10
8699.49747468306
 20
4844.497474683058
 10
8710.621778264911
 20
4830.0
 10
8717.614807840235
 20
4813.117333157177
 10
8720.0
 20
4795.0
 10
8720.0
 20
4035.0
 10
8717.614807840235
 20
4016.882666842823
 10
8710.621778264911
 20
4000.0
 10
8699.49747468306
 20
3985.5025253169424
 10
8685.0
 20
3974.378221735089
 10
8668.117333157177
 20
3967.385192159765
 10
8650.0
 20
3965.0
 10
8400.0
 20
3965.0
 10
8381.882666842823
 20
3967.385192159765
 10
8365.0
 20
3974.378221735089
 10
8350.50252531694
 20
3985.5025253169424
 10
8339.378221735089
 20
4000.0
 10
8332.385192159765
 20
4016.882666842823
 10
8330.0
 20
4035.0
 10
8330.0
 20
4795.0
 10
8332.385192159765
 20
4813.117333157177
 10
8339.378221735089
 20
4830.0
 10
8350.50252531694
 20
4844.497474683058
 10
8365.0
 20
4855.621778264911
 10
8381.882666842823
 20
4862.614807840235
 10
8400.0
 20
4865.0
  0
HATCH
  5
3B0
330
17
100
AcDbEntity
  8
I-FURN
 62
7
420
16777215
100
AcDbHatch
 10
0.0
 20
0.0
 30
0.0
210
0.0
220
0.0
230
1.0
  2
SOLID
 70
1
 71
0
 91
1
 92
3
 72
0
 73
1
 93
28
 10
8650.0
 20
4865.0
 10
8668.117333157177
 20
4862.614807840235
 10
8685.0
 20
4855.621778264911
 10
8699.49747468306
 20
4844.497474683058
 10
8710.621778264911
 20
4830.0
 10
8717.614807840235
 20
4813.117333157177
 10
8720.0
 20
4795.0
 10
8720.0
 20
4035.0
 10
8717.614807840235
 20
4016.882666842823
 10
8710.621778264911
 20
4000.0
 10
8699.49747468306
 20
3985.5025253169424
 10
8685.0
 20
3974.378221735089
 10
8668.117333157177
 20
3967.385192159765
 10
8650.0
 20
3965.0
 10
8400.0
 20
3965.0
 10
8381.882666842823
 20
3967.385192159765
 10
8365.0
 20
3974.378221735089
 10
8350.50252531694
 20
3985.5025253169424
 10
8339.378221735089
 20
4000.0
 10
8332.385192159765
 20
4016.882666842823
 10
8330.0
 20
4035.0
 10
8330.0
 20
4795.0
 10
8332.385192159765
 20
4813.117333157177
 10
8339.378221735089
 20
4830.0
 10
8350.50252531694
 20
4844.497474683058
 10
8365.0
 20
4855.621778264911
 10
8381.882666842823
 20
4862.614807840235
 10
8400.0
 20
4865.0
 97
0
 75
1
 76
1
 98
0
  0
LWPOLYLINE
  5
3B1
330
17
100
AcDbEntity
  8
I-FURN
370
13
420
10066334
100
AcDbPolyline
 90
28
 70
1
 10
8650.0
 20
3925.0
 10
8668.117333157177
 20
3922.614807840235
 10
8685.0
 20
3915.621778264911
 10
8699.49747468306
 20
3904.4974746830576
 10
8710.621778264911
 20
3890.0
 10
8717.614807840235
 20
3873.117333157177
 10
8720.0
 20
3855.0
 10
8720.0
 20
3095.0
 10
8717.614807840235
 20
3076.882666842823
 10
8710.621778264911
 20
3060.0
 10
8699.49747468306
 20
3045.5025253169424
 10
8685.0
 20
3034.378221735089
 10
8668.117333157177
 20
3027.385192159765
 10
8650.0
 20
3025.0
 10
8400.0
 20
3025.0
 10
8381.882666842823
 20
3027.385192159765
 10
8365.0
 20
3034.378221735089
 10
8350.50252531694
 20
3045.5025253169424
 10
8339.378221735089
 20
3060.0
 10
8332.385192159765
 20
3076.882666842823
 10
8330.0
 20
3095.0
 10
8330.0
 20
3855.0
 10
8332.385192159765
 20
3873.117333157177
 10
8339.378221735089
 20
3890.0
 10
8350.50252531694
 20
3904.4974746830576
 10
8365.0
 20
3915.621778264911
 10
8381.882666842823
 20
3922.614807840235
 10
8400.0
 20
3925.0
  0
HATCH
  5
3B2
330
17
100
AcDbEntity
  8
I-FURN
 62
7
420
16777215
100
AcDbHatch
 10
0.0
 20
0.0
 30
0.0
210
0.0
220
0.0
230
1.0
  2
SOLID
 70
1
 71
0
 91
1
 92
3
 72
0
 73
1
 93
28
 10
8650.0
 20
3925.0
 10
8668.117333157177
 20
3922.614807840235
 10
8685.0
 20
3915.621778264911
 10
8699.49747468306
 20
3904.4974746830576
 10
8710.621778264911
 20
3890.0
 10
8717.614807840235
 20
3873.117333157177
 10
8720.0
 20
3855.0
 10
8720.0
 20
3095.0
 10
8717.614807840235
 20
3076.882666842823
 10
8710.621778264911
 20
3060.0
 10
8699.49747468306
 20
3045.5025253169424
 10
8685.0
 20
3034.378221735089
 10
8668.117333157177
 20
3027.385192159765
 10
8650.0
 20
3025.0
 10
8400.0
 20
3025.0
 10
8381.882666842823
 20
3027.385192159765
 10
8365.0
 20
3034.378221735089
 10
8350.50252531694
 20
3045.5025253169424
 10
8339.378221735089
 20
3060.0
 10
8332.385192159765
 20
3076.882666842823
 10
8330.0
 20
3095.0
 10
8330.0
 20
3855.0
 10
8332.385192159765
 20
3873.117333157177
 10
8339.378221735089
 20
3890.0
 10
8350.50252531694
 20
3904.4974746830576
 10
8365.0
 20
3915.621778264911
 10
8381.882666842823
 20
3922.614807840235
 10
8400.0
 20
3925.0
 97
0
 75
1
 76
1
 98
0
  0
LWPOLYLINE
  5
3B3
330
17
100
AcDbEntity
  8
I-FURN
370
13
420
5000274
100
AcDbPolyline
 90
4
 70
1
 10
8200.0
 20
4925.0
 10
8290.0
 20
4925.0
 10
8290.0
 20
2925.0
 10
8200.0
 20
2925.0
  0
HATCH
  5
3B4
330
17
100
AcDbEntity
  8
I-FURN
 62
7
420
9213086
100
AcDbHatch
 10
0.0
 20
0.0
 30
0.0
210
0.0
220
0.0
230
1.0
  2
SOLID
 70
1
 71
0
 91
1
 92
3
 72
0
 73
1
 93
4
 10
8200.0
 20
4925.0
 10
8290.0
 20
4925.0
 10
8290.0
 20
2925.0
 10
8200.0
 20
2925.0
 97
0
 75
1
 76
1
 98
0
  0
LWPOLYLINE
  5
3B5
330
17
100
AcDbEntity
  8
I-FURN
370
13
420
5000274
100
AcDbPolyline
 90
4
 70
1
 10
8200.0
 20
5375.0
 10
8650.0
 20
5375.0
 10
8650.0
 20
4975.0
 10
8200.0
 20
4975.0
  0
HATCH
  5
3B6
330
17
100
AcDbEntity
  8
I-FURN
 62
7
420
7886656
100
AcDbHatch
 10
0.0
 20
0.0
 30
0.0
210
0.0
220
0.0
230
1.0
  2
SOLID
 70
1
 71
0
 91
1
 92
3
 72
0
 73
1
 93
4
 10
8200.0
 20
5375.0
 10
8650.0
 20
5375.0
 10
8650.0
 20
4975.0
 10
8200.0
 20
4975.0
 97
0
 75
1
 76
1
 98
0
  0
CIRCLE
  5
3B7
330
17
100
AcDbEntity
  8
I-FURN
370
13
420
12557900
100
AcDbCircle
 10
8425.0
 20
5175.0
 30
0.0
 40
110.0
  0
HATCH
  5
3B8
330
17
100
AcDbEntity
  8
I-FURN
 62
7
420
16770713
100
AcDbHatch
 10
0.0
 20
0.0
 30
0.0
210
0.0
220
0.0
230
1.0
  2
SOLID
 70
1
 71
0
 91
1
 92
1
 93
1
 72
2
 10
8425.0
 20
5175.0
 40
110
 50
0
 51
360
 73
1
 97
0
 75
1
 76
1
 98
0
  0
CIRCLE
  5
3B9
330
17
100
AcDbEntity
  8
I-FURN
370
9
420
12557900
100
AcDbCircle
 10
8425.0
 20
5175.0
 30
0.0
 40
38.5
  0
HATCH
  5
3BA
330
17
100
AcDbEntity
  8
I-FURN
 62
7
420
16775129
100
AcDbHatch
 10
0.0
 20
0.0
 30
0.0
210
0.0
220
0.0
230
1.0
  2
SOLID
 70
1
 71
0
 91
1
 92
1
 93
1
 72
2
 10
8425.0
 20
5175.0
 40
38.5
 50
0
 51
360
 73
1
 97
0
 75
1
 76
1
 98
0
  0
LWPOLYLINE
  5
3BB
330
17
100
AcDbEntity
  8
I-FURN
370
13
420
5000274
100
AcDbPolyline
 90
4
 70
1
 10
8200.0
 20
2875.0
 10
8650.0
 20
2875.0
 10
8650.0
 20
2475.0
 10
8200.0
 20
2475.0
  0
HATCH
  5
3BC
330
17
100
AcDbEntity
  8
I-FURN
 62
7
420
7886656
100
AcDbHatch
 10
0.0
 20
0.0
 30
0.0
210
0.0
220
0.0
230
1.0
  2
SOLID
 70
1
 71
0
 91
1
 92
3
 72
0
 73
1
 93
4
 10
8200.0
 20
2875.0
 10
8650.0
 20
2875.0
 10
8650.0
 20
2475.0
 10
8200.0
 20
2475.0
 97
0
 75
1
 76
1
 98
0
  0
CIRCLE
  5
3BD
330
17
100
AcDbEntity
  8
I-FURN
370
13
420
12557900
100
AcDbCircle
 10
8425.0
 20
2675.0
 30
0.0
 40
110.0
  0
HATCH
  5
3BE
330
17
100
AcDbEntity
  8
I-FURN
 62
7
420
16770713
100
AcDbHatch
 10
0.0
 20
0.0
 30
0.0
210
0.0
220
0.0
230
1.0
  2
SOLID
 70
1
 71
0
 91
1
 92
1
 93
1
 72
2
 10
8425.0
 20
2675.0
 40
110
 50
0
 51
360
 73
1
 97
0
 75
1
 76
1
 98
0
  0
CIRCLE
  5
3BF
330
17
100
AcDbEntity
  8
I-FURN
370
9
420
12557900
100
AcDbCircle
 10
8425.0
 20
2675.0
 30
0.0
 40
38.5
  0
HATCH
  5
3C0
330
17
100
AcDbEntity
  8
I-FURN
 62
7
420
16775129
100
AcDbHatch
 10
0.0
 20
0.0
 30
0.0
210
0.0
220
0.0
230
1.0
  2
SOLID
 70
1
 71
0
 91
1
 92
1
 93
1
 72
2
 10
8425.0
 20
2675.0
 40
38.5
 50
0
 51
360
 73
1
 97
0
 75
1
 76
1
 98
0
  0
LWPOLYLINE
  5
3C1
330
17
100
AcDbEntity
  8
I-FURN
370
13
420
5000274
100
AcDbPolyline
 90
28
 70
1
 10
11050.0
 20
6850.0
 10
11088.822856765379
 20
6844.8888739433605
 10
11125.0
 20
6829.9038105676655
 10
11156.066017177982
 20
6806.066017177982
 10
11179.903810567666
 20
6775.0
 10
11194.88887394336
 20
6738.822856765378
 10
11200.0
 20
6700.0
 10
11200.0
 20
6250.0
 10
11194.88887394336
 20
6211.177143234622
 10
11179.903810567666
 20
6175.0
 10
11156.066017177982
 20
6143.933982822018
 10
11125.0
 20
6120.0961894323345
 10
11088.822856765379
 20
6105.1111260566395
 10
11050.0
 20
6100.0
 10
10600.0
 20
6100.0
 10
10561.177143234621
 20
6105.1111260566395
 10
10525.0
 20
6120.0961894323345
 10
10493.933982822018
 20
6143.933982822018
 10
10470.096189432334
 20
6175.0
 10
10455.11112605664
 20
6211.177143234622
 10
10450.0
 20
6250.0
 10
10450.0
 20
6700.0
 10
10455.11112605664
 20
6738.822856765378
 10
10470.096189432334
 20
6775.0
 10
10493.933982822018
 20
6806.066017177982
 10
10525.0
 20
6829.9038105676655
 10
10561.177143234621
 20
6844.8888739433605
 10
10600.0
 20
6850.0
  0
HATCH
  5
3C2
330
17
100
AcDbEntity
  8
I-FURN
 62
7
420
14723911
100
AcDbHatch
 10
0.0
 20
0.0
 30
0.0
210
0.0
220
0.0
230
1.0
  2
SOLID
 70
1
 71
0
 91
1
 92
3
 72
0
 73
1
 93
28
 10
11050.0
 20
6850.0
 10
11088.822856765379
 20
6844.8888739433605
 10
11125.0
 20
6829.9038105676655
 10
11156.066017177982
 20
6806.066017177982
 10
11179.903810567666
 20
6775.0
 10
11194.88887394336
 20
6738.822856765378
 10
11200.0
 20
6700.0
 10
11200.0
 20
6250.0
 10
11194.88887394336
 20
6211.177143234622
 10
11179.903810567666
 20
6175.0
 10
11156.066017177982
 20
6143.933982822018
 10
11125.0
 20
6120.0961894323345
 10
11088.822856765379
 20
6105.1111260566395
 10
11050.0
 20
6100.0
 10
10600.0
 20
6100.0
 10
10561.177143234621
 20
6105.1111260566395
 10
10525.0
 20
6120.0961894323345
 10
10493.933982822018
 20
6143.933982822018
 10
10470.096189432334
 20
6175.0
 10
10455.11112605664
 20
6211.177143234622
 10
10450.0
 20
6250.0
 10
10450.0
 20
6700.0
 10
10455.11112605664
 20
6738.822856765378
 10
10470.096189432334
 20
6775.0
 10
10493.933982822018
 20
6806.066017177982
 10
10525.0
 20
6829.9038105676655
 10
10561.177143234621
 20
6844.8888739433605
 10
10600.0
 20
6850.0
 97
0
 75
1
 76
1
 98
0
  0
LWPOLYLINE
  5
3C3
330
17
100
AcDbEntity
  8
I-FURN
370
13
420
5000274
100
AcDbPolyline
 90
28
 70
1
 10
11140.0
 20
6850.0
 10
11155.529142706151
 20
6847.955549577344
 10
11170.0
 20
6841.961524227067
 10
11182.426406871193
 20
6832.426406871193
 10
11191.961524227067
 20
6820.0
 10
11197.955549577344
 20
6805.529142706151
 10
11200.0
 20
6790.0
 10
11200.0
 20
6760.0
 10
11197.955549577344
 20
6744.470857293849
 10
11191.961524227067
 20
6730.0
 10
11182.426406871193
 20
6717.573593128807
 10
11170.0
 20
6708.038475772933
 10
11155.529142706151
 20
6702.044450422656
 10
11140.0
 20
6700.0
 10
10510.0
 20
6700.0
 10
10494.470857293849
 20
6702.044450422656
 10
10480.0
 20
6708.038475772933
 10
10467.573593128807
 20
6717.573593128807
 10
10458.038475772933
 20
6730.0
 10
10452.044450422656
 20
6744.470857293849
 10
10450.0
 20
6760.0
 10
10450.0
 20
6790.0
 10
10452.044450422656
 20
6805.529142706151
 10
10458.038475772933
 20
6820.0
 10
10467.573593128807
 20
6832.426406871193
 10
10480.0
 20
6841.961524227067
 10
10494.470857293849
 20
6847.955549577344
 10
10510.0
 20
6850.0
  0
HATCH
  5
3C4
330
17
100
AcDbEntity
  8
I-FURN
 62
7
420
12553267
100
AcDbHatch
 10
0.0
 20
0.0
 30
0.0
210
0.0
220
0.0
230
1.0
  2
SOLID
 70
1
 71
0
 91
1
 92
3
 72
0
 73
1
 93
28
 10
11140.0
 20
6850.0
 10
11155.529142706151
 20
6847.955549577344
 10
11170.0
 20
6841.961524227067
 10
11182.426406871193
 20
6832.426406871193
 10
11191.961524227067
 20
6820.0
 10
11197.955549577344
 20
6805.529142706151
 10
11200.0
 20
6790.0
 10
11200.0
 20
6760.0
 10
11197.955549577344
 20
6744.470857293849
 10
11191.961524227067
 20
6730.0
 10
11182.426406871193
 20
6717.573593128807
 10
11170.0
 20
6708.038475772933
 10
11155.529142706151
 20
6702.044450422656
 10
11140.0
 20
6700.0
 10
10510.0
 20
6700.0
 10
10494.470857293849
 20
6702.044450422656
 10
10480.0
 20
6708.038475772933
 10
10467.573593128807
 20
6717.573593128807
 10
10458.038475772933
 20
6730.0
 10
10452.044450422656
 20
6744.470857293849
 10
10450.0
 20
6760.0
 10
10450.0
 20
6790.0
 10
10452.044450422656
 20
6805.529142706151
 10
10458.038475772933
 20
6820.0
 10
10467.573593128807
 20
6832.426406871193
 10
10480.0
 20
6841.961524227067
 10
10494.470857293849
 20
6847.955549577344
 10
10510.0
 20
6850.0
 97
0
 75
1
 76
1
 98
0
  0
CIRCLE
  5
3C5
330
17
100
AcDbEntity
  8
I-FURN
370
13
420
12557900
100
AcDbCircle
 10
10350.0
 20
6900.0
 30
0.0
 40
120.0
  0
HATCH
  5
3C6
330
17
100
AcDbEntity
  8
I-FURN
 62
7
420
16770713
100
AcDbHatch
 10
0.0
 20
0.0
 30
0.0
210
0.0
220
0.0
230
1.0
  2
SOLID
 70
1
 71
0
 91
1
 92
1
 93
1
 72
2
 10
10350.0
 20
6900.0
 40
120
 50
0
 51
360
 73
1
 97
0
 75
1
 76
1
 98
0
  0
CIRCLE
  5
3C7
330
17
100
AcDbEntity
  8
I-FURN
370
9
420
12557900
100
AcDbCircle
 10
10350.0
 20
6900.0
 30
0.0
 40
42.0
  0
HATCH
  5
3C8
330
17
100
AcDbEntity
  8
I-FURN
 62
7
420
16775129
100
AcDbHatch
 10
0.0
 20
0.0
 30
0.0
210
0.0
220
0.0
230
1.0
  2
SOLID
 70
1
 71
0
 91
1
 92
1
 93
1
 72
2
 10
10350.0
 20
6900.0
 40
42.0
 50
0
 51
360
 73
1
 97
0
 75
1
 76
1
 98
0
  0
LWPOLYLINE
  5
3C9
330
17
100
AcDbEntity
  8
I-FURN
370
13
420
5000274
100
AcDbPolyline
 90
4
 70
1
 10
10850.0
 20
5150.0
 10
11350.0
 20
5150.0
 10
11350.0
 20
3150.0
 10
10850.0
 20
3150.0
  0
HATCH
  5
3CA
330
17
100
AcDbEntity
  8
I-FURN
 62
7
420
7886656
100
AcDbHatch
 10
0.0
 20
0.0
 30
0.0
210
0.0
220
0.0
230
1.0
  2
SOLID
 70
1
 71
0
 91
1
 92
3
 72
0
 73
1
 93
4
 10
10850.0
 20
5150.0
 10
11350.0
 20
5150.0
 10
11350.0
 20
3150.0
 10
10850.0
 20
3150.0
 97
0
 75
1
 76
1
 98
0
  0
LWPOLYLINE
  5
3CB
330
17
100
AcDbEntity
  8
I-FURN
370
5
100
AcDbPolyline
 90
4
 70
1
 10
11250.0
 20
4850.0
 10
11300.0
 20
4850.0
 10
11300.0
 20
3450.0
 10
11250.0
 20
3450.0
  0
HATCH
  5
3CC
330
17
100
AcDbEntity
  8
I-FURN
 62
7
420
855311
100
AcDbHatch
 10
0.0
 20
0.0
 30
0.0
210
0.0
220
0.0
230
1.0
  2
SOLID
 70
1
 71
0
 91
1
 92
3
 72
0
 73
1
 93
4
 10
11250.0
 20
4850.0
 10
11300.0
 20
4850.0
 10
11300.0
 20
3450.0
 10
11250.0
 20
3450.0
 97
0
 75
1
 76
1
 98
0
  0
CIRCLE
  5
3CD
330
17
100
AcDbEntity
  8
I-PLANT
370
13
420
3698749
100
AcDbCircle
 10
11050.0
 20
2350.0
 30
0.0
 40
230.0
  0
HATCH
  5
3CE
330
17
100
AcDbEntity
  8
I-PLANT
 62
7
420
6068572
100
AcDbHatch
 10
0.0
 20
0.0
 30
0.0
210
0.0
220
0.0
230
1.0
  2
SOLID
 70
1
 71
0
 91
1
 92
1
 93
1
 72
2
 10
11050.0
 20
2350.0
 40
230
 50
0
 51
360
 73
1
 97
0
 75
1
 76
1
 98
0
  0
LWPOLYLINE
  5
3CF
330
17
100
AcDbEntity
  8
I-PLANT
370
9
420
3698749
100
AcDbPolyline
 90
48
 70
1
 10
11248.527602436763
 20
2332.027413611473
 10
11247.701176045473
 20
2325.422788285139
 10
11245.236037256287
 20
2318.931169929285
 10
11241.174365277355
 20
2312.6636319337995
 10
11235.585656442341
 20
2306.727413611474
 10
11228.565535108897
 20
2301.224085303631
 10
11220.234117499385
 20
2296.2478104834336
 10
11210.733956479005
 20
2291.883734592737
 10
11200.227602436764
 20
2288.2065281799805
 10
11188.894822003233
 20
2285.279109266403
 10
11176.929522193666
 20
2283.151566801247
 10
11164.53643260522
 20
2281.8603036259574
 10
11151.927602436765
 20
2281.4274136114727
 10
11139.318772268307
 20
2281.8603036259574
 10
11126.92568267986
 20
2283.151566801247
 10
11114.960382870297
 20
2285.279109266401
 10
11103.627602436763
 20
2288.2065281799805
 10
11093.12124839452
 20
2291.883734592737
 10
11083.621087374144
 20
2296.2478104834336
 10
11075.28966976463
 20
2301.224085303631
 10
11068.269548431188
 20
2306.727413611474
 10
11062.680839596174
 20
2312.6636319337995
 10
11058.619167617238
 20
2318.931169929285
 10
11056.154028828054
 20
2325.422788285139
 10
11055.327602436762
 20
2332.027413611473
 10
11056.154028828054
 20
2338.632038937807
 10
11058.619167617238
 20
2345.1236572936614
 10
11062.680839596174
 20
2351.3911952891467
 10
11068.269548431188
 20
2357.3274136114724
 10
11075.28966976463
 20
2362.830741919315
 10
11083.621087374144
 20
2367.8070167395126
 10
11093.12124839452
 20
2372.1710926302094
 10
11103.627602436763
 20
2375.8482990429657
 10
11114.960382870297
 20
2378.775717956545
 10
11126.92568267986
 20
2380.903260421699
 10
11139.318772268307
 20
2382.194523596989
 10
11151.927602436765
 20
2382.6274136114735
 10
11164.53643260522
 20
2382.194523596989
 10
11176.929522193666
 20
2380.903260421699
 10
11188.894822003233
 20
2378.775717956545
 10
11200.227602436764
 20
2375.8482990429657
 10
11210.733956479005
 20
2372.1710926302094
 10
11220.234117499385
 20
2367.8070167395126
 10
11228.565535108897
 20
2362.830741919315
 10
11235.585656442341
 20
2357.3274136114724
 10
11241.174365277355
 20
2351.3911952891467
 10
11245.236037256287
 20
2345.1236572936614
 10
11247.701176045473
 20
2338.632038937807
  0
HATCH
  5
3D0
330
17
100
AcDbEntity
  8
I-PLANT
 62
7
420
7582315
100
AcDbHatch
 10
0.0
 20
0.0
 30
0.0
210
0.0
220
0.0
230
1.0
  2
SOLID
 70
1
 71
0
 91
1
 92
3
 72
0
 73
1
 93
48
 10
11248.527602436763
 20
2332.027413611473
 10
11247.701176045473
 20
2325.422788285139
 10
11245.236037256287
 20
2318.931169929285
 10
11241.174365277355
 20
2312.6636319337995
 10
11235.585656442341
 20
2306.727413611474
 10
11228.565535108897
 20
2301.224085303631
 10
11220.234117499385
 20
2296.2478104834336
 10
11210.733956479005
 20
2291.883734592737
 10
11200.227602436764
 20
2288.2065281799805
 10
11188.894822003233
 20
2285.279109266403
 10
11176.929522193666
 20
2283.151566801247
 10
11164.53643260522
 20
2281.8603036259574
 10
11151.927602436765
 20
2281.4274136114727
 10
11139.318772268307
 20
2281.8603036259574
 10
11126.92568267986
 20
2283.151566801247
 10
11114.960382870297
 20
2285.279109266401
 10
11103.627602436763
 20
2288.2065281799805
 10
11093.12124839452
 20
2291.883734592737
 10
11083.621087374144
 20
2296.2478104834336
 10
11075.28966976463
 20
2301.224085303631
 10
11068.269548431188
 20
2306.727413611474
 10
11062.680839596174
 20
2312.6636319337995
 10
11058.619167617238
 20
2318.931169929285
 10
11056.154028828054
 20
2325.422788285139
 10
11055.327602436762
 20
2332.027413611473
 10
11056.154028828054
 20
2338.632038937807
 10
11058.619167617238
 20
2345.1236572936614
 10
11062.680839596174
 20
2351.3911952891467
 10
11068.269548431188
 20
2357.3274136114724
 10
11075.28966976463
 20
2362.830741919315
 10
11083.621087374144
 20
2367.8070167395126
 10
11093.12124839452
 20
2372.1710926302094
 10
11103.627602436763
 20
2375.8482990429657
 10
11114.960382870297
 20
2378.775717956545
 10
11126.92568267986
 20
2380.903260421699
 10
11139.318772268307
 20
2382.194523596989
 10
11151.927602436765
 20
2382.6274136114735
 10
11164.53643260522
 20
2382.194523596989
 10
11176.929522193666
 20
2380.903260421699
 10
11188.894822003233
 20
2378.775717956545
 10
11200.227602436764
 20
2375.8482990429657
 10
11210.733956479005
 20
2372.1710926302094
 10
11220.234117499385
 20
2367.8070167395126
 10
11228.565535108897
 20
2362.830741919315
 10
11235.585656442341
 20
2357.3274136114724
 10
11241.174365277355
 20
2351.3911952891467
 10
11245.236037256287
 20
2345.1236572936614
 10
11247.701176045473
 20
2338.632038937807
 97
0
 75
1
 76
1
 98
0
  0
LWPOLYLINE
  5
3D1
330
17
100
AcDbEntity
  8
I-PLANT
370
9
420
3698749
100
AcDbPolyline
 90
48
 70
1
 10
11196.099286787306
 20
2259.1040671561805
 10
11195.272860396017
 20
2252.4994418298465
 10
11192.80772160683
 20
2246.007823473992
 10
11188.746049627896
 20
2239.740285478507
 10
11183.157340792883
 20
2233.804067156181
 10
11176.13721945944
 20
2228.3007388483384
 10
11167.805801849927
 20
2223.324464028141
 10
11158.305640829549
 20
2218.960388137444
 10
11147.799286787307
 20
2215.283181724688
 10
11136.466506353774
 20
2212.3557628111103
 10
11124.50120654421
 20
2210.2282203459545
 10
11112.108116955762
 20
2208.9369571706648
 10
11099.499286787306
 20
2208.50406715618
 10
11086.89045661885
 20
2208.9369571706648
 10
11074.497367030403
 20
2210.2282203459545
 10
11062.532067220838
 20
2212.3557628111084
 10
11051.199286787305
 20
2215.283181724688
 10
11040.692932745063
 20
2218.960388137444
 10
11031.192771724685
 20
2223.324464028141
 10
11022.861354115172
 20
2228.3007388483384
 10
11015.84123278173
 20
2233.804067156181
 10
11010.252523946716
 20
2239.740285478507
 10
11006.190851967782
 20
2246.007823473992
 10
11003.725713178595
 20
2252.4994418298465
 10
11002.899286787306
 20
2259.1040671561805
 10
11003.725713178595
 20
2265.7086924825144
 10
11006.190851967782
 20
2272.2003108383688
 10
11010.252523946716
 20
2278.467848833854
 10
11015.84123278173
 20
2284.4040671561797
 10
11022.861354115172
 20
2289.9073954640226
 10
11031.192771724685
 20
2294.88367028422
 10
11040.692932745063
 20
2299.2477461749168
 10
11051.199286787305
 20
2302.924952587673
 10
11062.532067220838
 20
2305.8523715012525
 10
11074.497367030403
 20
2307.9799139664065
 10
11086.89045661885
 20
2309.271177141696
 10
11099.499286787306
 20
2309.704067156181
 10
11112.108116955762
 20
2309.271177141696
 10
11124.50120654421
 20
2307.9799139664065
 10
11136.466506353774
 20
2305.8523715012525
 10
11147.799286787307
 20
2302.924952587673
 10
11158.305640829549
 20
2299.2477461749168
 10
11167.805801849927
 20
2294.88367028422
 10
11176.13721945944
 20
2289.9073954640226
 10
11183.157340792883
 20
2284.4040671561797
 10
11188.746049627896
 20
2278.467848833854
 10
11192.80772160683
 20
2272.2003108383688
 10
11195.272860396017
 20
2265.7086924825144
  0
HATCH
  5
3D2
330
17
100
AcDbEntity
  8
I-PLANT
 62
7
420
7582315
100
AcDbHatch
 10
0.0
 20
0.0
 30
0.0
210
0.0
220
0.0
230
1.0
  2
SOLID
 70
1
 71
0
 91
1
 92
3
 72
0
 73
1
 93
48
 10
11196.099286787306
 20
2259.1040671561805
 10
11195.272860396017
 20
2252.4994418298465
 10
11192.80772160683
 20
2246.007823473992
 10
11188.746049627896
 20
2239.740285478507
 10
11183.157340792883
 20
2233.804067156181
 10
11176.13721945944
 20
2228.3007388483384
 10
11167.805801849927
 20
2223.324464028141
 10
11158.305640829549
 20
2218.960388137444
 10
11147.799286787307
 20
2215.283181724688
 10
11136.466506353774
 20
2212.3557628111103
 10
11124.50120654421
 20
2210.2282203459545
 10
11112.108116955762
 20
2208.9369571706648
 10
11099.499286787306
 20
2208.50406715618
 10
11086.89045661885
 20
2208.9369571706648
 10
11074.497367030403
 20
2210.2282203459545
 10
11062.532067220838
 20
2212.3557628111084
 10
11051.199286787305
 20
2215.283181724688
 10
11040.692932745063
 20
2218.960388137444
 10
11031.192771724685
 20
2223.324464028141
 10
11022.861354115172
 20
2228.3007388483384
 10
11015.84123278173
 20
2233.804067156181
 10
11010.252523946716
 20
2239.740285478507
 10
11006.190851967782
 20
2246.007823473992
 10
11003.725713178595
 20
2252.4994418298465
 10
11002.899286787306
 20
2259.1040671561805
 10
11003.725713178595
 20
2265.7086924825144
 10
11006.190851967782
 20
2272.2003108383688
 10
11010.252523946716
 20
2278.467848833854
 10
11015.84123278173
 20
2284.4040671561797
 10
11022.861354115172
 20
2289.9073954640226
 10
11031.192771724685
 20
2294.88367028422
 10
11040.692932745063
 20
2299.2477461749168
 10
11051.199286787305
 20
2302.924952587673
 10
11062.532067220838
 20
2305.8523715012525
 10
11074.497367030403
 20
2307.9799139664065
 10
11086.89045661885
 20
2309.271177141696
 10
11099.499286787306
 20
2309.704067156181
 10
11112.108116955762
 20
2309.271177141696
 10
11124.50120654421
 20
2307.9799139664065
 10
11136.466506353774
 20
2305.8523715012525
 10
11147.799286787307
 20
2302.924952587673
 10
11158.305640829549
 20
2299.2477461749168
 10
11167.805801849927
 20
2294.88367028422
 10
11176.13721945944
 20
2289.9073954640226
 10
11183.157340792883
 20
2284.4040671561797
 10
11188.746049627896
 20
2278.467848833854
 10
11192.80772160683
 20
2272.2003108383688
 10
11195.272860396017
 20
2265.7086924825144
 97
0
 75
1
 76
1
 98
0
  0
LWPOLYLINE
  5
3D3
330
17
100
AcDbEntity
  8
I-PLANT
370
9
420
3698749
100
AcDbPolyline
 90
48
 70
1
 10
11106.39699858557
 20
2254.627212071413
 10
11105.57057219428
 20
2248.022586745079
 10
11103.105433405093
 20
2241.5309683892247
 10
11099.04376142616
 20
2235.2634303937393
 10
11093.455052591145
 20
2229.3272120714137
 10
11086.434931257703
 20
2223.823883763571
 10
11078.10351364819
 20
2218.8476089433734
 10
11068.603352627812
 20
2214.4835330526766
 10
11058.09699858557
 20
2210.8063266399204
 10
11046.764218152037
 20
2207.8789077263427
 10
11034.798918342472
 20
2205.751365261187
 10
11022.405828754025
 20
2204.4601020858972
 10
11009.796998585569
 20
2204.0272120714126
 10
10997.188168417113
 20
2204.4601020858972
 10
10984.795078828665
 20
2205.751365261187
 10
10972.8297790191
 20
2207.8789077263427
 10
10961.496998585568
 20
2210.8063266399204
 10
10950.990644543326
 20
2214.4835330526766
 10
10941.490483522948
 20
2218.8476089433734
 10
10933.159065913434
 20
2223.823883763571
 10
10926.138944579992
 20
2229.3272120714137
 10
10920.550235744979
 20
2235.2634303937393
 10
10916.488563766045
 20
2241.5309683892247
 10
10914.023424976858
 20
2248.022586745079
 10
10913.196998585569
 20
2254.627212071413
 10
10914.023424976858
 20
2261.231837397747
 10
10916.488563766045
 20
2267.7234557536012
 10
10920.550235744979
 20
2273.9909937490866
 10
10926.138944579992
 20
2279.927212071412
 10
10933.159065913434
 20
2285.430540379255
 10
10941.490483522948
 20
2290.4068151994525
 10
10950.990644543326
 20
2294.7708910901492
 10
10961.496998585568
 20
2298.4480975029055
 10
10972.8297790191
 20
2301.375516416483
 10
10984.795078828665
 20
2303.503058881639
 10
10997.188168417113
 20
2304.7943220569286
 10
11009.796998585569
 20
2305.2272120714133
 10
11022.405828754025
 20
2304.7943220569286
 10
11034.798918342472
 20
2303.503058881639
 10
11046.764218152037
 20
2301.375516416483
 10
11058.09699858557
 20
2298.4480975029055
 10
11068.603352627812
 20
2294.7708910901492
 10
11078.10351364819
 20
2290.4068151994525
 10
11086.434931257703
 20
2285.430540379255
 10
11093.455052591145
 20
2279.927212071412
 10
11099.04376142616
 20
2273.9909937490866
 10
11103.105433405093
 20
2267.7234557536012
 10
11105.57057219428
 20
2261.231837397747
  0
HATCH
  5
3D4
330
17
100
AcDbEntity
  8
I-PLANT
 62
7
420
7582315
100
AcDbHatch
 10
0.0
 20
0.0
 30
0.0
210
0.0
220
0.0
230
1.0
  2
SOLID
 70
1
 71
0
 91
1
 92
3
 72
0
 73
1
 93
48
 10
11106.39699858557
 20
2254.627212071413
 10
11105.57057219428
 20
2248.022586745079
 10
11103.105433405093
 20
2241.5309683892247
 10
11099.04376142616
 20
2235.2634303937393
 10
11093.455052591145
 20
2229.3272120714137
 10
11086.434931257703
 20
2223.823883763571
 10
11078.10351364819
 20
2218.8476089433734
 10
11068.603352627812
 20
2214.4835330526766
 10
11058.09699858557
 20
2210.8063266399204
 10
11046.764218152037
 20
2207.8789077263427
 10
11034.798918342472
 20
2205.751365261187
 10
11022.405828754025
 20
2204.4601020858972
 10
11009.796998585569
 20
2204.0272120714126
 10
10997.188168417113
 20
2204.4601020858972
 10
10984.795078828665
 20
2205.751365261187
 10
10972.8297790191
 20
2207.8789077263427
 10
10961.496998585568
 20
2210.8063266399204
 10
10950.990644543326
 20
2214.4835330526766
 10
10941.490483522948
 20
2218.8476089433734
 10
10933.159065913434
 20
2223.823883763571
 10
10926.138944579992
 20
2229.3272120714137
 10
10920.550235744979
 20
2235.2634303937393
 10
10916.488563766045
 20
2241.5309683892247
 10
10914.023424976858
 20
2248.022586745079
 10
10913.196998585569
 20
2254.627212071413
 10
10914.023424976858
 20
2261.231837397747
 10
10916.488563766045
 20
2267.7234557536012
 10
10920.550235744979
 20
2273.9909937490866
 10
10926.138944579992
 20
2279.927212071412
 10
10933.159065913434
 20
2285.430540379255
 10
10941.490483522948
 20
2290.4068151994525
 10
10950.990644543326
 20
2294.7708910901492
 10
10961.496998585568
 20
2298.4480975029055
 10
10972.8297790191
 20
2301.375516416483
 10
10984.795078828665
 20
2303.503058881639
 10
10997.188168417113
 20
2304.7943220569286
 10
11009.796998585569
 20
2305.2272120714133
 10
11022.405828754025
 20
2304.7943220569286
 10
11034.798918342472
 20
2303.503058881639
 10
11046.764218152037
 20
2301.375516416483
 10
11058.09699858557
 20
2298.4480975029055
 10
11068.603352627812
 20
2294.7708910901492
 10
11078.10351364819
 20
2290.4068151994525
 10
11086.434931257703
 20
2285.430540379255
 10
11093.455052591145
 20
2279.927212071412
 10
11099.04376142616
 20
2273.9909937490866
 10
11103.105433405093
 20
2267.7234557536012
 10
11105.57057219428
 20
2261.231837397747
 97
0
 75
1
 76
1
 98
0
  0
LWPOLYLINE
  5
3D5
330
17
100
AcDbEntity
  8
I-PLANT
370
9
420
3698749
100
AcDbPolyline
 90
48
 70
1
 10
11046.968390440674
 20
2321.9680115471983
 10
11046.141964049384
 20
2315.3633862208644
 10
11043.676825260198
 20
2308.87176786501
 10
11039.615153281264
 20
2302.6042298695247
 10
11034.02644444625
 20
2296.668011547199
 10
11027.006323112808
 20
2291.1646832393562
 10
11018.674905503294
 20
2286.188408419159
 10
11009.174744482916
 20
2281.824332528462
 10
10998.668390440675
 20
2278.1471261157058
 10
10987.335610007141
 20
2275.219707202128
 10
10975.370310197577
 20
2273.0921647369723
 10
10962.97722060913
 20
2271.8009015616826
 10
10950.368390440673
 20
2271.368011547198
 10
10937.759560272218
 20
2271.8009015616826
 10
10925.36647068377
 20
2273.0921647369723
 10
10913.401170874205
 20
2275.2197072021263
 10
10902.068390440672
 20
2278.1471261157058
 10
10891.56203639843
 20
2281.824332528462
 10
10882.061875378053
 20
2286.188408419159
 10
10873.730457768539
 20
2291.1646832393562
 10
10866.710336435097
 20
2296.668011547199
 10
10861.121627600083
 20
2302.6042298695247
 10
10857.05995562115
 20
2308.87176786501
 10
10854.594816831963
 20
2315.3633862208644
 10
10853.768390440673
 20
2321.9680115471983
 10
10854.594816831963
 20
2328.5726368735322
 10
10857.05995562115
 20
2335.0642552293866
 10
10861.121627600083
 20
2341.331793224872
 10
10866.710336435097
 20
2347.2680115471976
 10
10873.730457768539
 20
2352.7713398550404
 10
10882.061875378053
 20
2357.747614675238
 10
10891.56203639843
 20
2362.1116905659346
 10
10902.068390440672
 20
2365.788896978691
 10
10913.401170874205
 20
2368.7163158922704
 10
10925.36647068377
 20
2370.8438583574243
 10
10937.759560272218
 20
2372.135121532714
 10
10950.368390440673
 20
2372.5680115471987
 10
10962.97722060913
 20
2372.135121532714
 10
10975.370310197577
 20
2370.8438583574243
 10
10987.335610007141
 20
2368.7163158922704
 10
10998.668390440675
 20
2365.788896978691
 10
11009.174744482916
 20
2362.1116905659346
 10
11018.674905503294
 20
2357.747614675238
 10
11027.006323112808
 20
2352.7713398550404
 10
11034.02644444625
 20
2347.2680115471976
 10
11039.615153281264
 20
2341.331793224872
 10
11043.676825260198
 20
2335.0642552293866
 10
11046.141964049384
 20
2328.5726368735322
  0
HATCH
  5
3D6
330
17
100
AcDbEntity
  8
I-PLANT
 62
7
420
7582315
100
AcDbHatch
 10
0.0
 20
0.0
 30
0.0
210
0.0
220
0.0
230
1.0
  2
SOLID
 70
1
 71
0
 91
1
 92
3
 72
0
 73
1
 93
48
 10
11046.968390440674
 20
2321.9680115471983
 10
11046.141964049384
 20
2315.3633862208644
 10
11043.676825260198
 20
2308.87176786501
 10
11039.615153281264
 20
2302.6042298695247
 10
11034.02644444625
 20
2296.668011547199
 10
11027.006323112808
 20
2291.1646832393562
 10
11018.674905503294
 20
2286.188408419159
 10
11009.174744482916
 20
2281.824332528462
 10
10998.668390440675
 20
2278.1471261157058
 10
10987.335610007141
 20
2275.219707202128
 10
10975.370310197577
 20
2273.0921647369723
 10
10962.97722060913
 20
2271.8009015616826
 10
10950.368390440673
 20
2271.368011547198
 10
10937.759560272218
 20
2271.8009015616826
 10
10925.36647068377
 20
2273.0921647369723
 10
10913.401170874205
 20
2275.2197072021263
 10
10902.068390440672
 20
2278.1471261157058
 10
10891.56203639843
 20
2281.824332528462
 10
10882.061875378053
 20
2286.188408419159
 10
10873.730457768539
 20
2291.1646832393562
 10
10866.710336435097
 20
2296.668011547199
 10
10861.121627600083
 20
2302.6042298695247
 10
10857.05995562115
 20
2308.87176786501
 10
10854.594816831963
 20
2315.3633862208644
 10
10853.768390440673
 20
2321.9680115471983
 10
10854.594816831963
 20
2328.5726368735322
 10
10857.05995562115
 20
2335.0642552293866
 10
10861.121627600083
 20
2341.331793224872
 10
10866.710336435097
 20
2347.2680115471976
 10
10873.730457768539
 20
2352.7713398550404
 10
10882.061875378053
 20
2357.747614675238
 10
10891.56203639843
 20
2362.1116905659346
 10
10902.068390440672
 20
2365.788896978691
 10
10913.401170874205
 20
2368.7163158922704
 10
10925.36647068377
 20
2370.8438583574243
 10
10937.759560272218
 20
2372.135121532714
 10
10950.368390440673
 20
2372.5680115471987
 10
10962.97722060913
 20
2372.135121532714
 10
10975.370310197577
 20
2370.8438583574243
 10
10987.335610007141
 20
2368.7163158922704
 10
10998.668390440675
 20
2365.788896978691
 10
11009.174744482916
 20
2362.1116905659346
 10
11018.674905503294
 20
2357.747614675238
 10
11027.006323112808
 20
2352.7713398550404
 10
11034.02644444625
 20
2347.2680115471976
 10
11039.615153281264
 20
2341.331793224872
 10
11043.676825260198
 20
2335.0642552293866
 10
11046.141964049384
 20
2328.5726368735322
 97
0
 75
1
 76
1
 98
0
  0
LWPOLYLINE
  5
3D7
330
17
100
AcDbEntity
  8
I-PLANT
370
9
420
3698749
100
AcDbPolyline
 90
48
 70
1
 10
11062.56441640841
 20
2410.4174700763015
 10
11061.737990017118
 20
2403.8128447499676
 10
11059.272851227934
 20
2397.321226394113
 10
11055.211179249
 20
2391.053688398628
 10
11049.622470413986
 20
2385.117470076302
 10
11042.602349080542
 20
2379.6141417684594
 10
11034.27093147103
 20
2374.637866948262
 10
11024.770770450652
 20
2370.273791057565
 10
11014.264416408409
 20
2366.596584644809
 10
11002.931635974877
 20
2363.6691657312313
 10
10990.966336165313
 20
2361.5416232660755
 10
10978.573246576867
 20
2360.2503600907858
 10
10965.96441640841
 20
2359.817470076301
 10
10953.355586239952
 20
2360.2503600907858
 10
10940.962496651506
 20
2361.5416232660755
 10
10928.997196841941
 20
2363.6691657312294
 10
10917.66441640841
 20
2366.596584644809
 10
10907.158062366167
 20
2370.273791057565
 10
10897.657901345789
 20
2374.637866948262
 10
10889.326483736277
 20
2379.6141417684594
 10
10882.306362402833
 20
2385.117470076302
 10
10876.717653567819
 20
2391.053688398628
 10
10872.655981588885
 20
2397.321226394113
 10
10870.1908427997
 20
2403.8128447499676
 10
10869.364416408409
 20
2410.4174700763015
 10
10870.1908427997
 20
2417.0220954026354
 10
10872.655981588885
 20
2423.5137137584898
 10
10876.717653567819
 20
2429.781251753975
 10
10882.306362402833
 20
2435.7174700763007
 10
10889.326483736277
 20
2441.2207983841436
 10
10897.657901345789
 20
2446.197073204341
 10
10907.158062366167
 20
2450.5611490950378
 10
10917.66441640841
 20
2454.238355507794
 10
10928.997196841941
 20
2457.1657744213735
 10
10940.962496651506
 20
2459.2933168865275
 10
10953.355586239952
 20
2460.584580061817
 10
10965.96441640841
 20
2461.017470076302
 10
10978.573246576867
 20
2460.584580061817
 10
10990.966336165313
 20
2459.2933168865275
 10
11002.931635974877
 20
2457.1657744213735
 10
11014.264416408409
 20
2454.238355507794
 10
11024.770770450652
 20
2450.5611490950378
 10
11034.27093147103
 20
2446.197073204341
 10
11042.602349080542
 20
2441.2207983841436
 10
11049.622470413986
 20
2435.7174700763007
 10
11055.211179249
 20
2429.781251753975
 10
11059.272851227934
 20
2423.5137137584898
 10
11061.737990017118
 20
2417.0220954026354
  0
HATCH
  5
3D8
330
17
100
AcDbEntity
  8
I-PLANT
 62
7
420
7582315
100
AcDbHatch
 10
0.0
 20
0.0
 30
0.0
210
0.0
220
0.0
230
1.0
  2
SOLID
 70
1
 71
0
 91
1
 92
3
 72
0
 73
1
 93
48
 10
11062.56441640841
 20
2410.4174700763015
 10
11061.737990017118
 20
2403.8128447499676
 10
11059.272851227934
 20
2397.321226394113
 10
11055.211179249
 20
2391.053688398628
 10
11049.622470413986
 20
2385.117470076302
 10
11042.602349080542
 20
2379.6141417684594
 10
11034.27093147103
 20
2374.637866948262
 10
11024.770770450652
 20
2370.273791057565
 10
11014.264416408409
 20
2366.596584644809
 10
11002.931635974877
 20
2363.6691657312313
 10
10990.966336165313
 20
2361.5416232660755
 10
10978.573246576867
 20
2360.2503600907858
 10
10965.96441640841
 20
2359.817470076301
 10
10953.355586239952
 20
2360.2503600907858
 10
10940.962496651506
 20
2361.5416232660755
 10
10928.997196841941
 20
2363.6691657312294
 10
10917.66441640841
 20
2366.596584644809
 10
10907.158062366167
 20
2370.273791057565
 10
10897.657901345789
 20
2374.637866948262
 10
10889.326483736277
 20
2379.6141417684594
 10
10882.306362402833
 20
2385.117470076302
 10
10876.717653567819
 20
2391.053688398628
 10
10872.655981588885
 20
2397.321226394113
 10
10870.1908427997
 20
2403.8128447499676
 10
10869.364416408409
 20
2410.4174700763015
 10
10870.1908427997
 20
2417.0220954026354
 10
10872.655981588885
 20
2423.5137137584898
 10
10876.717653567819
 20
2429.781251753975
 10
10882.306362402833
 20
2435.7174700763007
 10
10889.326483736277
 20
2441.2207983841436
 10
10897.657901345789
 20
2446.197073204341
 10
10907.158062366167
 20
2450.5611490950378
 10
10917.66441640841
 20
2454.238355507794
 10
10928.997196841941
 20
2457.1657744213735
 10
10940.962496651506
 20
2459.2933168865275
 10
10953.355586239952
 20
2460.584580061817
 10
10965.96441640841
 20
2461.017470076302
 10
10978.573246576867
 20
2460.584580061817
 10
10990.966336165313
 20
2459.2933168865275
 10
11002.931635974877
 20
2457.1657744213735
 10
11014.264416408409
 20
2454.238355507794
 10
11024.770770450652
 20
2450.5611490950378
 10
11034.27093147103
 20
2446.197073204341
 10
11042.602349080542
 20
2441.2207983841436
 10
11049.622470413986
 20
2435.7174700763007
 10
11055.211179249
 20
2429.781251753975
 10
11059.272851227934
 20
2423.5137137584898
 10
11061.737990017118
 20
2417.0220954026354
 97
0
 75
1
 76
1
 98
0
  0
LWPOLYLINE
  5
3D9
330
17
100
AcDbEntity
  8
I-PLANT
370
9
420
3698749
100
AcDbPolyline
 90
48
 70
1
 10
11141.44095083412
 20
2453.371341346159
 10
11140.614524442828
 20
2446.7667160198253
 10
11138.149385653644
 20
2440.275097663971
 10
11134.087713674708
 20
2434.0075596684856
 10
11128.499004839694
 20
2428.07134134616
 10
11121.478883506252
 20
2422.568013038317
 10
11113.147465896738
 20
2417.5917382181196
 10
11103.647304876362
 20
2413.227662327423
 10
11093.140950834118
 20
2409.5504559146666
 10
11081.808170400585
 20
2406.623037001089
 10
11069.842870591023
 20
2404.495494535933
 10
11057.449781002575
 20
2403.2042313606435
 10
11044.840950834117
 20
2402.771341346159
 10
11032.232120665662
 20
2403.2042313606435
 10
11019.839031077216
 20
2404.495494535933
 10
11007.87373126765
 20
2406.623037001089
 10
10996.540950834118
 20
2409.5504559146666
 10
10986.034596791877
 20
2413.227662327423
 10
10976.534435771497
 20
2417.5917382181196
 10
10968.203018161985
 20
2422.568013038317
 10
10961.18289682854
 20
2428.07134134616
 10
10955.594187993527
 20
2434.0075596684856
 10
10951.532516014595
 20
2440.275097663971
 10
10949.067377225409
 20
2446.7667160198253
 10
10948.240950834119
 20
2453.371341346159
 10
10949.067377225409
 20
2459.975966672493
 10
10951.532516014595
 20
2466.4675850283475
 10
10955.594187993527
 20
2472.735123023833
 10
10961.18289682854
 20
2478.6713413461584
 10
10968.203018161985
 20
2484.1746696540013
 10
10976.534435771497
 20
2489.1509444741987
 10
10986.034596791877
 20
2493.5150203648955
 10
10996.540950834118
 20
2497.1922267776517
 10
11007.87373126765
 20
2500.1196456912294
 10
11019.839031077216
 20
2502.247188156385
 10
11032.232120665662
 20
2503.538451331675
 10
11044.840950834117
 20
2503.9713413461595
 10
11057.449781002575
 20
2503.538451331675
 10
11069.842870591023
 20
2502.247188156385
 10
11081.808170400585
 20
2500.1196456912294
 10
11093.140950834118
 20
2497.1922267776517
 10
11103.647304876362
 20
2493.5150203648955
 10
11113.147465896738
 20
2489.1509444741987
 10
11121.478883506252
 20
2484.1746696540013
 10
11128.499004839694
 20
2478.6713413461584
 10
11134.087713674708
 20
2472.735123023833
 10
11138.149385653644
 20
2466.4675850283475
 10
11140.614524442828
 20
2459.975966672493
  0
HATCH
  5
3DA
330
17
100
AcDbEntity
  8
I-PLANT
 62
7
420
7582315
100
AcDbHatch
 10
0.0
 20
0.0
 30
0.0
210
0.0
220
0.0
230
1.0
  2
SOLID
 70
1
 71
0
 91
1
 92
3
 72
0
 73
1
 93
48
 10
11141.44095083412
 20
2453.371341346159
 10
11140.614524442828
 20
2446.7667160198253
 10
11138.149385653644
 20
2440.275097663971
 10
11134.087713674708
 20
2434.0075596684856
 10
11128.499004839694
 20
2428.07134134616
 10
11121.478883506252
 20
2422.568013038317
 10
11113.147465896738
 20
2417.5917382181196
 10
11103.647304876362
 20
2413.227662327423
 10
11093.140950834118
 20
2409.5504559146666
 10
11081.808170400585
 20
2406.623037001089
 10
11069.842870591023
 20
2404.495494535933
 10
11057.449781002575
 20
2403.2042313606435
 10
11044.840950834117
 20
2402.771341346159
 10
11032.232120665662
 20
2403.2042313606435
 10
11019.839031077216
 20
2404.495494535933
 10
11007.87373126765
 20
2406.623037001089
 10
10996.540950834118
 20
2409.5504559146666
 10
10986.034596791877
 20
2413.227662327423
 10
10976.534435771497
 20
2417.5917382181196
 10
10968.203018161985
 20
2422.568013038317
 10
10961.18289682854
 20
2428.07134134616
 10
10955.594187993527
 20
2434.0075596684856
 10
10951.532516014595
 20
2440.275097663971
 10
10949.067377225409
 20
2446.7667160198253
 10
10948.240950834119
 20
2453.371341346159
 10
10949.067377225409
 20
2459.975966672493
 10
10951.532516014595
 20
2466.4675850283475
 10
10955.594187993527
 20
2472.735123023833
 10
10961.18289682854
 20
2478.6713413461584
 10
10968.203018161985
 20
2484.1746696540013
 10
10976.534435771497
 20
2489.1509444741987
 10
10986.034596791877
 20
2493.5150203648955
 10
10996.540950834118
 20
2497.1922267776517
 10
11007.87373126765
 20
2500.1196456912294
 10
11019.839031077216
 20
2502.247188156385
 10
11032.232120665662
 20
2503.538451331675
 10
11044.840950834117
 20
2503.9713413461595
 10
11057.449781002575
 20
2503.538451331675
 10
11069.842870591023
 20
2502.247188156385
 10
11081.808170400585
 20
2500.1196456912294
 10
11093.140950834118
 20
2497.1922267776517
 10
11103.647304876362
 20
2493.5150203648955
 10
11113.147465896738
 20
2489.1509444741987
 10
11121.478883506252
 20
2484.1746696540013
 10
11128.499004839694
 20
2478.6713413461584
 10
11134.087713674708
 20
2472.735123023833
 10
11138.149385653644
 20
2466.4675850283475
 10
11140.614524442828
 20
2459.975966672493
 97
0
 75
1
 76
1
 98
0
  0
LWPOLYLINE
  5
3DB
330
17
100
AcDbEntity
  8
I-PLANT
370
9
420
3698749
100
AcDbPolyline
 90
48
 70
1
 10
11224.20235450716
 20
2418.4844841912745
 10
11223.375928115871
 20
2411.8798588649406
 10
11220.910789326685
 20
2405.3882405090862
 10
11216.84911734775
 20
2399.120702513601
 10
11211.260408512737
 20
2393.1844841912753
 10
11204.240287179295
 20
2387.6811558834324
 10
11195.908869569781
 20
2382.704881063235
 10
11186.408708549403
 20
2378.3408051725382
 10
11175.902354507161
 20
2374.663598759782
 10
11164.569574073628
 20
2371.7361798462043
 10
11152.604274264064
 20
2369.6086373810485
 10
11140.211184675616
 20
2368.317374205759
 10
11127.60235450716
 20
2367.884484191274
 10
11114.993524338704
 20
2368.317374205759
 10
11102.600434750257
 20
2369.6086373810485
 10
11090.635134940692
 20
2371.7361798462043
 10
11079.30235450716
 20
2374.663598759782
 10
11068.796000464918
 20
2378.3408051725382
 10
11059.29583944454
 20
2382.704881063235
 10
11050.964421835026
 20
2387.6811558834324
 10
11043.944300501584
 20
2393.1844841912753
 10
11038.35559166657
 20
2399.120702513601
 10
11034.293919687636
 20
2405.3882405090862
 10
11031.82878089845
 20
2411.8798588649406
 10
11031.00235450716
 20
2418.4844841912745
 10
11031.82878089845
 20
2425.0891095176084
 10
11034.293919687636
 20
2431.580727873463
 10
11038.35559166657
 20
2437.848265868948
 10
11043.944300501584
 20
2443.784484191274
 10
11050.964421835026
 20
2449.2878124991166
 10
11059.29583944454
 20
2454.264087319314
 10
11068.796000464918
 20
2458.628163210011
 10
11079.30235450716
 20
2462.305369622767
 10
11090.635134940692
 20
2465.2327885363447
 10
11102.600434750257
 20
2467.3603310015005
 10
11114.993524338704
 20
2468.6515941767902
 10
11127.60235450716
 20
2469.084484191275
 10
11140.211184675616
 20
2468.6515941767902
 10
11152.604274264064
 20
2467.3603310015005
 10
11164.569574073628
 20
2465.2327885363447
 10
11175.902354507161
 20
2462.305369622767
 10
11186.408708549403
 20
2458.628163210011
 10
11195.908869569781
 20
2454.264087319314
 10
11204.240287179295
 20
2449.2878124991166
 10
11211.260408512737
 20
2443.784484191274
 10
11216.84911734775
 20
2437.848265868948
 10
11220.910789326685
 20
2431.580727873463
 10
11223.375928115871
 20
2425.0891095176084
  0
HATCH
  5
3DC
330
17
100
AcDbEntity
  8
I-PLANT
 62
7
420
7582315
100
AcDbHatch
 10
0.0
 20
0.0
 30
0.0
210
0.0
220
0.0
230
1.0
  2
SOLID
 70
1
 71
0
 91
1
 92
3
 72
0
 73
1
 93
48
 10
11224.20235450716
 20
2418.4844841912745
 10
11223.375928115871
 20
2411.8798588649406
 10
11220.910789326685
 20
2405.3882405090862
 10
11216.84911734775
 20
2399.120702513601
 10
11211.260408512737
 20
2393.1844841912753
 10
11204.240287179295
 20
2387.6811558834324
 10
11195.908869569781
 20
2382.704881063235
 10
11186.408708549403
 20
2378.3408051725382
 10
11175.902354507161
 20
2374.663598759782
 10
11164.569574073628
 20
2371.7361798462043
 10
11152.604274264064
 20
2369.6086373810485
 10
11140.211184675616
 20
2368.317374205759
 10
11127.60235450716
 20
2367.884484191274
 10
11114.993524338704
 20
2368.317374205759
 10
11102.600434750257
 20
2369.6086373810485
 10
11090.635134940692
 20
2371.7361798462043
 10
11079.30235450716
 20
2374.663598759782
 10
11068.796000464918
 20
2378.3408051725382
 10
11059.29583944454
 20
2382.704881063235
 10
11050.964421835026
 20
2387.6811558834324
 10
11043.944300501584
 20
2393.1844841912753
 10
11038.35559166657
 20
2399.120702513601
 10
11034.293919687636
 20
2405.3882405090862
 10
11031.82878089845
 20
2411.8798588649406
 10
11031.00235450716
 20
2418.4844841912745
 10
11031.82878089845
 20
2425.0891095176084
 10
11034.293919687636
 20
2431.580727873463
 10
11038.35559166657
 20
2437.848265868948
 10
11043.944300501584
 20
2443.784484191274
 10
11050.964421835026
 20
2449.2878124991166
 10
11059.29583944454
 20
2454.264087319314
 10
11068.796000464918
 20
2458.628163210011
 10
11079.30235450716
 20
2462.305369622767
 10
11090.635134940692
 20
2465.2327885363447
 10
11102.600434750257
 20
2467.3603310015005
 10
11114.993524338704
 20
2468.6515941767902
 10
11127.60235450716
 20
2469.084484191275
 10
11140.211184675616
 20
2468.6515941767902
 10
11152.604274264064
 20
2467.3603310015005
 10
11164.569574073628
 20
2465.2327885363447
 10
11175.902354507161
 20
2462.305369622767
 10
11186.408708549403
 20
2458.628163210011
 10
11195.908869569781
 20
2454.264087319314
 10
11204.240287179295
 20
2449.2878124991166
 10
11211.260408512737
 20
2443.784484191274
 10
11216.84911734775
 20
2437.848265868948
 10
11220.910789326685
 20
2431.580727873463
 10
11223.375928115871
 20
2425.0891095176084
 97
0
 75
1
 76
1
 98
0
  0
CIRCLE
  5
3DD
330
17
100
AcDbEntity
  8
I-PLANT
370
9
420
3698749
100
AcDbCircle
 10
11050.0
 20
2350.0
 30
0.0
 40
41.4
  0
HATCH
  5
3DE
330
17
100
AcDbEntity
  8
I-PLANT
 62
7
420
9199936
100
AcDbHatch
 10
0.0
 20
0.0
 30
0.0
210
0.0
220
0.0
230
1.0
  2
SOLID
 70
1
 71
0
 91
1
 92
1
 93
1
 72
2
 10
11050.0
 20
2350.0
 40
41.4
 50
0
 51
360
 73
1
 97
0
 75
1
 76
1
 98
0
  0
CIRCLE
  5
3DF
330
17
100
AcDbEntity
  8
I-PLANT
370
13
420
3698749
100
AcDbCircle
 10
8550.0
 20
7400.0
 30
0.0
 40
180.0
  0
HATCH
  5
3E0
330
17
100
AcDbEntity
  8
I-PLANT
 62
7
420
6068572
100
AcDbHatch
 10
0.0
 20
0.0
 30
0.0
210
0.0
220
0.0
230
1.0
  2
SOLID
 70
1
 71
0
 91
1
 92
1
 93
1
 72
2
 10
8550.0
 20
7400.0
 40
180
 50
0
 51
360
 73
1
 97
0
 75
1
 76
1
 98
0
  0
LWPOLYLINE
  5
3E1
330
17
100
AcDbEntity
  8
I-PLANT
370
9
420
3698749
100
AcDbPolyline
 90
48
 70
1
 10
8705.369427993988
 20
7385.934497608979
 10
8704.722659513849
 20
7380.7656603970645
 10
8702.793420461443
 20
7375.685263422919
 10
8699.614720651842
 20
7370.780233687321
 10
8695.240948520091
 20
7366.134497608979
 10
8689.746940520006
 20
7361.827545020234
 10
8683.226700651692
 20
7357.933069073992
 10
8675.791792027048
 20
7354.5177053334455
 10
8667.569427993989
 20
7351.639891619115
 10
8658.70029548079
 20
7349.348868121532
 10
8649.33614780374
 20
7347.683834887932
 10
8639.637208125825
 20
7346.673281098576
 10
8629.76942799399
 20
7346.334497608978
 10
8619.901647862152
 20
7346.673281098576
 10
8610.202708184239
 20
7347.683834887932
 10
8600.838560507189
 20
7349.348868121532
 10
8591.969427993989
 20
7351.639891619115
 10
8583.74706396093
 20
7354.5177053334455
 10
8576.312155336285
 20
7357.933069073992
 10
8569.791915467971
 20
7361.827545020234
 10
8564.297907467884
 20
7366.134497608979
 10
8559.924135336136
 20
7370.780233687321
 10
8556.745435526536
 20
7375.685263422919
 10
8554.816196474128
 20
7380.7656603970645
 10
8554.16942799399
 20
7385.934497608979
 10
8554.816196474128
 20
7391.103334820893
 10
8556.745435526536
 20
7396.1837317950385
 10
8559.924135336136
 20
7401.0887615306365
 10
8564.297907467884
 20
7405.734497608979
 10
8569.791915467971
 20
7410.041450197724
 10
8576.312155336285
 20
7413.935926143966
 10
8583.74706396093
 20
7417.351289884512
 10
8591.969427993989
 20
7420.229103598843
 10
8600.838560507189
 20
7422.520127096425
 10
8610.202708184239
 20
7424.185160330026
 10
8619.901647862152
 20
7425.195714119382
 10
8629.76942799399
 20
7425.534497608979
 10
8639.637208125825
 20
7425.195714119382
 10
8649.336147803739
 20
7424.185160330026
 10
8658.70029548079
 20
7422.520127096425
 10
8667.569427993989
 20
7420.229103598843
 10
8675.791792027048
 20
7417.351289884512
 10
8683.226700651692
 20
7413.935926143966
 10
8689.746940520006
 20
7410.041450197724
 10
8695.240948520091
 20
7405.734497608979
 10
8699.614720651842
 20
7401.0887615306365
 10
8702.793420461443
 20
7396.1837317950385
 10
8704.722659513849
 20
7391.103334820893
  0
HATCH
  5
3E2
330
17
100
AcDbEntity
  8
I-PLANT
 62
7
420
7582315
100
AcDbHatch
 10
0.0
 20
0.0
 30
0.0
210
0.0
220
0.0
230
1.0
  2
SOLID
 70
1
 71
0
 91
1
 92
3
 72
0
 73
1
 93
48
 10
8705.369427993988
 20
7385.934497608979
 10
8704.722659513849
 20
7380.7656603970645
 10
8702.793420461443
 20
7375.685263422919
 10
8699.614720651842
 20
7370.780233687321
 10
8695.240948520091
 20
7366.134497608979
 10
8689.746940520006
 20
7361.827545020234
 10
8683.226700651692
 20
7357.933069073992
 10
8675.791792027048
 20
7354.5177053334455
 10
8667.569427993989
 20
7351.639891619115
 10
8658.70029548079
 20
7349.348868121532
 10
8649.33614780374
 20
7347.683834887932
 10
8639.637208125825
 20
7346.673281098576
 10
8629.76942799399
 20
7346.334497608978
 10
8619.901647862152
 20
7346.673281098576
 10
8610.202708184239
 20
7347.683834887932
 10
8600.838560507189
 20
7349.348868121532
 10
8591.969427993989
 20
7351.639891619115
 10
8583.74706396093
 20
7354.5177053334455
 10
8576.312155336285
 20
7357.933069073992
 10
8569.791915467971
 20
7361.827545020234
 10
8564.297907467884
 20
7366.134497608979
 10
8559.924135336136
 20
7370.780233687321
 10
8556.745435526536
 20
7375.685263422919
 10
8554.816196474128
 20
7380.7656603970645
 10
8554.16942799399
 20
7385.934497608979
 10
8554.816196474128
 20
7391.103334820893
 10
8556.745435526536
 20
7396.1837317950385
 10
8559.924135336136
 20
7401.0887615306365
 10
8564.297907467884
 20
7405.734497608979
 10
8569.791915467971
 20
7410.041450197724
 10
8576.312155336285
 20
7413.935926143966
 10
8583.74706396093
 20
7417.351289884512
 10
8591.969427993989
 20
7420.229103598843
 10
8600.838560507189
 20
7422.520127096425
 10
8610.202708184239
 20
7424.185160330026
 10
8619.901647862152
 20
7425.195714119382
 10
8629.76942799399
 20
7425.534497608979
 10
8639.637208125825
 20
7425.195714119382
 10
8649.336147803739
 20
7424.185160330026
 10
8658.70029548079
 20
7422.520127096425
 10
8667.569427993989
 20
7420.229103598843
 10
8675.791792027048
 20
7417.351289884512
 10
8683.226700651692
 20
7413.935926143966
 10
8689.746940520006
 20
7410.041450197724
 10
8695.240948520091
 20
7405.734497608979
 10
8699.614720651842
 20
7401.0887615306365
 10
8702.793420461443
 20
7396.1837317950385
 10
8704.722659513849
 20
7391.103334820893
 97
0
 75
1
 76
1
 98
0
  0
LWPOLYLINE
  5
3E3
330
17
100
AcDbEntity
  8
I-PLANT
370
9
420
3698749
100
AcDbPolyline
 90
48
 70
1
 10
8664.338572268327
 20
7328.864052557012
 10
8663.691803788186
 20
7323.6952153450975
 10
8661.76256473578
 20
7318.614818370952
 10
8658.58386492618
 20
7313.709788635354
 10
8654.21009279443
 20
7309.064052557012
 10
8648.716084794345
 20
7304.757099968267
 10
8642.19584492603
 20
7300.862624022025
 10
8634.760936301385
 20
7297.4472602814785
 10
8626.538572268328
 20
7294.569446567148
 10
8617.669439755127
 20
7292.278423069565
 10
8608.305292078077
 20
7290.613389835965
 10
8598.606352400162
 20
7289.602836046609
 10
8588.738572268327
 20
7289.264052557011
 10
8578.870792136491
 20
7289.602836046609
 10
8569.171852458576
 20
7290.613389835965
 10
8559.807704781526
 20
7292.278423069565
 10
8550.938572268326
 20
7294.569446567148
 10
8542.716208235268
 20
7297.4472602814785
 10
8535.281299610624
 20
7300.862624022025
 10
8528.761059742308
 20
7304.757099968267
 10
8523.267051742223
 20
7309.064052557012
 10
8518.893279610473
 20
7313.709788635354
 10
8515.714579800873
 20
7318.614818370952
 10
8513.785340748467
 20
7323.6952153450975
 10
8513.138572268326
 20
7328.864052557012
 10
8513.785340748467
 20
7334.032889768926
 10
8515.714579800873
 20
7339.1132867430715
 10
8518.893279610473
 20
7344.0183164786695
 10
8523.267051742223
 20
7348.664052557012
 10
8528.761059742308
 20
7352.971005145757
 10
8535.281299610624
 20
7356.865481091999
 10
8542.716208235268
 20
7360.280844832545
 10
8550.938572268326
 20
7363.158658546876
 10
8559.807704781526
 20
7365.449682044458
 10
8569.171852458576
 20
7367.114715278059
 10
8578.870792136491
 20
7368.125269067415
 10
8588.738572268327
 20
7368.464052557012
 10
8598.606352400162
 20
7368.125269067415
 10
8608.305292078077
 20
7367.114715278059
 10
8617.669439755127
 20
7365.449682044458
 10
8626.538572268328
 20
7363.158658546876
 10
8634.760936301385
 20
7360.280844832545
 10
8642.19584492603
 20
7356.865481091999
 10
8648.716084794345
 20
7352.971005145757
 10
8654.21009279443
 20
7348.664052557012
 10
8658.58386492618
 20
7344.0183164786695
 10
8661.76256473578
 20
7339.1132867430715
 10
8663.691803788186
 20
7334.032889768926
  0
HATCH
  5
3E4
330
17
100
AcDbEntity
  8
I-PLANT
 62
7
420
7582315
100
AcDbHatch
 10
0.0
 20
0.0
 30
0.0
210
0.0
220
0.0
230
1.0
  2
SOLID
 70
1
 71
0
 91
1
 92
3
 72
0
 73
1
 93
48
 10
8664.338572268327
 20
7328.864052557012
 10
8663.691803788186
 20
7323.6952153450975
 10
8661.76256473578
 20
7318.614818370952
 10
8658.58386492618
 20
7313.709788635354
 10
8654.21009279443
 20
7309.064052557012
 10
8648.716084794345
 20
7304.757099968267
 10
8642.19584492603
 20
7300.862624022025
 10
8634.760936301385
 20
7297.4472602814785
 10
8626.538572268328
 20
7294.569446567148
 10
8617.669439755127
 20
7292.278423069565
 10
8608.305292078077
 20
7290.613389835965
 10
8598.606352400162
 20
7289.602836046609
 10
8588.738572268327
 20
7289.264052557011
 10
8578.870792136491
 20
7289.602836046609
 10
8569.171852458576
 20
7290.613389835965
 10
8559.807704781526
 20
7292.278423069565
 10
8550.938572268326
 20
7294.569446567148
 10
8542.716208235268
 20
7297.4472602814785
 10
8535.281299610624
 20
7300.862624022025
 10
8528.761059742308
 20
7304.757099968267
 10
8523.267051742223
 20
7309.064052557012
 10
8518.893279610473
 20
7313.709788635354
 10
8515.714579800873
 20
7318.614818370952
 10
8513.785340748467
 20
7323.6952153450975
 10
8513.138572268326
 20
7328.864052557012
 10
8513.785340748467
 20
7334.032889768926
 10
8515.714579800873
 20
7339.1132867430715
 10
8518.893279610473
 20
7344.0183164786695
 10
8523.267051742223
 20
7348.664052557012
 10
8528.761059742308
 20
7352.971005145757
 10
8535.281299610624
 20
7356.865481091999
 10
8542.716208235268
 20
7360.280844832545
 10
8550.938572268326
 20
7363.158658546876
 10
8559.807704781526
 20
7365.449682044458
 10
8569.171852458576
 20
7367.114715278059
 10
8578.870792136491
 20
7368.125269067415
 10
8588.738572268327
 20
7368.464052557012
 10
8598.606352400162
 20
7368.125269067415
 10
8608.305292078077
 20
7367.114715278059
 10
8617.669439755127
 20
7365.449682044458
 10
8626.538572268328
 20
7363.158658546876
 10
8634.760936301385
 20
7360.280844832545
 10
8642.19584492603
 20
7356.865481091999
 10
8648.716084794345
 20
7352.971005145757
 10
8654.21009279443
 20
7348.664052557012
 10
8658.58386492618
 20
7344.0183164786695
 10
8661.76256473578
 20
7339.1132867430715
 10
8663.691803788186
 20
7334.032889768926
 97
0
 75
1
 76
1
 98
0
  0
LWPOLYLINE
  5
3E5
330
17
100
AcDbEntity
  8
I-PLANT
370
9
420
3698749
100
AcDbPolyline
 90
48
 70
1
 10
8594.13678150175
 20
7325.360426838497
 10
8593.49001302161
 20
7320.191589626583
 10
8591.560773969202
 20
7315.111192652437
 10
8588.382074159603
 20
7310.206162916839
 10
8584.008302027854
 20
7305.560426838497
 10
8578.514294027767
 20
7301.253474249752
 10
8571.994054159453
 20
7297.35899830351
 10
8564.55914553481
 20
7293.943634562964
 10
8556.33678150175
 20
7291.065820848633
 10
8547.46764898855
 20
7288.77479735105
 10
8538.1035013115
 20
7287.10976411745
 10
8528.404561633586
 20
7286.099210328094
 10
8518.536781501749
 20
7285.760426838497
 10
8508.669001369914
 20
7286.099210328094
 10
8498.970061692
 20
7287.10976411745
 10
8489.605914014948
 20
7288.77479735105
 10
8480.73678150175
 20
7291.065820848633
 10
8472.51441746869
 20
7293.943634562964
 10
8465.079508844046
 20
7297.35899830351
 10
8458.559268975732
 20
7301.253474249752
 10
8453.065260975647
 20
7305.560426838497
 10
8448.691488843897
 20
7310.206162916839
 10
8445.512789034296
 20
7315.111192652437
 10
8443.58354998189
 20
7320.191589626583
 10
8442.93678150175
 20
7325.360426838497
 10
8443.58354998189
 20
7330.529264050411
 10
8445.512789034296
 20
7335.609661024557
 10
8448.691488843897
 20
7340.514690760155
 10
8453.065260975647
 20
7345.160426838497
 10
8458.559268975732
 20
7349.467379427242
 10
8465.079508844046
 20
7353.361855373484
 10
8472.51441746869
 20
7356.77721911403
 10
8480.73678150175
 20
7359.655032828361
 10
8489.605914014948
 20
7361.946056325944
 10
8498.970061692
 20
7363.611089559544
 10
8508.669001369914
 20
7364.6216433489
 10
8518.536781501749
 20
7364.960426838497
 10
8528.404561633586
 20
7364.6216433489
 10
8538.1035013115
 20
7363.611089559544
 10
8547.46764898855
 20
7361.946056325944
 10
8556.33678150175
 20
7359.655032828361
 10
8564.55914553481
 20
7356.77721911403
 10
8571.994054159453
 20
7353.361855373484
 10
8578.514294027767
 20
7349.467379427242
 10
8584.008302027854
 20
7345.160426838497
 10
8588.382074159603
 20
7340.514690760155
 10
8591.560773969202
 20
7335.609661024557
 10
8593.49001302161
 20
7330.529264050411
  0
HATCH
  5
3E6
330
17
100
AcDbEntity
  8
I-PLANT
 62
7
420
7582315
100
AcDbHatch
 10
0.0
 20
0.0
 30
0.0
210
0.0
220
0.0
230
1.0
  2
SOLID
 70
1
 71
0
 91
1
 92
3
 72
0
 73
1
 93
48
 10
8594.13678150175
 20
7325.360426838497
 10
8593.49001302161
 20
7320.191589626583
 10
8591.560773969202
 20
7315.111192652437
 10
8588.382074159603
 20
7310.206162916839
 10
8584.008302027854
 20
7305.560426838497
 10
8578.514294027767
 20
7301.253474249752
 10
8571.994054159453
 20
7297.35899830351
 10
8564.55914553481
 20
7293.943634562964
 10
8556.33678150175
 20
7291.065820848633
 10
8547.46764898855
 20
7288.77479735105
 10
8538.1035013115
 20
7287.10976411745
 10
8528.404561633586
 20
7286.099210328094
 10
8518.536781501749
 20
7285.760426838497
 10
8508.669001369914
 20
7286.099210328094
 10
8498.970061692
 20
7287.10976411745
 10
8489.605914014948
 20
7288.77479735105
 10
8480.73678150175
 20
7291.065820848633
 10
8472.51441746869
 20
7293.943634562964
 10
8465.079508844046
 20
7297.35899830351
 10
8458.559268975732
 20
7301.253474249752
 10
8453.065260975647
 20
7305.560426838497
 10
8448.691488843897
 20
7310.206162916839
 10
8445.512789034296
 20
7315.111192652437
 10
8443.58354998189
 20
7320.191589626583
 10
8442.93678150175
 20
7325.360426838497
 10
8443.58354998189
 20
7330.529264050411
 10
8445.512789034296
 20
7335.609661024557
 10
8448.691488843897
 20
7340.514690760155
 10
8453.065260975647
 20
7345.160426838497
 10
8458.559268975732
 20
7349.467379427242
 10
8465.079508844046
 20
7353.361855373484
 10
8472.51441746869
 20
7356.77721911403
 10
8480.73678150175
 20
7359.655032828361
 10
8489.605914014948
 20
7361.946056325944
 10
8498.970061692
 20
7363.611089559544
 10
8508.669001369914
 20
7364.6216433489
 10
8518.536781501749
 20
7364.960426838497
 10
8528.404561633586
 20
7364.6216433489
 10
8538.1035013115
 20
7363.611089559544
 10
8547.46764898855
 20
7361.946056325944
 10
8556.33678150175
 20
7359.655032828361
 10
8564.55914553481
 20
7356.77721911403
 10
8571.994054159453
 20
7353.361855373484
 10
8578.514294027767
 20
7349.467379427242
 10
8584.008302027854
 20
7345.160426838497
 10
8588.382074159603
 20
7340.514690760155
 10
8591.560773969202
 20
7335.609661024557
 10
8593.49001302161
 20
7330.529264050411
 97
0
 75
1
 76
1
 98
0
  0
LWPOLYLINE
  5
3E7
330
17
100
AcDbEntity
  8
I-PLANT
370
9
420
3698749
100
AcDbPolyline
 90
48
 70
1
 10
8547.627435997048
 20
7378.0619220804165
 10
8546.98066751691
 20
7372.893084868502
 10
8545.051428464503
 20
7367.812687894357
 10
8541.872728654902
 20
7362.907658158759
 10
8537.498956523152
 20
7358.261922080416
 10
8532.004948523067
 20
7353.954969491671
 10
8525.484708654752
 20
7350.060493545429
 10
8518.049800030109
 20
7346.645129804883
 10
8509.82743599705
 20
7343.767316090552
 10
8500.95830348385
 20
7341.47629259297
 10
8491.5941558068
 20
7339.81125935937
 10
8481.895216128885
 20
7338.800705570014
 10
8472.02743599705
 20
7338.461922080416
 10
8462.159655865213
 20
7338.800705570014
 10
8452.4607161873
 20
7339.81125935937
 10
8443.09656851025
 20
7341.47629259297
 10
8434.227435997049
 20
7343.767316090552
 10
8426.00507196399
 20
7346.645129804883
 10
8418.570163339346
 20
7350.060493545429
 10
8412.049923471031
 20
7353.954969491671
 10
8406.555915470944
 20
7358.261922080416
 10
8402.182143339196
 20
7362.907658158759
 10
8399.003443529597
 20
7367.812687894357
 10
8397.074204477189
 20
7372.893084868502
 10
8396.42743599705
 20
7378.0619220804165
 10
8397.074204477189
 20
7383.230759292331
 10
8399.003443529597
 20
7388.311156266476
 10
8402.182143339196
 20
7393.216186002074
 10
8406.555915470944
 20
7397.861922080417
 10
8412.049923471031
 20
7402.168874669162
 10
8418.570163339346
 20
7406.063350615404
 10
8426.00507196399
 20
7409.47871435595
 10
8434.227435997049
 20
7412.356528070281
 10
8443.09656851025
 20
7414.647551567863
 10
8452.4607161873
 20
7416.312584801463
 10
8462.159655865213
 20
7417.323138590819
 10
8472.02743599705
 20
7417.661922080417
 10
8481.895216128885
 20
7417.323138590819
 10
8491.594155806799
 20
7416.312584801463
 10
8500.95830348385
 20
7414.647551567863
 10
8509.82743599705
 20
7412.356528070281
 10
8518.049800030109
 20
7409.47871435595
 10
8525.484708654752
 20
7406.063350615404
 10
8532.004948523067
 20
7402.168874669162
 10
8537.498956523152
 20
7397.861922080417
 10
8541.872728654902
 20
7393.216186002074
 10
8545.051428464503
 20
7388.311156266476
 10
8546.98066751691
 20
7383.230759292331
  0
HATCH
  5
3E8
330
17
100
AcDbEntity
  8
I-PLANT
 62
7
420
7582315
100
AcDbHatch
 10
0.0
 20
0.0
 30
0.0
210
0.0
220
0.0
230
1.0
  2
SOLID
 70
1
 71
0
 91
1
 92
3
 72
0
 73
1
 93
48
 10
8547.627435997048
 20
7378.0619220804165
 10
8546.98066751691
 20
7372.893084868502
 10
8545.051428464503
 20
7367.812687894357
 10
8541.872728654902
 20
7362.907658158759
 10
8537.498956523152
 20
7358.261922080416
 10
8532.004948523067
 20
7353.954969491671
 10
8525.484708654752
 20
7350.060493545429
 10
8518.049800030109
 20
7346.645129804883
 10
8509.82743599705
 20
7343.767316090552
 10
8500.95830348385
 20
7341.47629259297
 10
8491.5941558068
 20
7339.81125935937
 10
8481.895216128885
 20
7338.800705570014
 10
8472.02743599705
 20
7338.461922080416
 10
8462.159655865213
 20
7338.800705570014
 10
8452.4607161873
 20
7339.81125935937
 10
8443.09656851025
 20
7341.47629259297
 10
8434.227435997049
 20
7343.767316090552
 10
8426.00507196399
 20
7346.645129804883
 10
8418.570163339346
 20
7350.060493545429
 10
8412.049923471031
 20
7353.954969491671
 10
8406.555915470944
 20
7358.261922080416
 10
8402.182143339196
 20
7362.907658158759
 10
8399.003443529597
 20
7367.812687894357
 10
8397.074204477189
 20
7372.893084868502
 10
8396.42743599705
 20
7378.0619220804165
 10
8397.074204477189
 20
7383.230759292331
 10
8399.003443529597
 20
7388.311156266476
 10
8402.182143339196
 20
7393.216186002074
 10
8406.555915470944
 20
7397.861922080417
 10
8412.049923471031
 20
7402.168874669162
 10
8418.570163339346
 20
7406.063350615404
 10
8426.00507196399
 20
7409.47871435595
 10
8434.227435997049
 20
7412.356528070281
 10
8443.09656851025
 20
7414.647551567863
 10
8452.4607161873
 20
7416.312584801463
 10
8462.159655865213
 20
7417.323138590819
 10
8472.02743599705
 20
7417.661922080417
 10
8481.895216128885
 20
7417.323138590819
 10
8491.594155806799
 20
7416.312584801463
 10
8500.95830348385
 20
7414.647551567863
 10
8509.82743599705
 20
7412.356528070281
 10
8518.049800030109
 20
7409.47871435595
 10
8525.484708654752
 20
7406.063350615404
 10
8532.004948523067
 20
7402.168874669162
 10
8537.498956523152
 20
7397.861922080417
 10
8541.872728654902
 20
7393.216186002074
 10
8545.051428464503
 20
7388.311156266476
 10
8546.98066751691
 20
7383.230759292331
 97
0
 75
1
 76
1
 98
0
  0
LWPOLYLINE
  5
3E9
330
17
100
AcDbEntity
  8
I-PLANT
370
9
420
3698749
100
AcDbPolyline
 90
48
 70
1
 10
8559.833021537015
 20
7447.283237451018
 10
8559.186253056876
 20
7442.114400239104
 10
8557.25701400447
 20
7437.034003264958
 10
8554.078314194869
 20
7432.12897352936
 10
8549.704542063118
 20
7427.483237451018
 10
8544.210534063033
 20
7423.176284862273
 10
8537.69029419472
 20
7419.281808916031
 10
8530.255385570075
 20
7415.866445175485
 10
8522.033021537016
 20
7412.988631461154
 10
8513.163889023817
 20
7410.6976079635715
 10
8503.799741346767
 20
7409.032574729971
 10
8494.100801668852
 20
7408.022020940615
 10
8484.233021537017
 20
7407.683237451018
 10
8474.36524140518
 20
7408.022020940615
 10
8464.666301727266
 20
7409.032574729971
 10
8455.302154050216
 20
7410.6976079635715
 10
8446.433021537016
 20
7412.988631461154
 10
8438.210657503956
 20
7415.866445175485
 10
8430.775748879312
 20
7419.281808916031
 10
8424.255509010998
 20
7423.176284862273
 10
8418.761501010911
 20
7427.483237451018
 10
8414.387728879163
 20
7432.12897352936
 10
8411.209029069563
 20
7437.034003264958
 10
8409.279790017155
 20
7442.114400239104
 10
8408.633021537016
 20
7447.283237451018
 10
8409.279790017155
 20
7452.452074662932
 10
8411.209029069563
 20
7457.532471637078
 10
8414.387728879163
 20
7462.437501372676
 10
8418.761501010911
 20
7467.083237451018
 10
8424.255509010998
 20
7471.390190039763
 10
8430.775748879312
 20
7475.284665986005
 10
8438.210657503956
 20
7478.700029726551
 10
8446.433021537016
 20
7481.577843440882
 10
8455.302154050216
 20
7483.868866938465
 10
8464.666301727266
 20
7485.533900172065
 10
8474.36524140518
 20
7486.544453961421
 10
8484.233021537017
 20
7486.883237451018
 10
8494.100801668852
 20
7486.544453961421
 10
8503.799741346766
 20
7485.533900172065
 10
8513.163889023817
 20
7483.868866938465
 10
8522.033021537016
 20
7481.577843440882
 10
8530.255385570075
 20
7478.700029726551
 10
8537.69029419472
 20
7475.284665986005
 10
8544.210534063033
 20
7471.390190039763
 10
8549.704542063118
 20
7467.083237451018
 10
8554.078314194869
 20
7462.437501372676
 10
8557.25701400447
 20
7457.532471637078
 10
8559.186253056876
 20
7452.452074662932
  0
HATCH
  5
3EA
330
17
100
AcDbEntity
  8
I-PLANT
 62
7
420
7582315
100
AcDbHatch
 10
0.0
 20
0.0
 30
0.0
210
0.0
220
0.0
230
1.0
  2
SOLID
 70
1
 71
0
 91
1
 92
3
 72
0
 73
1
 93
48
 10
8559.833021537015
 20
7447.283237451018
 10
8559.186253056876
 20
7442.114400239104
 10
8557.25701400447
 20
7437.034003264958
 10
8554.078314194869
 20
7432.12897352936
 10
8549.704542063118
 20
7427.483237451018
 10
8544.210534063033
 20
7423.176284862273
 10
8537.69029419472
 20
7419.281808916031
 10
8530.255385570075
 20
7415.866445175485
 10
8522.033021537016
 20
7412.988631461154
 10
8513.163889023817
 20
7410.6976079635715
 10
8503.799741346767
 20
7409.032574729971
 10
8494.100801668852
 20
7408.022020940615
 10
8484.233021537017
 20
7407.683237451018
 10
8474.36524140518
 20
7408.022020940615
 10
8464.666301727266
 20
7409.032574729971
 10
8455.302154050216
 20
7410.6976079635715
 10
8446.433021537016
 20
7412.988631461154
 10
8438.210657503956
 20
7415.866445175485
 10
8430.775748879312
 20
7419.281808916031
 10
8424.255509010998
 20
7423.176284862273
 10
8418.761501010911
 20
7427.483237451018
 10
8414.387728879163
 20
7432.12897352936
 10
8411.209029069563
 20
7437.034003264958
 10
8409.279790017155
 20
7442.114400239104
 10
8408.633021537016
 20
7447.283237451018
 10
8409.279790017155
 20
7452.452074662932
 10
8411.209029069563
 20
7457.532471637078
 10
8414.387728879163
 20
7462.437501372676
 10
8418.761501010911
 20
7467.083237451018
 10
8424.255509010998
 20
7471.390190039763
 10
8430.775748879312
 20
7475.284665986005
 10
8438.210657503956
 20
7478.700029726551
 10
8446.433021537016
 20
7481.577843440882
 10
8455.302154050216
 20
7483.868866938465
 10
8464.666301727266
 20
7485.533900172065
 10
8474.36524140518
 20
7486.544453961421
 10
8484.233021537017
 20
7486.883237451018
 10
8494.100801668852
 20
7486.544453961421
 10
8503.799741346766
 20
7485.533900172065
 10
8513.163889023817
 20
7483.868866938465
 10
8522.033021537016
 20
7481.577843440882
 10
8530.255385570075
 20
7478.700029726551
 10
8537.69029419472
 20
7475.284665986005
 10
8544.210534063033
 20
7471.390190039763
 10
8549.704542063118
 20
7467.083237451018
 10
8554.078314194869
 20
7462.437501372676
 10
8557.25701400447
 20
7457.532471637078
 10
8559.186253056876
 20
7452.452074662932
 97
0
 75
1
 76
1
 98
0
  0
LWPOLYLINE
  5
3EB
330
17
100
AcDbEntity
  8
I-PLANT
370
9
420
3698749
100
AcDbPolyline
 90
48
 70
1
 10
8621.562483261483
 20
7480.899310618733
 10
8620.915714781344
 20
7475.730473406818
 10
8618.986475728936
 20
7470.650076432673
 10
8615.807775919337
 20
7465.745046697075
 10
8611.434003787588
 20
7461.0993106187325
 10
8605.939995787501
 20
7456.792358029988
 10
8599.419755919187
 20
7452.897882083746
 10
8591.984847294543
 20
7449.482518343199
 10
8583.762483261484
 20
7446.604704628869
 10
8574.893350748283
 20
7444.313681131286
 10
8565.529203071233
 20
7442.648647897686
 10
8555.83026339332
 20
7441.63809410833
 10
8545.962483261483
 20
7441.299310618732
 10
8536.094703129647
 20
7441.63809410833
 10
8526.395763451734
 20
7442.648647897686
 10
8517.031615774682
 20
7444.313681131286
 10
8508.162483261483
 20
7446.604704628869
 10
8499.940119228424
 20
7449.482518343199
 10
8492.50521060378
 20
7452.897882083746
 10
8485.984970735466
 20
7456.792358029988
 10
8480.49096273538
 20
7461.0993106187325
 10
8476.11719060363
 20
7465.745046697075
 10
8472.93849079403
 20
7470.650076432673
 10
8471.009251741623
 20
7475.730473406818
 10
8470.362483261484
 20
7480.899310618733
 10
8471.009251741623
 20
7486.068147830647
 10
8472.93849079403
 20
7491.148544804792
 10
8476.11719060363
 20
7496.05357454039
 10
8480.49096273538
 20
7500.699310618733
 10
8485.984970735466
 20
7505.006263207478
 10
8492.50521060378
 20
7508.90073915372
 10
8499.940119228424
 20
7512.316102894266
 10
8508.162483261483
 20
7515.193916608597
 10
8517.031615774682
 20
7517.484940106179
 10
8526.395763451734
 20
7519.1499733397795
 10
8536.094703129647
 20
7520.1605271291355
 10
8545.962483261483
 20
7520.499310618733
 10
8555.83026339332
 20
7520.1605271291355
 10
8565.529203071233
 20
7519.1499733397795
 10
8574.893350748283
 20
7517.484940106179
 10
8583.762483261484
 20
7515.193916608597
 10
8591.984847294543
 20
7512.316102894266
 10
8599.419755919187
 20
7508.90073915372
 10
8605.939995787501
 20
7505.006263207478
 10
8611.434003787588
 20
7500.699310618733
 10
8615.807775919337
 20
7496.05357454039
 10
8618.986475728936
 20
7491.148544804792
 10
8620.915714781344
 20
7486.068147830647
  0
HATCH
  5
3EC
330
17
100
AcDbEntity
  8
I-PLANT
 62
7
420
7582315
100
AcDbHatch
 10
0.0
 20
0.0
 30
0.0
210
0.0
220
0.0
230
1.0
  2
SOLID
 70
1
 71
0
 91
1
 92
3
 72
0
 73
1
 93
48
 10
8621.562483261483
 20
7480.899310618733
 10
8620.915714781344
 20
7475.730473406818
 10
8618.986475728936
 20
7470.650076432673
 10
8615.807775919337
 20
7465.745046697075
 10
8611.434003787588
 20
7461.0993106187325
 10
8605.939995787501
 20
7456.792358029988
 10
8599.419755919187
 20
7452.897882083746
 10
8591.984847294543
 20
7449.482518343199
 10
8583.762483261484
 20
7446.604704628869
 10
8574.893350748283
 20
7444.313681131286
 10
8565.529203071233
 20
7442.648647897686
 10
8555.83026339332
 20
7441.63809410833
 10
8545.962483261483
 20
7441.299310618732
 10
8536.094703129647
 20
7441.63809410833
 10
8526.395763451734
 20
7442.648647897686
 10
8517.031615774682
 20
7444.313681131286
 10
8508.162483261483
 20
7446.604704628869
 10
8499.940119228424
 20
7449.482518343199
 10
8492.50521060378
 20
7452.897882083746
 10
8485.984970735466
 20
7456.792358029988
 10
8480.49096273538
 20
7461.0993106187325
 10
8476.11719060363
 20
7465.745046697075
 10
8472.93849079403
 20
7470.650076432673
 10
8471.009251741623
 20
7475.730473406818
 10
8470.362483261484
 20
7480.899310618733
 10
8471.009251741623
 20
7486.068147830647
 10
8472.93849079403
 20
7491.148544804792
 10
8476.11719060363
 20
7496.05357454039
 10
8480.49096273538
 20
7500.699310618733
 10
8485.984970735466
 20
7505.006263207478
 10
8492.50521060378
 20
7508.90073915372
 10
8499.940119228424
 20
7512.316102894266
 10
8508.162483261483
 20
7515.193916608597
 10
8517.031615774682
 20
7517.484940106179
 10
8526.395763451734
 20
7519.1499733397795
 10
8536.094703129647
 20
7520.1605271291355
 10
8545.962483261483
 20
7520.499310618733
 10
8555.83026339332
 20
7520.1605271291355
 10
8565.529203071233
 20
7519.1499733397795
 10
8574.893350748283
 20
7517.484940106179
 10
8583.762483261484
 20
7515.193916608597
 10
8591.984847294543
 20
7512.316102894266
 10
8599.419755919187
 20
7508.90073915372
 10
8605.939995787501
 20
7505.006263207478
 10
8611.434003787588
 20
7500.699310618733
 10
8615.807775919337
 20
7496.05357454039
 10
8618.986475728936
 20
7491.148544804792
 10
8620.915714781344
 20
7486.068147830647
 97
0
 75
1
 76
1
 98
0
  0
LWPOLYLINE
  5
3ED
330
17
100
AcDbEntity
  8
I-PLANT
370
9
420
3698749
100
AcDbPolyline
 90
48
 70
1
 10
8686.332277440386
 20
7453.596552845345
 10
8685.685508960247
 20
7448.427715633431
 10
8683.75626990784
 20
7443.3473186592855
 10
8680.57757009824
 20
7438.442288923688
 10
8676.20379796649
 20
7433.796552845345
 10
8670.709789966404
 20
7429.4896002566
 10
8664.18955009809
 20
7425.595124310358
 10
8656.754641473446
 20
7422.179760569812
 10
8648.532277440387
 20
7419.301946855481
 10
8639.663144927188
 20
7417.010923357899
 10
8630.298997250138
 20
7415.345890124298
 10
8620.600057572223
 20
7414.335336334942
 10
8610.732277440387
 20
7413.996552845345
 10
8600.86449730855
 20
7414.335336334942
 10
8591.165557630637
 20
7415.345890124298
 10
8581.801409953587
 20
7417.010923357899
 10
8572.932277440386
 20
7419.301946855481
 10
8564.709913407327
 20
7422.179760569812
 10
8557.275004782683
 20
7425.595124310358
 10
8550.754764914369
 20
7429.4896002566
 10
8545.260756914282
 20
7433.796552845345
 10
8540.886984782534
 20
7438.442288923688
 10
8537.708284972934
 20
7443.3473186592855
 10
8535.779045920526
 20
7448.427715633431
 10
8535.132277440387
 20
7453.596552845345
 10
8535.779045920526
 20
7458.7653900572595
 10
8537.708284972934
 20
7463.845787031405
 10
8540.886984782534
 20
7468.750816767003
 10
8545.260756914282
 20
7473.3965528453455
 10
8550.754764914369
 20
7477.70350543409
 10
8557.275004782683
 20
7481.597981380332
 10
8564.709913407327
 20
7485.0133451208785
 10
8572.932277440386
 20
7487.891158835209
 10
8581.801409953587
 20
7490.182182332792
 10
8591.165557630637
 20
7491.847215566392
 10
8600.86449730855
 20
7492.857769355748
 10
8610.732277440387
 20
7493.196552845346
 10
8620.600057572223
 20
7492.857769355748
 10
8630.298997250136
 20
7491.847215566392
 10
8639.663144927188
 20
7490.182182332792
 10
8648.532277440387
 20
7487.891158835209
 10
8656.754641473446
 20
7485.0133451208785
 10
8664.18955009809
 20
7481.597981380332
 10
8670.709789966404
 20
7477.70350543409
 10
8676.20379796649
 20
7473.3965528453455
 10
8680.57757009824
 20
7468.750816767003
 10
8683.75626990784
 20
7463.845787031405
 10
8685.685508960247
 20
7458.7653900572595
  0
HATCH
  5
3EE
330
17
100
AcDbEntity
  8
I-PLANT
 62
7
420
7582315
100
AcDbHatch
 10
0.0
 20
0.0
 30
0.0
210
0.0
220
0.0
230
1.0
  2
SOLID
 70
1
 71
0
 91
1
 92
3
 72
0
 73
1
 93
48
 10
8686.332277440386
 20
7453.596552845345
 10
8685.685508960247
 20
7448.427715633431
 10
8683.75626990784
 20
7443.3473186592855
 10
8680.57757009824
 20
7438.442288923688
 10
8676.20379796649
 20
7433.796552845345
 10
8670.709789966404
 20
7429.4896002566
 10
8664.18955009809
 20
7425.595124310358
 10
8656.754641473446
 20
7422.179760569812
 10
8648.532277440387
 20
7419.301946855481
 10
8639.663144927188
 20
7417.010923357899
 10
8630.298997250138
 20
7415.345890124298
 10
8620.600057572223
 20
7414.335336334942
 10
8610.732277440387
 20
7413.996552845345
 10
8600.86449730855
 20
7414.335336334942
 10
8591.165557630637
 20
7415.345890124298
 10
8581.801409953587
 20
7417.010923357899
 10
8572.932277440386
 20
7419.301946855481
 10
8564.709913407327
 20
7422.179760569812
 10
8557.275004782683
 20
7425.595124310358
 10
8550.754764914369
 20
7429.4896002566
 10
8545.260756914282
 20
7433.796552845345
 10
8540.886984782534
 20
7438.442288923688
 10
8537.708284972934
 20
7443.3473186592855
 10
8535.779045920526
 20
7448.427715633431
 10
8535.132277440387
 20
7453.596552845345
 10
8535.779045920526
 20
7458.7653900572595
 10
8537.708284972934
 20
7463.845787031405
 10
8540.886984782534
 20
7468.750816767003
 10
8545.260756914282
 20
7473.3965528453455
 10
8550.754764914369
 20
7477.70350543409
 10
8557.275004782683
 20
7481.597981380332
 10
8564.709913407327
 20
7485.0133451208785
 10
8572.932277440386
 20
7487.891158835209
 10
8581.801409953587
 20
7490.182182332792
 10
8591.165557630637
 20
7491.847215566392
 10
8600.86449730855
 20
7492.857769355748
 10
8610.732277440387
 20
7493.196552845346
 10
8620.600057572223
 20
7492.857769355748
 10
8630.298997250136
 20
7491.847215566392
 10
8639.663144927188
 20
7490.182182332792
 10
8648.532277440387
 20
7487.891158835209
 10
8656.754641473446
 20
7485.0133451208785
 10
8664.18955009809
 20
7481.597981380332
 10
8670.709789966404
 20
7477.70350543409
 10
8676.20379796649
 20
7473.3965528453455
 10
8680.57757009824
 20
7468.750816767003
 10
8683.75626990784
 20
7463.845787031405
 10
8685.685508960247
 20
7458.7653900572595
 97
0
 75
1
 76
1
 98
0
  0
CIRCLE
  5
3EF
330
17
100
AcDbEntity
  8
I-PLANT
370
9
420
3698749
100
AcDbCircle
 10
8550.0
 20
7400.0
 30
0.0
 40
32.4
  0
HATCH
  5
3F0
330
17
100
AcDbEntity
  8
I-PLANT
 62
7
420
9199936
100
AcDbHatch
 10
0.0
 20
0.0
 30
0.0
210
0.0
220
0.0
230
1.0
  2
SOLID
 70
1
 71
0
 91
1
 92
1
 93
1
 72
2
 10
8550.0
 20
7400.0
 40
32.4
 50
0
 51
360
 73
1
 97
0
 75
1
 76
1
 98
0
  0
LWPOLYLINE
  5
3F1
330
17
100
AcDbEntity
  8
I-FIXT
370
13
420
5000274
100
AcDbPolyline
 90
4
 70
1
 10
8200.0
 20
8850.0
 10
8400.0
 20
8850.0
 10
8400.0
 20
8250.0
 10
8200.0
 20
8250.0
  0
HATCH
  5
3F2
330
17
100
AcDbEntity
  8
I-FIXT
 62
7
420
16777215
100
AcDbHatch
 10
0.0
 20
0.0
 30
0.0
210
0.0
220
0.0
230
1.0
  2
SOLID
 70
1
 71
0
 91
1
 92
3
 72
0
 73
1
 93
4
 10
8200.0
 20
8850.0
 10
8400.0
 20
8850.0
 10
8400.0
 20
8250.0
 10
8200.0
 20
8250.0
 97
0
 75
1
 76
1
 98
0
  0
LWPOLYLINE
  5
3F3
330
17
100
AcDbEntity
  8
I-FIXT
370
13
420
5000274
100
AcDbPolyline
 90
48
 70
1
 10
8900.0
 20
8450.0
 10
8897.861215343451
 20
8427.810547322591
 10
8891.481456572266
 20
8406.000762332573
 10
8880.969883127822
 20
8384.943816497935
 10
8866.50635094611
 20
8365.0
 10
8848.338335072809
 20
8346.510557068517
 10
8826.776695296638
 20
8329.791847198287
 10
8802.19035725218
 20
8315.12993215049
 10
8775.0
 20
8302.775681356645
 10
8745.670858091273
 20
8292.940479473082
 10
8714.70476127563
 20
8285.792609530858
 10
8682.631548055013
 20
8281.454373566452
 10
8650.0
 20
8280.0
 10
8617.368451944987
 20
8281.454373566452
 10
8585.29523872437
 20
8285.792609530858
 10
8554.329141908727
 20
8292.94047947308
 10
8525.0
 20
8302.775681356645
 10
8497.80964274782
 20
8315.12993215049
 10
8473.223304703362
 20
8329.791847198287
 10
8451.661664927191
 20
8346.510557068517
 10
8433.49364905389
 20
8365.0
 10
8419.030116872178
 20
8384.943816497935
 10
8408.518543427734
 20
8406.000762332573
 10
8402.138784656549
 20
8427.810547322591
 10
8400.0
 20
8450.0
 10
8402.138784656549
 20
8472.189452677409
 10
8408.518543427734
 20
8493.999237667427
 10
8419.030116872178
 20
8515.056183502065
 10
8433.49364905389
 20
8535.0
 10
8451.661664927191
 20
8553.489442931483
 10
8473.223304703362
 20
8570.208152801713
 10
8497.80964274782
 20
8584.87006784951
 10
8525.0
 20
8597.224318643355
 10
8554.329141908727
 20
8607.05952052692
 10
8585.29523872437
 20
8614.207390469142
 10
8617.368451944987
 20
8618.545626433548
 10
8650.0
 20
8620.0
 10
8682.631548055013
 20
8618.545626433548
 10
8714.70476127563
 20
8614.207390469142
 10
8745.670858091273
 20
8607.05952052692
 10
8775.0
 20
8597.224318643355
 10
8802.19035725218
 20
8584.87006784951
 10
8826.776695296638
 20
8570.208152801713
 10
8848.338335072809
 20
8553.489442931483
 10
8866.50635094611
 20
8535.0
 10
8880.969883127822
 20
8515.056183502065
 10
8891.481456572266
 20
8493.999237667429
 10
8897.861215343451
 20
8472.189452677409
  0
HATCH
  5
3F4
330
17
100
AcDbEntity
  8
I-FIXT
 62
7
420
16777215
100
AcDbHatch
 10
0.0
 20
0.0
 30
0.0
210
0.0
220
0.0
230
1.0
  2
SOLID
 70
1
 71
0
 91
1
 92
3
 72
0
 73
1
 93
48
 10
8900.0
 20
8450.0
 10
8897.861215343451
 20
8427.810547322591
 10
8891.481456572266
 20
8406.000762332573
 10
8880.969883127822
 20
8384.943816497935
 10
8866.50635094611
 20
8365.0
 10
8848.338335072809
 20
8346.510557068517
 10
8826.776695296638
 20
8329.791847198287
 10
8802.19035725218
 20
8315.12993215049
 10
8775.0
 20
8302.775681356645
 10
8745.670858091273
 20
8292.940479473082
 10
8714.70476127563
 20
8285.792609530858
 10
8682.631548055013
 20
8281.454373566452
 10
8650.0
 20
8280.0
 10
8617.368451944987
 20
8281.454373566452
 10
8585.29523872437
 20
8285.792609530858
 10
8554.329141908727
 20
8292.94047947308
 10
8525.0
 20
8302.775681356645
 10
8497.80964274782
 20
8315.12993215049
 10
8473.223304703362
 20
8329.791847198287
 10
8451.661664927191
 20
8346.510557068517
 10
8433.49364905389
 20
8365.0
 10
8419.030116872178
 20
8384.943816497935
 10
8408.518543427734
 20
8406.000762332573
 10
8402.138784656549
 20
8427.810547322591
 10
8400.0
 20
8450.0
 10
8402.138784656549
 20
8472.189452677409
 10
8408.518543427734
 20
8493.999237667427
 10
8419.030116872178
 20
8515.056183502065
 10
8433.49364905389
 20
8535.0
 10
8451.661664927191
 20
8553.489442931483
 10
8473.223304703362
 20
8570.208152801713
 10
8497.80964274782
 20
8584.87006784951
 10
8525.0
 20
8597.224318643355
 10
8554.329141908727
 20
8607.05952052692
 10
8585.29523872437
 20
8614.207390469142
 10
8617.368451944987
 20
8618.545626433548
 10
8650.0
 20
8620.0
 10
8682.631548055013
 20
8618.545626433548
 10
8714.70476127563
 20
8614.207390469142
 10
8745.670858091273
 20
8607.05952052692
 10
8775.0
 20
8597.224318643355
 10
8802.19035725218
 20
8584.87006784951
 10
8826.776695296638
 20
8570.208152801713
 10
8848.338335072809
 20
8553.489442931483
 10
8866.50635094611
 20
8535.0
 10
8880.969883127822
 20
8515.056183502065
 10
8891.481456572266
 20
8493.999237667429
 10
8897.861215343451
 20
8472.189452677409
 97
0
 75
1
 76
1
 98
0
  0
LWPOLYLINE
  5
3F5
330
17
100
AcDbEntity
  8
I-FIXT
370
13
420
5000274
100
AcDbPolyline
 90
4
 70
1
 10
8400.0
 20
9050.0
 10
8900.0
 20
9050.0
 10
8900.0
 20
8650.0
 10
8400.0
 20
8650.0
  0
HATCH
  5
3F6
330
17
100
AcDbEntity
  8
I-FIXT
 62
7
420
7886656
100
AcDbHatch
 10
0.0
 20
0.0
 30
0.0
210
0.0
220
0.0
230
1.0
  2
SOLID
 70
1
 71
0
 91
1
 92
3
 72
0
 73
1
 93
4
 10
8400.0
 20
9050.0
 10
8900.0
 20
9050.0
 10
8900.0
 20
8650.0
 10
8400.0
 20
8650.0
 97
0
 75
1
 76
1
 98
0
  0
LWPOLYLINE
  5
3F7
330
17
100
AcDbEntity
  8
I-FIXT
370
13
420
5000274
100
AcDbPolyline
 90
48
 70
1
 10
8820.0
 20
8820.0
 10
8818.545626433548
 20
8805.642118855794
 10
8814.207390469142
 20
8791.529905038722
 10
8807.059520526918
 20
8777.90482243984
 10
8797.224318643355
 20
8765.0
 10
8784.87006784951
 20
8753.036242809041
 10
8770.208152801713
 20
8742.21825406948
 10
8753.489442931483
 20
8732.731132567964
 10
8735.0
 20
8724.737205583711
 10
8715.056183502065
 20
8718.373251423758
 10
8693.999237667429
 20
8713.748159108203
 10
8672.189452677409
 20
8710.94106524888
 10
8650.0
 20
8710.0
 10
8627.810547322591
 20
8710.94106524888
 10
8606.000762332571
 20
8713.748159108203
 10
8584.943816497935
 20
8718.373251423758
 10
8565.0
 20
8724.737205583711
 10
8546.510557068517
 20
8732.731132567964
 10
8529.791847198287
 20
8742.21825406948
 10
8515.12993215049
 20
8753.036242809041
 10
8502.775681356645
 20
8765.0
 10
8492.940479473082
 20
8777.90482243984
 10
8485.792609530858
 20
8791.529905038722
 10
8481.454373566452
 20
8805.642118855794
 10
8480.0
 20
8820.0
 10
8481.454373566452
 20
8834.357881144206
 10
8485.792609530858
 20
8848.470094961278
 10
8492.940479473082
 20
8862.09517756016
 10
8502.775681356645
 20
8875.0
 10
8515.12993215049
 20
8886.963757190959
 10
8529.791847198287
 20
8897.78174593052
 10
8546.510557068517
 20
8907.268867432036
 10
8565.0
 20
8915.262794416289
 10
8584.943816497935
 20
8921.626748576242
 10
8606.000762332571
 20
8926.251840891797
 10
8627.810547322591
 20
8929.05893475112
 10
8650.0
 20
8930.0
 10
8672.189452677409
 20
8929.05893475112
 10
8693.999237667429
 20
8926.251840891797
 10
8715.056183502065
 20
8921.626748576242
 10
8735.0
 20
8915.262794416289
 10
8753.489442931483
 20
8907.268867432036
 10
8770.208152801713
 20
8897.78174593052
 10
8784.87006784951
 20
8886.963757190959
 10
8797.224318643355
 20
8875.0
 10
8807.059520526918
 20
8862.09517756016
 10
8814.207390469142
 20
8848.470094961278
 10
8818.545626433548
 20
8834.357881144206
  0
HATCH
  5
3F8
330
17
100
AcDbEntity
  8
I-FIXT
 62
7
420
16777215
100
AcDbHatch
 10
0.0
 20
0.0
 30
0.0
210
0.0
220
0.0
230
1.0
  2
SOLID
 70
1
 71
0
 91
1
 92
3
 72
0
 73
1
 93
48
 10
8820.0
 20
8820.0
 10
8818.545626433548
 20
8805.642118855794
 10
8814.207390469142
 20
8791.529905038722
 10
8807.059520526918
 20
8777.90482243984
 10
8797.224318643355
 20
8765.0
 10
8784.87006784951
 20
8753.036242809041
 10
8770.208152801713
 20
8742.21825406948
 10
8753.489442931483
 20
8732.731132567964
 10
8735.0
 20
8724.737205583711
 10
8715.056183502065
 20
8718.373251423758
 10
8693.999237667429
 20
8713.748159108203
 10
8672.189452677409
 20
8710.94106524888
 10
8650.0
 20
8710.0
 10
8627.810547322591
 20
8710.94106524888
 10
8606.000762332571
 20
8713.748159108203
 10
8584.943816497935
 20
8718.373251423758
 10
8565.0
 20
8724.737205583711
 10
8546.510557068517
 20
8732.731132567964
 10
8529.791847198287
 20
8742.21825406948
 10
8515.12993215049
 20
8753.036242809041
 10
8502.775681356645
 20
8765.0
 10
8492.940479473082
 20
8777.90482243984
 10
8485.792609530858
 20
8791.529905038722
 10
8481.454373566452
 20
8805.642118855794
 10
8480.0
 20
8820.0
 10
8481.454373566452
 20
8834.357881144206
 10
8485.792609530858
 20
8848.470094961278
 10
8492.940479473082
 20
8862.09517756016
 10
8502.775681356645
 20
8875.0
 10
8515.12993215049
 20
8886.963757190959
 10
8529.791847198287
 20
8897.78174593052
 10
8546.510557068517
 20
8907.268867432036
 10
8565.0
 20
8915.262794416289
 10
8584.943816497935
 20
8921.626748576242
 10
8606.000762332571
 20
8926.251840891797
 10
8627.810547322591
 20
8929.05893475112
 10
8650.0
 20
8930.0
 10
8672.189452677409
 20
8929.05893475112
 10
8693.999237667429
 20
8926.251840891797
 10
8715.056183502065
 20
8921.626748576242
 10
8735.0
 20
8915.262794416289
 10
8753.489442931483
 20
8907.268867432036
 10
8770.208152801713
 20
8897.78174593052
 10
8784.87006784951
 20
8886.963757190959
 10
8797.224318643355
 20
8875.0
 10
8807.059520526918
 20
8862.09517756016
 10
8814.207390469142
 20
8848.470094961278
 10
8818.545626433548
 20
8834.357881144206
 97
0
 75
1
 76
1
 98
0
  0
LWPOLYLINE
  5
3F9
330
17
100
AcDbEntity
  8
I-FIXT
370
13
420
5000274
100
AcDbPolyline
 90
4
 70
1
 10
9000.0
 20
9050.0
 10
9700.0
 20
9050.0
 10
9700.0
 20
8300.0
 10
9000.0
 20
8300.0
  0
HATCH
  5
3FA
330
17
100
AcDbEntity
  8
I-FIXT
 62
7
420
15462645
100
AcDbHatch
 10
0.0
 20
0.0
 30
0.0
210
0.0
220
0.0
230
1.0
  2
SOLID
 70
1
 71
0
 91
1
 92
3
 72
0
 73
1
 93
4
 10
9000.0
 20
9050.0
 10
9700.0
 20
9050.0
 10
9700.0
 20
8300.0
 10
9000.0
 20
8300.0
 97
0
 75
1
 76
1
 98
0
  0
CIRCLE
  5
3FB
330
17
100
AcDbEntity
  8
I-FURN
370
13
420
5000274
100
AcDbCircle
 10
9350.0
 20
8675.0
 30
0.0
 40
40.0
  0
HATCH
  5
3FC
330
17
100
AcDbEntity
  8
I-FURN
 62
7
420
13094100
100
AcDbHatch
 10
0.0
 20
0.0
 30
0.0
210
0.0
220
0.0
230
1.0
  2
SOLID
 70
1
 71
0
 91
1
 92
1
 93
1
 72
2
 10
9350.0
 20
8675.0
 40
40
 50
0
 51
360
 73
1
 97
0
 75
1
 76
1
 98
0
  0
LWPOLYLINE
  5
3FD
330
17
100
AcDbEntity
  8
I-FURN
370
13
420
5000274
100
AcDbPolyline
 90
4
 70
1
 10
9800.0
 20
9050.0
 10
11350.0
 20
9050.0
 10
11350.0
 20
8550.0
 10
9800.0
 20
8550.0
  0
HATCH
  5
3FE
330
17
100
AcDbEntity
  8
I-FURN
 62
7
420
15590356
100
AcDbHatch
 10
0.0
 20
0.0
 30
0.0
210
0.0
220
0.0
230
1.0
  2
SOLID
 70
1
 71
0
 91
1
 92
3
 72
0
 73
1
 93
4
 10
9800.0
 20
9050.0
 10
11350.0
 20
9050.0
 10
11350.0
 20
8550.0
 10
9800.0
 20
8550.0
 97
0
 75
1
 76
1
 98
0
  0
LWPOLYLINE
  5
3FF
330
17
100
AcDbEntity
  8
I-FURN
370
13
420
5000274
100
AcDbPolyline
 90
4
 70
1
 10
9800.0
 20
8550.0
 10
10100.0
 20
8550.0
 10
10100.0
 20
7900.0
 10
9800.0
 20
7900.0
  0
HATCH
  5
400
330
17
100
AcDbEntity
  8
I-FURN
 62
7
420
15590356
100
AcDbHatch
 10
0.0
 20
0.0
 30
0.0
210
0.0
220
0.0
230
1.0
  2
SOLID
 70
1
 71
0
 91
1
 92
3
 72
0
 73
1
 93
4
 10
9800.0
 20
8550.0
 10
10100.0
 20
8550.0
 10
10100.0
 20
7900.0
 10
9800.0
 20
7900.0
 97
0
 75
1
 76
1
 98
0
  0
LINE
  5
401
330
17
100
AcDbEntity
  8
I-FURN
370
13
420
8418150
100
AcDbLine
 10
9850.0
 20
8800.0
 30
0.0
 11
11300.0
 21
8800.0
 31
0.0
  0
LINE
  5
402
330
17
100
AcDbEntity
  8
I-FURN
370
35
420
5862297
100
AcDbLine
 10
9900.0
 20
8970.0
 30
0.0
 11
9930.0
 21
8630.0
 31
0.0
  0
LINE
  5
403
330
17
100
AcDbEntity
  8
I-FURN
370
35
420
14277073
100
AcDbLine
 10
9990.0
 20
8970.0
 30
0.0
 11
10020.0
 21
8630.0
 31
0.0
  0
LINE
  5
404
330
17
100
AcDbEntity
  8
I-FURN
370
35
420
11691609
100
AcDbLine
 10
10080.0
 20
8970.0
 30
0.0
 11
10110.0
 21
8630.0
 31
0.0
  0
LINE
  5
405
330
17
100
AcDbEntity
  8
I-FURN
370
35
420
4210759
100
AcDbLine
 10
10170.0
 20
8970.0
 30
0.0
 11
10200.0
 21
8630.0
 31
0.0
  0
LINE
  5
406
330
17
100
AcDbEntity
  8
I-FURN
370
35
420
15122316
100
AcDbLine
 10
10260.0
 20
8970.0
 30
0.0
 11
10290.0
 21
8630.0
 31
0.0
  0
LINE
  5
407
330
17
100
AcDbEntity
  8
I-FURN
370
35
420
5862297
100
AcDbLine
 10
10350.0
 20
8970.0
 30
0.0
 11
10380.0
 21
8630.0
 31
0.0
  0
LINE
  5
408
330
17
100
AcDbEntity
  8
I-FURN
370
35
420
14277073
100
AcDbLine
 10
10440.0
 20
8970.0
 30
0.0
 11
10470.0
 21
8630.0
 31
0.0
  0
LINE
  5
409
330
17
100
AcDbEntity
  8
I-FURN
370
35
420
11691609
100
AcDbLine
 10
10530.0
 20
8970.0
 30
0.0
 11
10560.0
 21
8630.0
 31
0.0
  0
LINE
  5
40A
330
17
100
AcDbEntity
  8
I-FURN
370
35
420
4210759
100
AcDbLine
 10
10620.0
 20
8970.0
 30
0.0
 11
10650.0
 21
8630.0
 31
0.0
  0
LINE
  5
40B
330
17
100
AcDbEntity
  8
I-FURN
370
35
420
15122316
100
AcDbLine
 10
10710.0
 20
8970.0
 30
0.0
 11
10740.0
 21
8630.0
 31
0.0
  0
LINE
  5
40C
330
17
100
AcDbEntity
  8
I-FURN
370
35
420
5862297
100
AcDbLine
 10
10800.0
 20
8970.0
 30
0.0
 11
10830.0
 21
8630.0
 31
0.0
  0
LINE
  5
40D
330
17
100
AcDbEntity
  8
I-FURN
370
35
420
14277073
100
AcDbLine
 10
10890.0
 20
8970.0
 30
0.0
 11
10920.0
 21
8630.0
 31
0.0
  0
LINE
  5
40E
330
17
100
AcDbEntity
  8
I-FURN
370
35
420
11691609
100
AcDbLine
 10
10980.0
 20
8970.0
 30
0.0
 11
11010.0
 21
8630.0
 31
0.0
  0
LINE
  5
40F
330
17
100
AcDbEntity
  8
I-FURN
370
35
420
4210759
100
AcDbLine
 10
11070.0
 20
8970.0
 30
0.0
 11
11100.0
 21
8630.0
 31
0.0
  0
LINE
  5
410
330
17
100
AcDbEntity
  8
I-FURN
370
35
420
15122316
100
AcDbLine
 10
11160.0
 20
8970.0
 30
0.0
 11
11190.0
 21
8630.0
 31
0.0
  0
CIRCLE
  5
411
330
17
100
AcDbEntity
  8
I-FURN
370
13
420
5000274
100
AcDbCircle
 10
10500.0
 20
8150.0
 30
0.0
 40
180.0
  0
HATCH
  5
412
330
17
100
AcDbEntity
  8
I-FURN
 62
7
420
14268569
100
AcDbHatch
 10
0.0
 20
0.0
 30
0.0
210
0.0
220
0.0
230
1.0
  2
SOLID
 70
1
 71
0
 91
1
 92
1
 93
1
 72
2
 10
10500.0
 20
8150.0
 40
180
 50
0
 51
360
 73
1
 97
0
 75
1
 76
1
 98
0
  0
LWPOLYLINE
  5
413
330
17
100
AcDbEntity
  8
I-FURN
370
13
420
3355456
100
AcDbPolyline
 90
4
 70
1
 10
5500.0
 20
4750.0
 10
7600.0
 20
4750.0
 10
7600.0
 20
4690.0
 10
5500.0
 20
4690.0
  0
HATCH
  5
414
330
17
100
AcDbEntity
  8
I-FURN
 62
7
420
15923199
100
AcDbHatch
 10
0.0
 20
0.0
 30
0.0
210
0.0
220
0.0
230
1.0
  2
SOLID
 70
1
 71
0
 91
1
 92
3
 72
0
 73
1
 93
4
 10
5500.0
 20
4750.0
 10
7600.0
 20
4750.0
 10
7600.0
 20
4690.0
 10
5500.0
 20
4690.0
 97
0
 75
1
 76
1
 98
0
  0
LWPOLYLINE
  5
415
330
17
100
AcDbEntity
  8
I-FIXT
370
9
420
9220850
100
AcDbPolyline
 90
4
 70
1
 10
5500.0
 20
4690.0
 10
7600.0
 20
4690.0
 10
6750.0
 20
1750.0
 10
6350.0
 20
1750.0
  0
LWPOLYLINE
  5
416
330
17
100
AcDbEntity
  8
I-FURN
370
13
420
5000274
100
AcDbPolyline
 90
4
 70
1
 10
5230.0
 20
4710.0
 10
5470.0
 20
4710.0
 10
5470.0
 20
4470.0
 10
5230.0
 20
4470.0
  0
HATCH
  5
417
330
17
100
AcDbEntity
  8
I-FURN
 62
7
420
1315866
100
AcDbHatch
 10
0.0
 20
0.0
 30
0.0
210
0.0
220
0.0
230
1.0
  2
SOLID
 70
1
 71
0
 91
1
 92
3
 72
0
 73
1
 93
4
 10
5230.0
 20
4710.0
 10
5470.0
 20
4710.0
 10
5470.0
 20
4470.0
 10
5230.0
 20
4470.0
 97
0
 75
1
 76
1
 98
0
  0
CIRCLE
  5
418
330
17
100
AcDbEntity
  8
I-FURN
370
13
420
5000274
100
AcDbCircle
 10
5350.0
 20
4590.0
 30
0.0
 40
60.0
  0
HATCH
  5
419
330
17
100
AcDbEntity
  8
I-FURN
 62
7
420
5000281
100
AcDbHatch
 10
0.0
 20
0.0
 30
0.0
210
0.0
220
0.0
230
1.0
  2
SOLID
 70
1
 71
0
 91
1
 92
1
 93
1
 72
2
 10
5350.0
 20
4590.0
 40
60
 50
0
 51
360
 73
1
 97
0
 75
1
 76
1
 98
0
  0
LWPOLYLINE
  5
41A
330
17
100
AcDbEntity
  8
I-FURN
370
13
420
5000274
100
AcDbPolyline
 90
4
 70
1
 10
7630.0
 20
4710.0
 10
7870.0
 20
4710.0
 10
7870.0
 20
4470.0
 10
7630.0
 20
4470.0
  0
HATCH
  5
41B
330
17
100
AcDbEntity
  8
I-FURN
 62
7
420
1315866
100
AcDbHatch
 10
0.0
 20
0.0
 30
0.0
210
0.0
220
0.0
230
1.0
  2
SOLID
 70
1
 71
0
 91
1
 92
3
 72
0
 73
1
 93
4
 10
7630.0
 20
4710.0
 10
7870.0
 20
4710.0
 10
7870.0
 20
4470.0
 10
7630.0
 20
4470.0
 97
0
 75
1
 76
1
 98
0
  0
CIRCLE
  5
41C
330
17
100
AcDbEntity
  8
I-FURN
370
13
420
5000274
100
AcDbCircle
 10
7750.0
 20
4590.0
 30
0.0
 40
60.0
  0
HATCH
  5
41D
330
17
100
AcDbEntity
  8
I-FURN
 62
7
420
5000281
100
AcDbHatch
 10
0.0
 20
0.0
 30
0.0
210
0.0
220
0.0
230
1.0
  2
SOLID
 70
1
 71
0
 91
1
 92
1
 93
1
 72
2
 10
7750.0
 20
4590.0
 40
60
 50
0
 51
360
 73
1
 97
0
 75
1
 76
1
 98
0
  0
LWPOLYLINE
  5
41E
330
17
100
AcDbEntity
  8
I-FURN
370
13
420
5000274
100
AcDbPolyline
 90
28
 70
1
 10
6070.0
 20
2850.0
 10
6098.470094961277
 20
2846.2518408917967
 10
6125.0
 20
2835.2627944162887
 10
6147.781745930521
 20
2817.7817459305206
 10
6165.262794416289
 20
2795.0
 10
6176.251840891798
 20
2768.470094961278
 10
6180.0
 20
2740.0
 10
6180.0
 20
2060.0
 10
6176.251840891798
 20
2031.529905038722
 10
6165.262794416289
 20
2005.0
 10
6147.781745930521
 20
1982.2182540694794
 10
6125.0
 20
1964.7372055837113
 10
6098.470094961277
 20
1953.7481591082033
 10
6070.0
 20
1950.0
 10
5630.0
 20
1950.0
 10
5601.529905038723
 20
1953.7481591082033
 10
5575.0
 20
1964.7372055837113
 10
5552.218254069479
 20
1982.2182540694794
 10
5534.737205583711
 20
2005.0
 10
5523.748159108202
 20
2031.529905038722
 10
5520.0
 20
2060.0
 10
5520.0
 20
2740.0
 10
5523.748159108202
 20
2768.470094961278
 10
5534.737205583711
 20
2795.0
 10
5552.218254069479
 20
2817.7817459305206
 10
5575.0
 20
2835.2627944162887
 10
5601.529905038723
 20
2846.2518408917967
 10
5630.0
 20
2850.0
  0
HATCH
  5
41F
330
17
100
AcDbEntity
  8
I-FURN
 62
7
420
9184304
100
AcDbHatch
 10
0.0
 20
0.0
 30
0.0
210
0.0
220
0.0
230
1.0
  2
SOLID
 70
1
 71
0
 91
1
 92
3
 72
0
 73
1
 93
28
 10
6070.0
 20
2850.0
 10
6098.470094961277
 20
2846.2518408917967
 10
6125.0
 20
2835.2627944162887
 10
6147.781745930521
 20
2817.7817459305206
 10
6165.262794416289
 20
2795.0
 10
6176.251840891798
 20
2768.470094961278
 10
6180.0
 20
2740.0
 10
6180.0
 20
2060.0
 10
6176.251840891798
 20
2031.529905038722
 10
6165.262794416289
 20
2005.0
 10
6147.781745930521
 20
1982.2182540694794
 10
6125.0
 20
1964.7372055837113
 10
6098.470094961277
 20
1953.7481591082033
 10
6070.0
 20
1950.0
 10
5630.0
 20
1950.0
 10
5601.529905038723
 20
1953.7481591082033
 10
5575.0
 20
1964.7372055837113
 10
5552.218254069479
 20
1982.2182540694794
 10
5534.737205583711
 20
2005.0
 10
5523.748159108202
 20
2031.529905038722
 10
5520.0
 20
2060.0
 10
5520.0
 20
2740.0
 10
5523.748159108202
 20
2768.470094961278
 10
5534.737205583711
 20
2795.0
 10
5552.218254069479
 20
2817.7817459305206
 10
5575.0
 20
2835.2627944162887
 10
5601.529905038723
 20
2846.2518408917967
 10
5630.0
 20
2850.0
 97
0
 75
1
 76
1
 98
0
  0
LWPOLYLINE
  5
420
330
17
100
AcDbEntity
  8
I-FURN
370
13
420
5000274
100
AcDbPolyline
 90
28
 70
1
 10
6120.0
 20
2200.0
 10
6135.529142706151
 20
2197.955549577344
 10
6150.0
 20
2191.9615242270665
 10
6162.426406871193
 20
2182.4264068711927
 10
6171.961524227067
 20
2170.0
 10
6177.955549577344
 20
2155.529142706151
 10
6180.0
 20
2140.0
 10
6180.0
 20
2010.0
 10
6177.955549577344
 20
1994.470857293849
 10
6171.961524227067
 20
1980.0
 10
6162.426406871193
 20
1967.5735931288073
 10
6150.0
 20
1958.0384757729335
 10
6135.529142706151
 20
1952.0444504226562
 10
6120.0
 20
1950.0
 10
5580.0
 20
1950.0
 10
5564.470857293849
 20
1952.0444504226562
 10
5550.0
 20
1958.0384757729335
 10
5537.573593128807
 20
1967.5735931288073
 10
5528.038475772933
 20
1980.0
 10
5522.044450422656
 20
1994.470857293849
 10
5520.0
 20
2010.0
 10
5520.0
 20
2140.0
 10
5522.044450422656
 20
2155.529142706151
 10
5528.038475772933
 20
2170.0
 10
5537.573593128807
 20
2182.4264068711927
 10
5550.0
 20
2191.9615242270665
 10
5564.470857293849
 20
2197.955549577344
 10
5580.0
 20
2200.0
  0
HATCH
  5
421
330
17
100
AcDbEntity
  8
I-FURN
 62
7
420
7017503
100
AcDbHatch
 10
0.0
 20
0.0
 30
0.0
210
0.0
220
0.0
230
1.0
  2
SOLID
 70
1
 71
0
 91
1
 92
3
 72
0
 73
1
 93
28
 10
6120.0
 20
2200.0
 10
6135.529142706151
 20
2197.955549577344
 10
6150.0
 20
2191.9615242270665
 10
6162.426406871193
 20
2182.4264068711927
 10
6171.961524227067
 20
2170.0
 10
6177.955549577344
 20
2155.529142706151
 10
6180.0
 20
2140.0
 10
6180.0
 20
2010.0
 10
6177.955549577344
 20
1994.470857293849
 10
6171.961524227067
 20
1980.0
 10
6162.426406871193
 20
1967.5735931288073
 10
6150.0
 20
1958.0384757729335
 10
6135.529142706151
 20
1952.0444504226562
 10
6120.0
 20
1950.0
 10
5580.0
 20
1950.0
 10
5564.470857293849
 20
1952.0444504226562
 10
5550.0
 20
1958.0384757729335
 10
5537.573593128807
 20
1967.5735931288073
 10
5528.038475772933
 20
1980.0
 10
5522.044450422656
 20
1994.470857293849
 10
5520.0
 20
2010.0
 10
5520.0
 20
2140.0
 10
5522.044450422656
 20
2155.529142706151
 10
5528.038475772933
 20
2170.0
 10
5537.573593128807
 20
2182.4264068711927
 10
5550.0
 20
2191.9615242270665
 10
5564.470857293849
 20
2197.955549577344
 10
5580.0
 20
2200.0
 97
0
 75
1
 76
1
 98
0
  0
LWPOLYLINE
  5
422
330
17
100
AcDbEntity
  8
I-FURN
370
5
100
AcDbPolyline
 90
28
 70
1
 10
6020.0
 20
2770.0
 10
6040.7055236082015
 20
2767.2740661031257
 10
6060.0
 20
2759.2820323027554
 10
6076.568542494924
 20
2746.5685424949243
 10
6089.282032302755
 20
2730.0
 10
6097.274066103126
 20
2710.7055236082015
 10
6100.0
 20
2690.0
 10
6100.0
 20
2330.0
 10
6097.274066103126
 20
2309.2944763917985
 10
6089.282032302755
 20
2290.0
 10
6076.568542494924
 20
2273.4314575050757
 10
6060.0
 20
2260.7179676972446
 10
6040.7055236082015
 20
2252.7259338968743
 10
6020.0
 20
2250.0
 10
5680.0
 20
2250.0
 10
5659.2944763917985
 20
2252.7259338968743
 10
5640.0
 20
2260.7179676972446
 10
5623.431457505076
 20
2273.4314575050757
 10
5610.717967697245
 20
2290.0
 10
5602.725933896874
 20
2309.2944763917985
 10
5600.0
 20
2330.0
 10
5600.0
 20
2690.0
 10
5602.725933896874
 20
2710.7055236082015
 10
5610.717967697245
 20
2730.0
 10
5623.431457505076
 20
2746.5685424949243
 10
5640.0
 20
2759.2820323027554
 10
5659.2944763917985
 20
2767.2740661031257
 10
5680.0
 20
2770.0
  0
HATCH
  5
423
330
17
100
AcDbEntity
  8
I-FURN
 62
7
420
11023168
100
AcDbHatch
 10
0.0
 20
0.0
 30
0.0
210
0.0
220
0.0
230
1.0
  2
SOLID
 70
1
 71
0
 91
1
 92
3
 72
0
 73
1
 93
28
 10
6020.0
 20
2770.0
 10
6040.7055236082015
 20
2767.2740661031257
 10
6060.0
 20
2759.2820323027554
 10
6076.568542494924
 20
2746.5685424949243
 10
6089.282032302755
 20
2730.0
 10
6097.274066103126
 20
2710.7055236082015
 10
6100.0
 20
2690.0
 10
6100.0
 20
2330.0
 10
6097.274066103126
 20
2309.2944763917985
 10
6089.282032302755
 20
2290.0
 10
6076.568542494924
 20
2273.4314575050757
 10
6060.0
 20
2260.7179676972446
 10
6040.7055236082015
 20
2252.7259338968743
 10
6020.0
 20
2250.0
 10
5680.0
 20
2250.0
 10
5659.2944763917985
 20
2252.7259338968743
 10
5640.0
 20
2260.7179676972446
 10
5623.431457505076
 20
2273.4314575050757
 10
5610.717967697245
 20
2290.0
 10
5602.725933896874
 20
2309.2944763917985
 10
5600.0
 20
2330.0
 10
5600.0
 20
2690.0
 10
5602.725933896874
 20
2710.7055236082015
 10
5610.717967697245
 20
2730.0
 10
5623.431457505076
 20
2746.5685424949243
 10
5640.0
 20
2759.2820323027554
 10
5659.2944763917985
 20
2767.2740661031257
 10
5680.0
 20
2770.0
 97
0
 75
1
 76
1
 98
0
  0
LWPOLYLINE
  5
424
330
17
100
AcDbEntity
  8
I-FURN
370
13
420
5000274
100
AcDbPolyline
 90
28
 70
1
 10
6770.0
 20
2850.0
 10
6798.470094961277
 20
2846.2518408917967
 10
6825.0
 20
2835.2627944162887
 10
6847.781745930521
 20
2817.7817459305206
 10
6865.262794416289
 20
2795.0
 10
6876.251840891798
 20
2768.470094961278
 10
6880.0
 20
2740.0
 10
6880.0
 20
2060.0
 10
6876.251840891798
 20
2031.529905038722
 10
6865.262794416289
 20
2005.0
 10
6847.781745930521
 20
1982.2182540694794
 10
6825.0
 20
1964.7372055837113
 10
6798.470094961277
 20
1953.7481591082033
 10
6770.0
 20
1950.0
 10
6330.0
 20
1950.0
 10
6301.529905038723
 20
1953.7481591082033
 10
6275.0
 20
1964.7372055837113
 10
6252.218254069479
 20
1982.2182540694794
 10
6234.737205583711
 20
2005.0
 10
6223.748159108202
 20
2031.529905038722
 10
6220.0
 20
2060.0
 10
6220.0
 20
2740.0
 10
6223.748159108202
 20
2768.470094961278
 10
6234.737205583711
 20
2795.0
 10
6252.218254069479
 20
2817.7817459305206
 10
6275.0
 20
2835.2627944162887
 10
6301.529905038723
 20
2846.2518408917967
 10
6330.0
 20
2850.0
  0
HATCH
  5
425
330
17
100
AcDbEntity
  8
I-FURN
 62
7
420
9184304
100
AcDbHatch
 10
0.0
 20
0.0
 30
0.0
210
0.0
220
0.0
230
1.0
  2
SOLID
 70
1
 71
0
 91
1
 92
3
 72
0
 73
1
 93
28
 10
6770.0
 20
2850.0
 10
6798.470094961277
 20
2846.2518408917967
 10
6825.0
 20
2835.2627944162887
 10
6847.781745930521
 20
2817.7817459305206
 10
6865.262794416289
 20
2795.0
 10
6876.251840891798
 20
2768.470094961278
 10
6880.0
 20
2740.0
 10
6880.0
 20
2060.0
 10
6876.251840891798
 20
2031.529905038722
 10
6865.262794416289
 20
2005.0
 10
6847.781745930521
 20
1982.2182540694794
 10
6825.0
 20
1964.7372055837113
 10
6798.470094961277
 20
1953.7481591082033
 10
6770.0
 20
1950.0
 10
6330.0
 20
1950.0
 10
6301.529905038723
 20
1953.7481591082033
 10
6275.0
 20
1964.7372055837113
 10
6252.218254069479
 20
1982.2182540694794
 10
6234.737205583711
 20
2005.0
 10
6223.748159108202
 20
2031.529905038722
 10
6220.0
 20
2060.0
 10
6220.0
 20
2740.0
 10
6223.748159108202
 20
2768.470094961278
 10
6234.737205583711
 20
2795.0
 10
6252.218254069479
 20
2817.7817459305206
 10
6275.0
 20
2835.2627944162887
 10
6301.529905038723
 20
2846.2518408917967
 10
6330.0
 20
2850.0
 97
0
 75
1
 76
1
 98
0
  0
LWPOLYLINE
  5
426
330
17
100
AcDbEntity
  8
I-FURN
370
13
420
5000274
100
AcDbPolyline
 90
28
 70
1
 10
6820.0
 20
2200.0
 10
6835.529142706151
 20
2197.955549577344
 10
6850.0
 20
2191.9615242270665
 10
6862.426406871193
 20
2182.4264068711927
 10
6871.961524227067
 20
2170.0
 10
6877.955549577344
 20
2155.529142706151
 10
6880.0
 20
2140.0
 10
6880.0
 20
2010.0
 10
6877.955549577344
 20
1994.470857293849
 10
6871.961524227067
 20
1980.0
 10
6862.426406871193
 20
1967.5735931288073
 10
6850.0
 20
1958.0384757729335
 10
6835.529142706151
 20
1952.0444504226562
 10
6820.0
 20
1950.0
 10
6280.0
 20
1950.0
 10
6264.470857293849
 20
1952.0444504226562
 10
6250.0
 20
1958.0384757729335
 10
6237.573593128807
 20
1967.5735931288073
 10
6228.038475772933
 20
1980.0
 10
6222.044450422656
 20
1994.470857293849
 10
6220.0
 20
2010.0
 10
6220.0
 20
2140.0
 10
6222.044450422656
 20
2155.529142706151
 10
6228.038475772933
 20
2170.0
 10
6237.573593128807
 20
2182.4264068711927
 10
6250.0
 20
2191.9615242270665
 10
6264.470857293849
 20
2197.955549577344
 10
6280.0
 20
2200.0
  0
HATCH
  5
427
330
17
100
AcDbEntity
  8
I-FURN
 62
7
420
7017503
100
AcDbHatch
 10
0.0
 20
0.0
 30
0.0
210
0.0
220
0.0
230
1.0
  2
SOLID
 70
1
 71
0
 91
1
 92
3
 72
0
 73
1
 93
28
 10
6820.0
 20
2200.0
 10
6835.529142706151
 20
2197.955549577344
 10
6850.0
 20
2191.9615242270665
 10
6862.426406871193
 20
2182.4264068711927
 10
6871.961524227067
 20
2170.0
 10
6877.955549577344
 20
2155.529142706151
 10
6880.0
 20
2140.0
 10
6880.0
 20
2010.0
 10
6877.955549577344
 20
1994.470857293849
 10
6871.961524227067
 20
1980.0
 10
6862.426406871193
 20
1967.5735931288073
 10
6850.0
 20
1958.0384757729335
 10
6835.529142706151
 20
1952.0444504226562
 10
6820.0
 20
1950.0
 10
6280.0
 20
1950.0
 10
6264.470857293849
 20
1952.0444504226562
 10
6250.0
 20
1958.0384757729335
 10
6237.573593128807
 20
1967.5735931288073
 10
6228.038475772933
 20
1980.0
 10
6222.044450422656
 20
1994.470857293849
 10
6220.0
 20
2010.0
 10
6220.0
 20
2140.0
 10
6222.044450422656
 20
2155.529142706151
 10
6228.038475772933
 20
2170.0
 10
6237.573593128807
 20
2182.4264068711927
 10
6250.0
 20
2191.9615242270665
 10
6264.470857293849
 20
2197.955549577344
 10
6280.0
 20
2200.0
 97
0
 75
1
 76
1
 98
0
  0
LWPOLYLINE
  5
428
330
17
100
AcDbEntity
  8
I-FURN
370
5
100
AcDbPolyline
 90
28
 70
1
 10
6720.0
 20
2770.0
 10
6740.7055236082015
 20
2767.2740661031257
 10
6760.0
 20
2759.2820323027554
 10
6776.568542494924
 20
2746.5685424949243
 10
6789.282032302755
 20
2730.0
 10
6797.274066103126
 20
2710.7055236082015
 10
6800.0
 20
2690.0
 10
6800.0
 20
2330.0
 10
6797.274066103126
 20
2309.2944763917985
 10
6789.282032302755
 20
2290.0
 10
6776.568542494924
 20
2273.4314575050757
 10
6760.0
 20
2260.7179676972446
 10
6740.7055236082015
 20
2252.7259338968743
 10
6720.0
 20
2250.0
 10
6380.0
 20
2250.0
 10
6359.2944763917985
 20
2252.7259338968743
 10
6340.0
 20
2260.7179676972446
 10
6323.431457505076
 20
2273.4314575050757
 10
6310.717967697245
 20
2290.0
 10
6302.725933896874
 20
2309.2944763917985
 10
6300.0
 20
2330.0
 10
6300.0
 20
2690.0
 10
6302.725933896874
 20
2710.7055236082015
 10
6310.717967697245
 20
2730.0
 10
6323.431457505076
 20
2746.5685424949243
 10
6340.0
 20
2759.2820323027554
 10
6359.2944763917985
 20
2767.2740661031257
 10
6380.0
 20
2770.0
  0
HATCH
  5
429
330
17
100
AcDbEntity
  8
I-FURN
 62
7
420
11023168
100
AcDbHatch
 10
0.0
 20
0.0
 30
0.0
210
0.0
220
0.0
230
1.0
  2
SOLID
 70
1
 71
0
 91
1
 92
3
 72
0
 73
1
 93
28
 10
6720.0
 20
2770.0
 10
6740.7055236082015
 20
2767.2740661031257
 10
6760.0
 20
2759.2820323027554
 10
6776.568542494924
 20
2746.5685424949243
 10
6789.282032302755
 20
2730.0
 10
6797.274066103126
 20
2710.7055236082015
 10
6800.0
 20
2690.0
 10
6800.0
 20
2330.0
 10
6797.274066103126
 20
2309.2944763917985
 10
6789.282032302755
 20
2290.0
 10
6776.568542494924
 20
2273.4314575050757
 10
6760.0
 20
2260.7179676972446
 10
6740.7055236082015
 20
2252.7259338968743
 10
6720.0
 20
2250.0
 10
6380.0
 20
2250.0
 10
6359.2944763917985
 20
2252.7259338968743
 10
6340.0
 20
2260.7179676972446
 10
6323.431457505076
 20
2273.4314575050757
 10
6310.717967697245
 20
2290.0
 10
6302.725933896874
 20
2309.2944763917985
 10
6300.0
 20
2330.0
 10
6300.0
 20
2690.0
 10
6302.725933896874
 20
2710.7055236082015
 10
6310.717967697245
 20
2730.0
 10
6323.431457505076
 20
2746.5685424949243
 10
6340.0
 20
2759.2820323027554
 10
6359.2944763917985
 20
2767.2740661031257
 10
6380.0
 20
2770.0
 97
0
 75
1
 76
1
 98
0
  0
LWPOLYLINE
  5
42A
330
17
100
AcDbEntity
  8
I-FURN
370
13
420
5000274
100
AcDbPolyline
 90
28
 70
1
 10
7470.0
 20
2850.0
 10
7498.470094961278
 20
2846.2518408917967
 10
7525.0
 20
2835.2627944162887
 10
7547.781745930521
 20
2817.7817459305206
 10
7565.262794416289
 20
2795.0
 10
7576.251840891798
 20
2768.470094961278
 10
7580.0
 20
2740.0
 10
7580.0
 20
2060.0
 10
7576.251840891798
 20
2031.529905038722
 10
7565.262794416289
 20
2005.0
 10
7547.781745930521
 20
1982.2182540694794
 10
7525.0
 20
1964.7372055837113
 10
7498.470094961278
 20
1953.7481591082033
 10
7470.0
 20
1950.0
 10
7030.0
 20
1950.0
 10
7001.529905038723
 20
1953.7481591082033
 10
6975.0
 20
1964.7372055837113
 10
6952.218254069479
 20
1982.2182540694794
 10
6934.737205583711
 20
2005.0
 10
6923.748159108202
 20
2031.529905038722
 10
6920.0
 20
2060.0
 10
6920.0
 20
2740.0
 10
6923.748159108202
 20
2768.470094961278
 10
6934.737205583711
 20
2795.0
 10
6952.218254069479
 20
2817.7817459305206
 10
6975.0
 20
2835.2627944162887
 10
7001.529905038723
 20
2846.2518408917967
 10
7030.0
 20
2850.0
  0
HATCH
  5
42B
330
17
100
AcDbEntity
  8
I-FURN
 62
7
420
9184304
100
AcDbHatch
 10
0.0
 20
0.0
 30
0.0
210
0.0
220
0.0
230
1.0
  2
SOLID
 70
1
 71
0
 91
1
 92
3
 72
0
 73
1
 93
28
 10
7470.0
 20
2850.0
 10
7498.470094961278
 20
2846.2518408917967
 10
7525.0
 20
2835.2627944162887
 10
7547.781745930521
 20
2817.7817459305206
 10
7565.262794416289
 20
2795.0
 10
7576.251840891798
 20
2768.470094961278
 10
7580.0
 20
2740.0
 10
7580.0
 20
2060.0
 10
7576.251840891798
 20
2031.529905038722
 10
7565.262794416289
 20
2005.0
 10
7547.781745930521
 20
1982.2182540694794
 10
7525.0
 20
1964.7372055837113
 10
7498.470094961278
 20
1953.7481591082033
 10
7470.0
 20
1950.0
 10
7030.0
 20
1950.0
 10
7001.529905038723
 20
1953.7481591082033
 10
6975.0
 20
1964.7372055837113
 10
6952.218254069479
 20
1982.2182540694794
 10
6934.737205583711
 20
2005.0
 10
6923.748159108202
 20
2031.529905038722
 10
6920.0
 20
2060.0
 10
6920.0
 20
2740.0
 10
6923.748159108202
 20
2768.470094961278
 10
6934.737205583711
 20
2795.0
 10
6952.218254069479
 20
2817.7817459305206
 10
6975.0
 20
2835.2627944162887
 10
7001.529905038723
 20
2846.2518408917967
 10
7030.0
 20
2850.0
 97
0
 75
1
 76
1
 98
0
  0
LWPOLYLINE
  5
42C
330
17
100
AcDbEntity
  8
I-FURN
370
13
420
5000274
100
AcDbPolyline
 90
28
 70
1
 10
7520.0
 20
2200.0
 10
7535.529142706151
 20
2197.955549577344
 10
7550.0
 20
2191.9615242270665
 10
7562.426406871193
 20
2182.4264068711927
 10
7571.961524227067
 20
2170.0
 10
7577.955549577344
 20
2155.529142706151
 10
7580.0
 20
2140.0
 10
7580.0
 20
2010.0
 10
7577.955549577344
 20
1994.470857293849
 10
7571.961524227067
 20
1980.0
 10
7562.426406871193
 20
1967.5735931288073
 10
7550.0
 20
1958.0384757729335
 10
7535.529142706151
 20
1952.0444504226562
 10
7520.0
 20
1950.0
 10
6980.0
 20
1950.0
 10
6964.470857293849
 20
1952.0444504226562
 10
6950.0
 20
1958.0384757729335
 10
6937.573593128807
 20
1967.5735931288073
 10
6928.038475772933
 20
1980.0
 10
6922.044450422656
 20
1994.470857293849
 10
6920.0
 20
2010.0
 10
6920.0
 20
2140.0
 10
6922.044450422656
 20
2155.529142706151
 10
6928.038475772933
 20
2170.0
 10
6937.573593128807
 20
2182.4264068711927
 10
6950.0
 20
2191.9615242270665
 10
6964.470857293849
 20
2197.955549577344
 10
6980.0
 20
2200.0
  0
HATCH
  5
42D
330
17
100
AcDbEntity
  8
I-FURN
 62
7
420
7017503
100
AcDbHatch
 10
0.0
 20
0.0
 30
0.0
210
0.0
220
0.0
230
1.0
  2
SOLID
 70
1
 71
0
 91
1
 92
3
 72
0
 73
1
 93
28
 10
7520.0
 20
2200.0
 10
7535.529142706151
 20
2197.955549577344
 10
7550.0
 20
2191.9615242270665
 10
7562.426406871193
 20
2182.4264068711927
 10
7571.961524227067
 20
2170.0
 10
7577.955549577344
 20
2155.529142706151
 10
7580.0
 20
2140.0
 10
7580.0
 20
2010.0
 10
7577.955549577344
 20
1994.470857293849
 10
7571.961524227067
 20
1980.0
 10
7562.426406871193
 20
1967.5735931288073
 10
7550.0
 20
1958.0384757729335
 10
7535.529142706151
 20
1952.0444504226562
 10
7520.0
 20
1950.0
 10
6980.0
 20
1950.0
 10
6964.470857293849
 20
1952.0444504226562
 10
6950.0
 20
1958.0384757729335
 10
6937.573593128807
 20
1967.5735931288073
 10
6928.038475772933
 20
1980.0
 10
6922.044450422656
 20
1994.470857293849
 10
6920.0
 20
2010.0
 10
6920.0
 20
2140.0
 10
6922.044450422656
 20
2155.529142706151
 10
6928.038475772933
 20
2170.0
 10
6937.573593128807
 20
2182.4264068711927
 10
6950.0
 20
2191.9615242270665
 10
6964.470857293849
 20
2197.955549577344
 10
6980.0
 20
2200.0
 97
0
 75
1
 76
1
 98
0
  0
LWPOLYLINE
  5
42E
330
17
100
AcDbEntity
  8
I-FURN
370
5
100
AcDbPolyline
 90
28
 70
1
 10
7420.0
 20
2770.0
 10
7440.7055236082015
 20
2767.2740661031257
 10
7460.0
 20
2759.2820323027554
 10
7476.568542494924
 20
2746.5685424949243
 10
7489.282032302755
 20
2730.0
 10
7497.274066103126
 20
2710.7055236082015
 10
7500.0
 20
2690.0
 10
7500.0
 20
2330.0
 10
7497.274066103126
 20
2309.2944763917985
 10
7489.282032302755
 20
2290.0
 10
7476.568542494924
 20
2273.4314575050757
 10
7460.0
 20
2260.7179676972446
 10
7440.7055236082015
 20
2252.7259338968743
 10
7420.0
 20
2250.0
 10
7080.0
 20
2250.0
 10
7059.2944763917985
 20
2252.7259338968743
 10
7040.0
 20
2260.7179676972446
 10
7023.431457505076
 20
2273.4314575050757
 10
7010.717967697245
 20
2290.0
 10
7002.725933896874
 20
2309.2944763917985
 10
7000.0
 20
2330.0
 10
7000.0
 20
2690.0
 10
7002.725933896874
 20
2710.7055236082015
 10
7010.717967697245
 20
2730.0
 10
7023.431457505076
 20
2746.5685424949243
 10
7040.0
 20
2759.2820323027554
 10
7059.2944763917985
 20
2767.2740661031257
 10
7080.0
 20
2770.0
  0
HATCH
  5
42F
330
17
100
AcDbEntity
  8
I-FURN
 62
7
420
11023168
100
AcDbHatch
 10
0.0
 20
0.0
 30
0.0
210
0.0
220
0.0
230
1.0
  2
SOLID
 70
1
 71
0
 91
1
 92
3
 72
0
 73
1
 93
28
 10
7420.0
 20
2770.0
 10
7440.7055236082015
 20
2767.2740661031257
 10
7460.0
 20
2759.2820323027554
 10
7476.568542494924
 20
2746.5685424949243
 10
7489.282032302755
 20
2730.0
 10
7497.274066103126
 20
2710.7055236082015
 10
7500.0
 20
2690.0
 10
7500.0
 20
2330.0
 10
7497.274066103126
 20
2309.2944763917985
 10
7489.282032302755
 20
2290.0
 10
7476.568542494924
 20
2273.4314575050757
 10
7460.0
 20
2260.7179676972446
 10
7440.7055236082015
 20
2252.7259338968743
 10
7420.0
 20
2250.0
 10
7080.0
 20
2250.0
 10
7059.2944763917985
 20
2252.7259338968743
 10
7040.0
 20
2260.7179676972446
 10
7023.431457505076
 20
2273.4314575050757
 10
7010.717967697245
 20
2290.0
 10
7002.725933896874
 20
2309.2944763917985
 10
7000.0
 20
2330.0
 10
7000.0
 20
2690.0
 10
7002.725933896874
 20
2710.7055236082015
 10
7010.717967697245
 20
2730.0
 10
7023.431457505076
 20
2746.5685424949243
 10
7040.0
 20
2759.2820323027554
 10
7059.2944763917985
 20
2767.2740661031257
 10
7080.0
 20
2770.0
 97
0
 75
1
 76
1
 98
0
  0
CIRCLE
  5
430
330
17
100
AcDbEntity
  8
I-FURN
370
13
420
5000274
100
AcDbCircle
 10
5490.0
 20
2400.0
 30
0.0
 40
70.0
  0
HATCH
  5
431
330
17
100
AcDbEntity
  8
I-FURN
 62
7
420
2039588
100
AcDbHatch
 10
0.0
 20
0.0
 30
0.0
210
0.0
220
0.0
230
1.0
  2
SOLID
 70
1
 71
0
 91
1
 92
1
 93
1
 72
2
 10
5490.0
 20
2400.0
 40
70
 50
0
 51
360
 73
1
 97
0
 75
1
 76
1
 98
0
  0
CIRCLE
  5
432
330
17
100
AcDbEntity
  8
I-FURN
370
13
420
5000274
100
AcDbCircle
 10
6200.0
 20
2400.0
 30
0.0
 40
70.0
  0
HATCH
  5
433
330
17
100
AcDbEntity
  8
I-FURN
 62
7
420
2039588
100
AcDbHatch
 10
0.0
 20
0.0
 30
0.0
210
0.0
220
0.0
230
1.0
  2
SOLID
 70
1
 71
0
 91
1
 92
1
 93
1
 72
2
 10
6200.0
 20
2400.0
 40
70
 50
0
 51
360
 73
1
 97
0
 75
1
 76
1
 98
0
  0
CIRCLE
  5
434
330
17
100
AcDbEntity
  8
I-FURN
370
13
420
5000274
100
AcDbCircle
 10
6900.0
 20
2400.0
 30
0.0
 40
70.0
  0
HATCH
  5
435
330
17
100
AcDbEntity
  8
I-FURN
 62
7
420
2039588
100
AcDbHatch
 10
0.0
 20
0.0
 30
0.0
210
0.0
220
0.0
230
1.0
  2
SOLID
 70
1
 71
0
 91
1
 92
1
 93
1
 72
2
 10
6900.0
 20
2400.0
 40
70
 50
0
 51
360
 73
1
 97
0
 75
1
 76
1
 98
0
  0
CIRCLE
  5
436
330
17
100
AcDbEntity
  8
I-FURN
370
13
420
5000274
100
AcDbCircle
 10
7600.0
 20
2400.0
 30
0.0
 40
70.0
  0
HATCH
  5
437
330
17
100
AcDbEntity
  8
I-FURN
 62
7
420
2039588
100
AcDbHatch
 10
0.0
 20
0.0
 30
0.0
210
0.0
220
0.0
230
1.0
  2
SOLID
 70
1
 71
0
 91
1
 92
1
 93
1
 72
2
 10
7600.0
 20
2400.0
 40
70
 50
0
 51
360
 73
1
 97
0
 75
1
 76
1
 98
0
  0
LWPOLYLINE
  5
438
330
17
100
AcDbEntity
  8
I-FURN
370
13
420
5000274
100
AcDbPolyline
 90
4
 70
1
 10
6400.0
 20
1750.0
 10
6700.0
 20
1750.0
 10
6700.0
 20
1550.0
 10
6400.0
 20
1550.0
  0
HATCH
  5
439
330
17
100
AcDbEntity
  8
I-FURN
 62
7
420
16777215
100
AcDbHatch
 10
0.0
 20
0.0
 30
0.0
210
0.0
220
0.0
230
1.0
  2
SOLID
 70
1
 71
0
 91
1
 92
3
 72
0
 73
1
 93
4
 10
6400.0
 20
1750.0
 10
6700.0
 20
1750.0
 10
6700.0
 20
1550.0
 10
6400.0
 20
1550.0
 97
0
 75
1
 76
1
 98
0
  0
CIRCLE
  5
43A
330
17
100
AcDbEntity
  8
I-FURN
370
13
420
5000274
100
AcDbCircle
 10
6550.0
 20
1730.0
 30
0.0
 40
40.0
  0
HATCH
  5
43B
330
17
100
AcDbEntity
  8
I-FURN
 62
7
420
3355456
100
AcDbHatch
 10
0.0
 20
0.0
 30
0.0
210
0.0
220
0.0
230
1.0
  2
SOLID
 70
1
 71
0
 91
1
 92
1
 93
1
 72
2
 10
6550.0
 20
1730.0
 40
40
 50
0
 51
360
 73
1
 97
0
 75
1
 76
1
 98
0
  0
LWPOLYLINE
  5
43C
330
17
100
AcDbEntity
  8
I-FURN
370
13
420
5000274
100
AcDbPolyline
 90
4
 70
1
 10
5400.0
 20
850.0
 10
7000.0
 20
850.0
 10
7000.0
 20
200.0
 10
5400.0
 20
200.0
  0
HATCH
  5
43D
330
17
100
AcDbEntity
  8
I-FURN
 62
7
420
2039588
100
AcDbHatch
 10
0.0
 20
0.0
 30
0.0
210
0.0
220
0.0
230
1.0
  2
SOLID
 70
1
 71
0
 91
1
 92
3
 72
0
 73
1
 93
4
 10
5400.0
 20
850.0
 10
7000.0
 20
850.0
 10
7000.0
 20
200.0
 10
5400.0
 20
200.0
 97
0
 75
1
 76
1
 98
0
  0
LWPOLYLINE
  5
43E
330
17
100
AcDbEntity
  8
I-FURN
370
15
420
5875450
100
AcDbPolyline
 90
4
 70
1
 10
5550.0
 20
390.0
 10
6100.0
 20
390.0
 10
6100.0
 20
320.0
 10
5550.0
 20
320.0
  0
HATCH
  5
43F
330
17
100
AcDbEntity
  8
I-FURN
 62
7
420
855316
100
AcDbHatch
 10
0.0
 20
0.0
 30
0.0
210
0.0
220
0.0
230
1.0
  2
SOLID
 70
1
 71
0
 91
1
 92
3
 72
0
 73
1
 93
4
 10
5550.0
 20
390.0
 10
6100.0
 20
390.0
 10
6100.0
 20
320.0
 10
5550.0
 20
320.0
 97
0
 75
1
 76
1
 98
0
  0
LWPOLYLINE
  5
440
330
17
100
AcDbEntity
  8
I-FURN
370
15
420
5875450
100
AcDbPolyline
 90
4
 70
1
 10
6250.0
 20
390.0
 10
6800.0
 20
390.0
 10
6800.0
 20
320.0
 10
6250.0
 20
320.0
  0
HATCH
  5
441
330
17
100
AcDbEntity
  8
I-FURN
 62
7
420
855316
100
AcDbHatch
 10
0.0
 20
0.0
 30
0.0
210
0.0
220
0.0
230
1.0
  2
SOLID
 70
1
 71
0
 91
1
 92
3
 72
0
 73
1
 93
4
 10
6250.0
 20
390.0
 10
6800.0
 20
390.0
 10
6800.0
 20
320.0
 10
6250.0
 20
320.0
 97
0
 75
1
 76
1
 98
0
  0
LWPOLYLINE
  5
442
330
17
100
AcDbEntity
  8
I-FURN
370
5
100
AcDbPolyline
 90
4
 70
1
 10
5800.0
 20
700.0
 10
6600.0
 20
700.0
 10
6600.0
 20
550.0
 10
5800.0
 20
550.0
  0
HATCH
  5
443
330
17
100
AcDbEntity
  8
I-FURN
 62
7
420
4210764
100
AcDbHatch
 10
0.0
 20
0.0
 30
0.0
210
0.0
220
0.0
230
1.0
  2
SOLID
 70
1
 71
0
 91
1
 92
3
 72
0
 73
1
 93
4
 10
5800.0
 20
700.0
 10
6600.0
 20
700.0
 10
6600.0
 20
550.0
 10
5800.0
 20
550.0
 97
0
 75
1
 76
1
 98
0
  0
LWPOLYLINE
  5
444
330
17
100
AcDbEntity
  8
I-FURN
370
15
420
5875450
100
AcDbPolyline
 90
4
 70
1
 10
6750.0
 20
750.0
 10
6950.0
 20
750.0
 10
6950.0
 20
300.0
 10
6750.0
 20
300.0
  0
HATCH
  5
445
330
17
100
AcDbEntity
  8
I-FURN
 62
7
420
1710623
100
AcDbHatch
 10
0.0
 20
0.0
 30
0.0
210
0.0
220
0.0
230
1.0
  2
SOLID
 70
1
 71
0
 91
1
 92
3
 72
0
 73
1
 93
4
 10
6750.0
 20
750.0
 10
6950.0
 20
750.0
 10
6950.0
 20
300.0
 10
6750.0
 20
300.0
 97
0
 75
1
 76
1
 98
0
  0
CIRCLE
  5
446
330
17
100
AcDbEntity
  8
I-FURN
370
13
420
5000274
100
AcDbCircle
 10
6200.0
 20
1200.0
 30
0.0
 40
260.0
  0
HATCH
  5
447
330
17
100
AcDbEntity
  8
I-FURN
 62
7
420
2039588
100
AcDbHatch
 10
0.0
 20
0.0
 30
0.0
210
0.0
220
0.0
230
1.0
  2
SOLID
 70
1
 71
0
 91
1
 92
1
 93
1
 72
2
 10
6200.0
 20
1200.0
 40
260
 50
0
 51
360
 73
1
 97
0
 75
1
 76
1
 98
0
  0
LWPOLYLINE
  5
448
330
17
100
AcDbEntity
  8
I-FURN
370
13
420
5000274
100
AcDbPolyline
 90
28
 70
1
 10
6390.0
 20
1060.0
 10
6400.352761804101
 20
1058.637033051562
 10
6410.0
 20
1054.6410161513777
 10
6418.284271247462
 20
1048.2842712474612
 10
6424.641016151378
 20
1040.0
 10
6428.637033051563
 20
1030.3527618041007
 10
6430.0
 20
1020.0
 10
6430.0
 20
980.0
 10
6428.637033051563
 20
969.6472381958993
 10
6424.641016151378
 20
960.0
 10
6418.284271247462
 20
951.7157287525388
 10
6410.0
 20
945.3589838486223
 10
6400.352761804101
 20
941.362966948438
 10
6390.0
 20
940.0
 10
6010.0
 20
940.0
 10
5999.647238195899
 20
941.362966948438
 10
5990.0
 20
945.3589838486223
 10
5981.715728752538
 20
951.7157287525388
 10
5975.358983848622
 20
960.0
 10
5971.362966948437
 20
969.6472381958993
 10
5970.0
 20
980.0
 10
5970.0
 20
1020.0
 10
5971.362966948437
 20
1030.3527618041007
 10
5975.358983848622
 20
1040.0
 10
5981.715728752538
 20
1048.2842712474612
 10
5990.0
 20
1054.6410161513777
 10
5999.647238195899
 20
1058.637033051562
 10
6010.0
 20
1060.0
  0
HATCH
  5
449
330
17
100
AcDbEntity
  8
I-FURN
 62
7
420
3356219
100
AcDbHatch
 10
0.0
 20
0.0
 30
0.0
210
0.0
220
0.0
230
1.0
  2
SOLID
 70
1
 71
0
 91
1
 92
3
 72
0
 73
1
 93
28
 10
6390.0
 20
1060.0
 10
6400.352761804101
 20
1058.637033051562
 10
6410.0
 20
1054.6410161513777
 10
6418.284271247462
 20
1048.2842712474612
 10
6424.641016151378
 20
1040.0
 10
6428.637033051563
 20
1030.3527618041007
 10
6430.0
 20
1020.0
 10
6430.0
 20
980.0
 10
6428.637033051563
 20
969.6472381958993
 10
6424.641016151378
 20
960.0
 10
6418.284271247462
 20
951.7157287525388
 10
6410.0
 20
945.3589838486223
 10
6400.352761804101
 20
941.362966948438
 10
6390.0
 20
940.0
 10
6010.0
 20
940.0
 10
5999.647238195899
 20
941.362966948438
 10
5990.0
 20
945.3589838486223
 10
5981.715728752538
 20
951.7157287525388
 10
5975.358983848622
 20
960.0
 10
5971.362966948437
 20
969.6472381958993
 10
5970.0
 20
980.0
 10
5970.0
 20
1020.0
 10
5971.362966948437
 20
1030.3527618041007
 10
5975.358983848622
 20
1040.0
 10
5981.715728752538
 20
1048.2842712474612
 10
5990.0
 20
1054.6410161513777
 10
5999.647238195899
 20
1058.637033051562
 10
6010.0
 20
1060.0
 97
0
 75
1
 76
1
 98
0
  0
CIRCLE
  5
44A
330
17
100
AcDbEntity
  8
I-FURN
370
5
100
AcDbCircle
 10
6200.0
 20
1200.0
 30
0.0
 40
150.0
  0
HATCH
  5
44B
330
17
100
AcDbEntity
  8
I-FURN
 62
7
420
13376038
100
AcDbHatch
 10
0.0
 20
0.0
 30
0.0
210
0.0
220
0.0
230
1.0
  2
SOLID
 70
1
 71
0
 91
1
 92
1
 93
1
 72
2
 10
6200.0
 20
1200.0
 40
150
 50
0
 51
360
 73
1
 97
0
 75
1
 76
1
 98
0
  0
LINE
  5
44C
330
17
100
AcDbEntity
  8
I-FURN
370
35
420
10381055
100
AcDbLine
 10
5160.0
 20
4670.0
 30
0.0
 11
5160.0
 21
250.0
 31
0.0
  0
LINE
  5
44D
330
17
100
AcDbEntity
  8
I-FURN
370
35
420
10381055
100
AcDbLine
 10
5160.0
 20
4670.0
 30
0.0
 11
7930.0
 21
4670.0
 31
0.0
  0
LWPOLYLINE
  5
44E
330
17
100
AcDbEntity
  8
I-FURN
370
13
420
5000274
100
AcDbPolyline
 90
4
 70
1
 10
8200.0
 20
1650.0
 10
8550.0
 20
1650.0
 10
8550.0
 20
200.0
 10
8200.0
 20
200.0
  0
HATCH
  5
44F
330
17
100
AcDbEntity
  8
I-FURN
 62
7
420
7886656
100
AcDbHatch
 10
0.0
 20
0.0
 30
0.0
210
0.0
220
0.0
230
1.0
  2
SOLID
 70
1
 71
0
 91
1
 92
3
 72
0
 73
1
 93
4
 10
8200.0
 20
1650.0
 10
8550.0
 20
1650.0
 10
8550.0
 20
200.0
 10
8200.0
 20
200.0
 97
0
 75
1
 76
1
 98
0
  0
LWPOLYLINE
  5
450
330
17
100
AcDbEntity
  8
I-FURN
370
5
420
5000268
100
AcDbPolyline
 90
4
 70
1
 10
8220.0
 20
1630.0
 10
8280.0
 20
1630.0
 10
8280.0
 20
1420.0
 10
8220.0
 20
1420.0
  0
HATCH
  5
451
330
17
100
AcDbEntity
  8
I-FURN
 62
7
420
13388871
100
AcDbHatch
 10
0.0
 20
0.0
 30
0.0
210
0.0
220
0.0
230
1.0
  2
SOLID
 70
1
 71
0
 91
1
 92
3
 72
0
 73
1
 93
4
 10
8220.0
 20
1630.0
 10
8280.0
 20
1630.0
 10
8280.0
 20
1420.0
 10
8220.0
 20
1420.0
 97
0
 75
1
 76
1
 98
0
  0
LWPOLYLINE
  5
452
330
17
100
AcDbEntity
  8
I-FURN
370
5
420
5000268
100
AcDbPolyline
 90
4
 70
1
 10
8288.0
 20
1630.0
 10
8385.0
 20
1630.0
 10
8385.0
 20
1445.0
 10
8288.0
 20
1445.0
  0
HATCH
  5
453
330
17
100
AcDbEntity
  8
I-FURN
 62
7
420
4223922
100
AcDbHatch
 10
0.0
 20
0.0
 30
0.0
210
0.0
220
0.0
230
1.0
  2
SOLID
 70
1
 71
0
 91
1
 92
3
 72
0
 73
1
 93
4
 10
8288.0
 20
1630.0
 10
8385.0
 20
1630.0
 10
8385.0
 20
1445.0
 10
8288.0
 20
1445.0
 97
0
 75
1
 76
1
 98
0
  0
LWPOLYLINE
  5
454
330
17
100
AcDbEntity
  8
I-FURN
370
5
420
5000268
100
AcDbPolyline
 90
4
 70
1
 10
8393.0
 20
1630.0
 10
8477.0
 20
1630.0
 10
8477.0
 20
1470.0
 10
8393.0
 20
1470.0
  0
HATCH
  5
455
330
17
100
AcDbEntity
  8
I-FURN
 62
7
420
15120460
100
AcDbHatch
 10
0.0
 20
0.0
 30
0.0
210
0.0
220
0.0
230
1.0
  2
SOLID
 70
1
 71
0
 91
1
 92
3
 72
0
 73
1
 93
4
 10
8393.0
 20
1630.0
 10
8477.0
 20
1630.0
 10
8477.0
 20
1470.0
 10
8393.0
 20
1470.0
 97
0
 75
1
 76
1
 98
0
  0
LWPOLYLINE
  5
456
330
17
100
AcDbEntity
  8
I-FURN
370
5
420
5000268
100
AcDbPolyline
 90
4
 70
1
 10
8485.0
 20
1630.0
 10
8530.0
 20
1630.0
 10
8530.0
 20
1420.0
 10
8485.0
 20
1420.0
  0
HATCH
  5
457
330
17
100
AcDbEntity
  8
I-FURN
 62
7
420
5871987
100
AcDbHatch
 10
0.0
 20
0.0
 30
0.0
210
0.0
220
0.0
230
1.0
  2
SOLID
 70
1
 71
0
 91
1
 92
3
 72
0
 73
1
 93
4
 10
8485.0
 20
1630.0
 10
8530.0
 20
1630.0
 10
8530.0
 20
1420.0
 10
8485.0
 20
1420.0
 97
0
 75
1
 76
1
 98
0
  0
LWPOLYLINE
  5
458
330
17
100
AcDbEntity
  8
I-FURN
370
5
420
5000268
100
AcDbPolyline
 90
4
 70
1
 10
8220.0
 20
1380.0
 10
8280.0
 20
1380.0
 10
8280.0
 20
1170.0
 10
8220.0
 20
1170.0
  0
HATCH
  5
459
330
17
100
AcDbEntity
  8
I-FURN
 62
7
420
13388871
100
AcDbHatch
 10
0.0
 20
0.0
 30
0.0
210
0.0
220
0.0
230
1.0
  2
SOLID
 70
1
 71
0
 91
1
 92
3
 72
0
 73
1
 93
4
 10
8220.0
 20
1380.0
 10
8280.0
 20
1380.0
 10
8280.0
 20
1170.0
 10
8220.0
 20
1170.0
 97
0
 75
1
 76
1
 98
0
  0
LWPOLYLINE
  5
45A
330
17
100
AcDbEntity
  8
I-FURN
370
5
420
5000268
100
AcDbPolyline
 90
4
 70
1
 10
8288.0
 20
1380.0
 10
8385.0
 20
1380.0
 10
8385.0
 20
1195.0
 10
8288.0
 20
1195.0
  0
HATCH
  5
45B
330
17
100
AcDbEntity
  8
I-FURN
 62
7
420
4223922
100
AcDbHatch
 10
0.0
 20
0.0
 30
0.0
210
0.0
220
0.0
230
1.0
  2
SOLID
 70
1
 71
0
 91
1
 92
3
 72
0
 73
1
 93
4
 10
8288.0
 20
1380.0
 10
8385.0
 20
1380.0
 10
8385.0
 20
1195.0
 10
8288.0
 20
1195.0
 97
0
 75
1
 76
1
 98
0
  0
LWPOLYLINE
  5
45C
330
17
100
AcDbEntity
  8
I-FURN
370
5
420
5000268
100
AcDbPolyline
 90
4
 70
1
 10
8393.0
 20
1380.0
 10
8477.0
 20
1380.0
 10
8477.0
 20
1220.0
 10
8393.0
 20
1220.0
  0
HATCH
  5
45D
330
17
100
AcDbEntity
  8
I-FURN
 62
7
420
15120460
100
AcDbHatch
 10
0.0
 20
0.0
 30
0.0
210
0.0
220
0.0
230
1.0
  2
SOLID
 70
1
 71
0
 91
1
 92
3
 72
0
 73
1
 93
4
 10
8393.0
 20
1380.0
 10
8477.0
 20
1380.0
 10
8477.0
 20
1220.0
 10
8393.0
 20
1220.0
 97
0
 75
1
 76
1
 98
0
  0
LWPOLYLINE
  5
45E
330
17
100
AcDbEntity
  8
I-FURN
370
5
420
5000268
100
AcDbPolyline
 90
4
 70
1
 10
8485.0
 20
1380.0
 10
8530.0
 20
1380.0
 10
8530.0
 20
1170.0
 10
8485.0
 20
1170.0
  0
HATCH
  5
45F
330
17
100
AcDbEntity
  8
I-FURN
 62
7
420
5871987
100
AcDbHatch
 10
0.0
 20
0.0
 30
0.0
210
0.0
220
0.0
230
1.0
  2
SOLID
 70
1
 71
0
 91
1
 92
3
 72
0
 73
1
 93
4
 10
8485.0
 20
1380.0
 10
8530.0
 20
1380.0
 10
8530.0
 20
1170.0
 10
8485.0
 20
1170.0
 97
0
 75
1
 76
1
 98
0
  0
LWPOLYLINE
  5
460
330
17
100
AcDbEntity
  8
I-FURN
370
5
420
5000268
100
AcDbPolyline
 90
4
 70
1
 10
8220.0
 20
1130.0
 10
8280.0
 20
1130.0
 10
8280.0
 20
920.0
 10
8220.0
 20
920.0
  0
HATCH
  5
461
330
17
100
AcDbEntity
  8
I-FURN
 62
7
420
13388871
100
AcDbHatch
 10
0.0
 20
0.0
 30
0.0
210
0.0
220
0.0
230
1.0
  2
SOLID
 70
1
 71
0
 91
1
 92
3
 72
0
 73
1
 93
4
 10
8220.0
 20
1130.0
 10
8280.0
 20
1130.0
 10
8280.0
 20
920.0
 10
8220.0
 20
920.0
 97
0
 75
1
 76
1
 98
0
  0
LWPOLYLINE
  5
462
330
17
100
AcDbEntity
  8
I-FURN
370
5
420
5000268
100
AcDbPolyline
 90
4
 70
1
 10
8288.0
 20
1130.0
 10
8385.0
 20
1130.0
 10
8385.0
 20
945.0
 10
8288.0
 20
945.0
  0
HATCH
  5
463
330
17
100
AcDbEntity
  8
I-FURN
 62
7
420
4223922
100
AcDbHatch
 10
0.0
 20
0.0
 30
0.0
210
0.0
220
0.0
230
1.0
  2
SOLID
 70
1
 71
0
 91
1
 92
3
 72
0
 73
1
 93
4
 10
8288.0
 20
1130.0
 10
8385.0
 20
1130.0
 10
8385.0
 20
945.0
 10
8288.0
 20
945.0
 97
0
 75
1
 76
1
 98
0
  0
LWPOLYLINE
  5
464
330
17
100
AcDbEntity
  8
I-FURN
370
5
420
5000268
100
AcDbPolyline
 90
4
 70
1
 10
8393.0
 20
1130.0
 10
8477.0
 20
1130.0
 10
8477.0
 20
970.0
 10
8393.0
 20
970.0
  0
HATCH
  5
465
330
17
100
AcDbEntity
  8
I-FURN
 62
7
420
15120460
100
AcDbHatch
 10
0.0
 20
0.0
 30
0.0
210
0.0
220
0.0
230
1.0
  2
SOLID
 70
1
 71
0
 91
1
 92
3
 72
0
 73
1
 93
4
 10
8393.0
 20
1130.0
 10
8477.0
 20
1130.0
 10
8477.0
 20
970.0
 10
8393.0
 20
970.0
 97
0
 75
1
 76
1
 98
0
  0
LWPOLYLINE
  5
466
330
17
100
AcDbEntity
  8
I-FURN
370
5
420
5000268
100
AcDbPolyline
 90
4
 70
1
 10
8485.0
 20
1130.0
 10
8530.0
 20
1130.0
 10
8530.0
 20
920.0
 10
8485.0
 20
920.0
  0
HATCH
  5
467
330
17
100
AcDbEntity
  8
I-FURN
 62
7
420
5871987
100
AcDbHatch
 10
0.0
 20
0.0
 30
0.0
210
0.0
220
0.0
230
1.0
  2
SOLID
 70
1
 71
0
 91
1
 92
3
 72
0
 73
1
 93
4
 10
8485.0
 20
1130.0
 10
8530.0
 20
1130.0
 10
8530.0
 20
920.0
 10
8485.0
 20
920.0
 97
0
 75
1
 76
1
 98
0
  0
LWPOLYLINE
  5
468
330
17
100
AcDbEntity
  8
I-FURN
370
5
420
5000268
100
AcDbPolyline
 90
4
 70
1
 10
8220.0
 20
880.0
 10
8280.0
 20
880.0
 10
8280.0
 20
670.0
 10
8220.0
 20
670.0
  0
HATCH
  5
469
330
17
100
AcDbEntity
  8
I-FURN
 62
7
420
13388871
100
AcDbHatch
 10
0.0
 20
0.0
 30
0.0
210
0.0
220
0.0
230
1.0
  2
SOLID
 70
1
 71
0
 91
1
 92
3
 72
0
 73
1
 93
4
 10
8220.0
 20
880.0
 10
8280.0
 20
880.0
 10
8280.0
 20
670.0
 10
8220.0
 20
670.0
 97
0
 75
1
 76
1
 98
0
  0
LWPOLYLINE
  5
46A
330
17
100
AcDbEntity
  8
I-FURN
370
5
420
5000268
100
AcDbPolyline
 90
4
 70
1
 10
8288.0
 20
880.0
 10
8385.0
 20
880.0
 10
8385.0
 20
695.0
 10
8288.0
 20
695.0
  0
HATCH
  5
46B
330
17
100
AcDbEntity
  8
I-FURN
 62
7
420
4223922
100
AcDbHatch
 10
0.0
 20
0.0
 30
0.0
210
0.0
220
0.0
230
1.0
  2
SOLID
 70
1
 71
0
 91
1
 92
3
 72
0
 73
1
 93
4
 10
8288.0
 20
880.0
 10
8385.0
 20
880.0
 10
8385.0
 20
695.0
 10
8288.0
 20
695.0
 97
0
 75
1
 76
1
 98
0
  0
LWPOLYLINE
  5
46C
330
17
100
AcDbEntity
  8
I-FURN
370
5
420
5000268
100
AcDbPolyline
 90
4
 70
1
 10
8393.0
 20
880.0
 10
8477.0
 20
880.0
 10
8477.0
 20
720.0
 10
8393.0
 20
720.0
  0
HATCH
  5
46D
330
17
100
AcDbEntity
  8
I-FURN
 62
7
420
15120460
100
AcDbHatch
 10
0.0
 20
0.0
 30
0.0
210
0.0
220
0.0
230
1.0
  2
SOLID
 70
1
 71
0
 91
1
 92
3
 72
0
 73
1
 93
4
 10
8393.0
 20
880.0
 10
8477.0
 20
880.0
 10
8477.0
 20
720.0
 10
8393.0
 20
720.0
 97
0
 75
1
 76
1
 98
0
  0
LWPOLYLINE
  5
46E
330
17
100
AcDbEntity
  8
I-FURN
370
5
420
5000268
100
AcDbPolyline
 90
4
 70
1
 10
8485.0
 20
880.0
 10
8530.0
 20
880.0
 10
8530.0
 20
670.0
 10
8485.0
 20
670.0
  0
HATCH
  5
46F
330
17
100
AcDbEntity
  8
I-FURN
 62
7
420
5871987
100
AcDbHatch
 10
0.0
 20
0.0
 30
0.0
210
0.0
220
0.0
230
1.0
  2
SOLID
 70
1
 71
0
 91
1
 92
3
 72
0
 73
1
 93
4
 10
8485.0
 20
880.0
 10
8530.0
 20
880.0
 10
8530.0
 20
670.0
 10
8485.0
 20
670.0
 97
0
 75
1
 76
1
 98
0
  0
LWPOLYLINE
  5
470
330
17
100
AcDbEntity
  8
I-FURN
370
5
420
5000268
100
AcDbPolyline
 90
4
 70
1
 10
8220.0
 20
630.0
 10
8280.0
 20
630.0
 10
8280.0
 20
420.0
 10
8220.0
 20
420.0
  0
HATCH
  5
471
330
17
100
AcDbEntity
  8
I-FURN
 62
7
420
13388871
100
AcDbHatch
 10
0.0
 20
0.0
 30
0.0
210
0.0
220
0.0
230
1.0
  2
SOLID
 70
1
 71
0
 91
1
 92
3
 72
0
 73
1
 93
4
 10
8220.0
 20
630.0
 10
8280.0
 20
630.0
 10
8280.0
 20
420.0
 10
8220.0
 20
420.0
 97
0
 75
1
 76
1
 98
0
  0
LWPOLYLINE
  5
472
330
17
100
AcDbEntity
  8
I-FURN
370
5
420
5000268
100
AcDbPolyline
 90
4
 70
1
 10
8288.0
 20
630.0
 10
8385.0
 20
630.0
 10
8385.0
 20
445.0
 10
8288.0
 20
445.0
  0
HATCH
  5
473
330
17
100
AcDbEntity
  8
I-FURN
 62
7
420
4223922
100
AcDbHatch
 10
0.0
 20
0.0
 30
0.0
210
0.0
220
0.0
230
1.0
  2
SOLID
 70
1
 71
0
 91
1
 92
3
 72
0
 73
1
 93
4
 10
8288.0
 20
630.0
 10
8385.0
 20
630.0
 10
8385.0
 20
445.0
 10
8288.0
 20
445.0
 97
0
 75
1
 76
1
 98
0
  0
LWPOLYLINE
  5
474
330
17
100
AcDbEntity
  8
I-FURN
370
5
420
5000268
100
AcDbPolyline
 90
4
 70
1
 10
8393.0
 20
630.0
 10
8477.0
 20
630.0
 10
8477.0
 20
470.0
 10
8393.0
 20
470.0
  0
HATCH
  5
475
330
17
100
AcDbEntity
  8
I-FURN
 62
7
420
15120460
100
AcDbHatch
 10
0.0
 20
0.0
 30
0.0
210
0.0
220
0.0
230
1.0
  2
SOLID
 70
1
 71
0
 91
1
 92
3
 72
0
 73
1
 93
4
 10
8393.0
 20
630.0
 10
8477.0
 20
630.0
 10
8477.0
 20
470.0
 10
8393.0
 20
470.0
 97
0
 75
1
 76
1
 98
0
  0
LWPOLYLINE
  5
476
330
17
100
AcDbEntity
  8
I-FURN
370
5
420
5000268
100
AcDbPolyline
 90
4
 70
1
 10
8485.0
 20
630.0
 10
8530.0
 20
630.0
 10
8530.0
 20
420.0
 10
8485.0
 20
420.0
  0
HATCH
  5
477
330
17
100
AcDbEntity
  8
I-FURN
 62
7
420
5871987
100
AcDbHatch
 10
0.0
 20
0.0
 30
0.0
210
0.0
220
0.0
230
1.0
  2
SOLID
 70
1
 71
0
 91
1
 92
3
 72
0
 73
1
 93
4
 10
8485.0
 20
630.0
 10
8530.0
 20
630.0
 10
8530.0
 20
420.0
 10
8485.0
 20
420.0
 97
0
 75
1
 76
1
 98
0
  0
LWPOLYLINE
  5
478
330
17
100
AcDbEntity
  8
I-FURN
370
5
420
5000268
100
AcDbPolyline
 90
4
 70
1
 10
8220.0
 20
380.0
 10
8280.0
 20
380.0
 10
8280.0
 20
170.0
 10
8220.0
 20
170.0
  0
HATCH
  5
479
330
17
100
AcDbEntity
  8
I-FURN
 62
7
420
13388871
100
AcDbHatch
 10
0.0
 20
0.0
 30
0.0
210
0.0
220
0.0
230
1.0
  2
SOLID
 70
1
 71
0
 91
1
 92
3
 72
0
 73
1
 93
4
 10
8220.0
 20
380.0
 10
8280.0
 20
380.0
 10
8280.0
 20
170.0
 10
8220.0
 20
170.0
 97
0
 75
1
 76
1
 98
0
  0
LWPOLYLINE
  5
47A
330
17
100
AcDbEntity
  8
I-FURN
370
5
420
5000268
100
AcDbPolyline
 90
4
 70
1
 10
8288.0
 20
380.0
 10
8385.0
 20
380.0
 10
8385.0
 20
195.0
 10
8288.0
 20
195.0
  0
HATCH
  5
47B
330
17
100
AcDbEntity
  8
I-FURN
 62
7
420
4223922
100
AcDbHatch
 10
0.0
 20
0.0
 30
0.0
210
0.0
220
0.0
230
1.0
  2
SOLID
 70
1
 71
0
 91
1
 92
3
 72
0
 73
1
 93
4
 10
8288.0
 20
380.0
 10
8385.0
 20
380.0
 10
8385.0
 20
195.0
 10
8288.0
 20
195.0
 97
0
 75
1
 76
1
 98
0
  0
LWPOLYLINE
  5
47C
330
17
100
AcDbEntity
  8
I-FURN
370
5
420
5000268
100
AcDbPolyline
 90
4
 70
1
 10
8393.0
 20
380.0
 10
8477.0
 20
380.0
 10
8477.0
 20
220.0
 10
8393.0
 20
220.0
  0
HATCH
  5
47D
330
17
100
AcDbEntity
  8
I-FURN
 62
7
420
15120460
100
AcDbHatch
 10
0.0
 20
0.0
 30
0.0
210
0.0
220
0.0
230
1.0
  2
SOLID
 70
1
 71
0
 91
1
 92
3
 72
0
 73
1
 93
4
 10
8393.0
 20
380.0
 10
8477.0
 20
380.0
 10
8477.0
 20
220.0
 10
8393.0
 20
220.0
 97
0
 75
1
 76
1
 98
0
  0
LWPOLYLINE
  5
47E
330
17
100
AcDbEntity
  8
I-FURN
370
5
420
5000268
100
AcDbPolyline
 90
4
 70
1
 10
8485.0
 20
380.0
 10
8530.0
 20
380.0
 10
8530.0
 20
170.0
 10
8485.0
 20
170.0
  0
HATCH
  5
47F
330
17
100
AcDbEntity
  8
I-FURN
 62
7
420
5871987
100
AcDbHatch
 10
0.0
 20
0.0
 30
0.0
210
0.0
220
0.0
230
1.0
  2
SOLID
 70
1
 71
0
 91
1
 92
3
 72
0
 73
1
 93
4
 10
8485.0
 20
380.0
 10
8530.0
 20
380.0
 10
8530.0
 20
170.0
 10
8485.0
 20
170.0
 97
0
 75
1
 76
1
 98
0
  0
LWPOLYLINE
  5
480
330
17
100
AcDbEntity
  8
I-FURN
370
13
420
5000274
100
AcDbPolyline
 90
28
 70
1
 10
10330.0
 20
800.0
 10
10361.058285412302
 20
795.9110991546877
 10
10390.0
 20
783.9230484541331
 10
10414.852813742385
 20
764.8528137423855
 10
10433.923048454133
 20
740.0
 10
10445.911099154688
 20
711.0582854123022
 10
10450.0
 20
680.0
 10
10450.0
 20
370.0
 10
10445.911099154688
 20
338.9417145876978
 10
10433.923048454133
 20
310.0
 10
10414.852813742385
 20
285.1471862576145
 10
10390.0
 20
266.0769515458669
 10
10361.058285412302
 20
254.0889008453123
 10
10330.0
 20
250.0
 10
9870.0
 20
250.0
 10
9838.941714587698
 20
254.0889008453123
 10
9810.0
 20
266.0769515458669
 10
9785.147186257615
 20
285.1471862576145
 10
9766.076951545867
 20
310.0
 10
9754.088900845312
 20
338.9417145876978
 10
9750.0
 20
370.0
 10
9750.0
 20
680.0
 10
9754.088900845312
 20
711.0582854123022
 10
9766.076951545867
 20
740.0
 10
9785.147186257615
 20
764.8528137423855
 10
9810.0
 20
783.9230484541331
 10
9838.941714587698
 20
795.9110991546877
 10
9870.0
 20
800.0
  0
HATCH
  5
481
330
17
100
AcDbEntity
  8
I-FURN
 62
7
420
13413760
100
AcDbHatch
 10
0.0
 20
0.0
 30
0.0
210
0.0
220
0.0
230
1.0
  2
SOLID
 70
1
 71
0
 91
1
 92
3
 72
0
 73
1
 93
28
 10
10330.0
 20
800.0
 10
10361.058285412302
 20
795.9110991546877
 10
10390.0
 20
783.9230484541331
 10
10414.852813742385
 20
764.8528137423855
 10
10433.923048454133
 20
740.0
 10
10445.911099154688
 20
711.0582854123022
 10
10450.0
 20
680.0
 10
10450.0
 20
370.0
 10
10445.911099154688
 20
338.9417145876978
 10
10433.923048454133
 20
310.0
 10
10414.852813742385
 20
285.1471862576145
 10
10390.0
 20
266.0769515458669
 10
10361.058285412302
 20
254.0889008453123
 10
10330.0
 20
250.0
 10
9870.0
 20
250.0
 10
9838.941714587698
 20
254.0889008453123
 10
9810.0
 20
266.0769515458669
 10
9785.147186257615
 20
285.1471862576145
 10
9766.076951545867
 20
310.0
 10
9754.088900845312
 20
338.9417145876978
 10
9750.0
 20
370.0
 10
9750.0
 20
680.0
 10
9754.088900845312
 20
711.0582854123022
 10
9766.076951545867
 20
740.0
 10
9785.147186257615
 20
764.8528137423855
 10
9810.0
 20
783.9230484541331
 10
9838.941714587698
 20
795.9110991546877
 10
9870.0
 20
800.0
 97
0
 75
1
 76
1
 98
0
  0
LWPOLYLINE
  5
482
330
17
100
AcDbEntity
  8
I-FURN
370
5
100
AcDbPolyline
 90
28
 70
1
 10
10320.0
 20
750.0
 10
10340.705523608201
 20
747.2740661031257
 10
10360.0
 20
739.2820323027554
 10
10376.568542494924
 20
726.5685424949243
 10
10389.282032302755
 20
710.0
 10
10397.274066103126
 20
690.7055236082015
 10
10400.0
 20
670.0
 10
10400.0
 20
480.0
 10
10397.274066103126
 20
459.2944763917985
 10
10389.282032302755
 20
440.0
 10
10376.568542494924
 20
423.43145750507574
 10
10360.0
 20
410.7179676972446
 10
10340.705523608201
 20
402.72593389687427
 10
10320.0
 20
400.0
 10
9880.0
 20
400.0
 10
9859.294476391799
 20
402.72593389687427
 10
9840.0
 20
410.7179676972446
 10
9823.431457505078
 20
423.43145750507574
 10
9810.717967697245
 20
440.0
 10
9802.725933896874
 20
459.2944763917985
 10
9800.0
 20
480.0
 10
9800.0
 20
670.0
 10
9802.725933896874
 20
690.7055236082015
 10
9810.717967697245
 20
710.0
 10
9823.431457505076
 20
726.5685424949243
 10
9840.0
 20
739.2820323027554
 10
9859.294476391799
 20
747.2740661031257
 10
9880.0
 20
750.0
  0
HATCH
  5
483
330
17
100
AcDbEntity
  8
I-FURN
 62
7
420
15920611
100
AcDbHatch
 10
0.0
 20
0.0
 30
0.0
210
0.0
220
0.0
230
1.0
  2
SOLID
 70
1
 71
0
 91
1
 92
3
 72
0
 73
1
 93
28
 10
10320.0
 20
750.0
 10
10340.705523608201
 20
747.2740661031257
 10
10360.0
 20
739.2820323027554
 10
10376.568542494924
 20
726.5685424949243
 10
10389.282032302755
 20
710.0
 10
10397.274066103126
 20
690.7055236082015
 10
10400.0
 20
670.0
 10
10400.0
 20
480.0
 10
10397.274066103126
 20
459.2944763917985
 10
10389.282032302755
 20
440.0
 10
10376.568542494924
 20
423.43145750507574
 10
10360.0
 20
410.7179676972446
 10
10340.705523608201
 20
402.72593389687427
 10
10320.0
 20
400.0
 10
9880.0
 20
400.0
 10
9859.294476391799
 20
402.72593389687427
 10
9840.0
 20
410.7179676972446
 10
9823.431457505078
 20
423.43145750507574
 10
9810.717967697245
 20
440.0
 10
9802.725933896874
 20
459.2944763917985
 10
9800.0
 20
480.0
 10
9800.0
 20
670.0
 10
9802.725933896874
 20
690.7055236082015
 10
9810.717967697245
 20
710.0
 10
9823.431457505076
 20
726.5685424949243
 10
9840.0
 20
739.2820323027554
 10
9859.294476391799
 20
747.2740661031257
 10
9880.0
 20
750.0
 97
0
 75
1
 76
1
 98
0
  0
CIRCLE
  5
484
330
17
100
AcDbEntity
  8
I-FURN
370
13
420
5000274
100
AcDbCircle
 10
9500.0
 20
1100.0
 30
0.0
 40
220.0
  0
HATCH
  5
485
330
17
100
AcDbEntity
  8
I-FURN
 62
7
420
15921901
100
AcDbHatch
 10
0.0
 20
0.0
 30
0.0
210
0.0
220
0.0
230
1.0
  2
SOLID
 70
1
 71
0
 91
1
 92
1
 93
1
 72
2
 10
9500.0
 20
1100.0
 40
220
 50
0
 51
360
 73
1
 97
0
 75
1
 76
1
 98
0
  0
CIRCLE
  5
486
330
17
100
AcDbEntity
  8
I-PLANT
370
13
420
3698749
100
AcDbCircle
 10
10900.0
 20
650.0
 30
0.0
 40
380.0
  0
HATCH
  5
487
330
17
100
AcDbEntity
  8
I-PLANT
 62
7
420
6068572
100
AcDbHatch
 10
0.0
 20
0.0
 30
0.0
210
0.0
220
0.0
230
1.0
  2
SOLID
 70
1
 71
0
 91
1
 92
1
 93
1
 72
2
 10
10900.0
 20
650.0
 40
380
 50
0
 51
360
 73
1
 97
0
 75
1
 76
1
 98
0
  0
LWPOLYLINE
  5
488
330
17
100
AcDbEntity
  8
I-PLANT
370
9
420
3698749
100
AcDbPolyline
 90
48
 70
1
 10
11228.002125765088
 20
620.3061616189552
 10
11226.636725640346
 20
609.3941719493596
 10
11222.563887640823
 20
598.668889448385
 10
11215.853299153889
 20
588.313826673233
 10
11206.619780209083
 20
578.506161618956
 10
11195.02131887557
 20
569.4137061538258
 10
11181.256368042461
 20
561.1920347117593
 10
11165.56044983488
 20
553.9818223706079
 10
11148.202125765089
 20
547.9064378625753
 10
11129.478401570555
 20
543.0698327010123
 10
11109.70964536345
 20
539.5547625411891
 10
11089.234106043408
 20
537.4213712081055
 10
11068.402125765087
 20
536.7061616189549
 10
11047.570145486767
 20
537.4213712081055
 10
11027.094606166725
 20
539.5547625411891
 10
11007.32584995962
 20
543.0698327010123
 10
10988.602125765086
 20
547.9064378625753
 10
10971.243801695295
 20
553.9818223706079
 10
10955.547883487714
 20
561.1920347117593
 10
10941.782932654605
 20
569.4137061538258
 10
10930.184471321092
 20
578.506161618956
 10
10920.950952376286
 20
588.313826673233
 10
10914.240363889352
 20
598.668889448385
 10
10910.167525889829
 20
609.3941719493596
 10
10908.802125765087
 20
620.3061616189552
 10
10910.167525889829
 20
631.2181512885509
 10
10914.240363889352
 20
641.9434337895254
 10
10920.950952376286
 20
652.2984965646774
 10
10930.184471321092
 20
662.1061616189545
 10
10941.782932654605
 20
671.1986170840846
 10
10955.547883487714
 20
679.4202885261511
 10
10971.243801695295
 20
686.6305008673025
 10
10988.602125765086
 20
692.7058853753351
 10
11007.32584995962
 20
697.5424905368982
 10
11027.094606166725
 20
701.0575606967213
 10
11047.570145486767
 20
703.190952029805
 10
11068.402125765087
 20
703.9061616189556
 10
11089.234106043408
 20
703.190952029805
 10
11109.70964536345
 20
701.0575606967213
 10
11129.478401570555
 20
697.5424905368982
 10
11148.202125765089
 20
692.7058853753351
 10
11165.56044983488
 20
686.6305008673025
 10
11181.256368042461
 20
679.4202885261511
 10
11195.02131887557
 20
671.1986170840846
 10
11206.619780209083
 20
662.1061616189545
 10
11215.853299153889
 20
652.2984965646774
 10
11222.563887640823
 20
641.9434337895254
 10
11226.636725640346
 20
631.2181512885509
  0
HATCH
  5
489
330
17
100
AcDbEntity
  8
I-PLANT
 62
7
420
7582315
100
AcDbHatch
 10
0.0
 20
0.0
 30
0.0
210
0.0
220
0.0
230
1.0
  2
SOLID
 70
1
 71
0
 91
1
 92
3
 72
0
 73
1
 93
48
 10
11228.002125765088
 20
620.3061616189552
 10
11226.636725640346
 20
609.3941719493596
 10
11222.563887640823
 20
598.668889448385
 10
11215.853299153889
 20
588.313826673233
 10
11206.619780209083
 20
578.506161618956
 10
11195.02131887557
 20
569.4137061538258
 10
11181.256368042461
 20
561.1920347117593
 10
11165.56044983488
 20
553.9818223706079
 10
11148.202125765089
 20
547.9064378625753
 10
11129.478401570555
 20
543.0698327010123
 10
11109.70964536345
 20
539.5547625411891
 10
11089.234106043408
 20
537.4213712081055
 10
11068.402125765087
 20
536.7061616189549
 10
11047.570145486767
 20
537.4213712081055
 10
11027.094606166725
 20
539.5547625411891
 10
11007.32584995962
 20
543.0698327010123
 10
10988.602125765086
 20
547.9064378625753
 10
10971.243801695295
 20
553.9818223706079
 10
10955.547883487714
 20
561.1920347117593
 10
10941.782932654605
 20
569.4137061538258
 10
10930.184471321092
 20
578.506161618956
 10
10920.950952376286
 20
588.313826673233
 10
10914.240363889352
 20
598.668889448385
 10
10910.167525889829
 20
609.3941719493596
 10
10908.802125765087
 20
620.3061616189552
 10
10910.167525889829
 20
631.2181512885509
 10
10914.240363889352
 20
641.9434337895254
 10
10920.950952376286
 20
652.2984965646774
 10
10930.184471321092
 20
662.1061616189545
 10
10941.782932654605
 20
671.1986170840846
 10
10955.547883487714
 20
679.4202885261511
 10
10971.243801695295
 20
686.6305008673025
 10
10988.602125765086
 20
692.7058853753351
 10
11007.32584995962
 20
697.5424905368982
 10
11027.094606166725
 20
701.0575606967213
 10
11047.570145486767
 20
703.190952029805
 10
11068.402125765087
 20
703.9061616189556
 10
11089.234106043408
 20
703.190952029805
 10
11109.70964536345
 20
701.0575606967213
 10
11129.478401570555
 20
697.5424905368982
 10
11148.202125765089
 20
692.7058853753351
 10
11165.56044983488
 20
686.6305008673025
 10
11181.256368042461
 20
679.4202885261511
 10
11195.02131887557
 20
671.1986170840846
 10
11206.619780209083
 20
662.1061616189545
 10
11215.853299153889
 20
652.2984965646774
 10
11222.563887640823
 20
641.9434337895254
 10
11226.636725640346
 20
631.2181512885509
 97
0
 75
1
 76
1
 98
0
  0
LWPOLYLINE
  5
48A
330
17
100
AcDbEntity
  8
I-PLANT
370
9
420
3698749
100
AcDbPolyline
 90
48
 70
1
 10
11141.381430344245
 20
499.82411095369025
 10
11140.016030219505
 20
488.9121212840946
 10
11135.94319221998
 20
478.18683878312004
 10
11129.232603733046
 20
467.8317760079681
 10
11119.999084788242
 20
458.024110953691
 10
11108.400623454727
 20
448.93165548856086
 10
11094.635672621618
 20
440.70998404649436
 10
11078.939754414037
 20
433.49977170534294
 10
11061.581430344246
 20
427.42438719731035
 10
11042.857706149713
 20
422.5877820357473
 10
11023.088949942608
 20
419.07271187592414
 10
11002.613410622565
 20
416.9393205428405
 10
10981.781430344246
 20
416.2241109536899
 10
10960.949450065926
 20
416.9393205428405
 10
10940.473910745884
 20
419.07271187592414
 10
10920.705154538777
 20
422.5877820357473
 10
10901.981430344245
 20
427.42438719731035
 10
10884.623106274454
 20
433.49977170534294
 10
10868.927188066873
 20
440.70998404649436
 10
10855.162237233764
 20
448.93165548856086
 10
10843.56377590025
 20
458.024110953691
 10
10834.330256955443
 20
467.8317760079681
 10
10827.61966846851
 20
478.18683878312004
 10
10823.546830468986
 20
488.9121212840946
 10
10822.181430344244
 20
499.82411095369025
 10
10823.546830468986
 20
510.7361006232859
 10
10827.61966846851
 20
521.4613831242605
 10
10834.330256955443
 20
531.8164458994124
 10
10843.56377590025
 20
541.6241109536895
 10
10855.162237233764
 20
550.7165664188196
 10
10868.927188066871
 20
558.9382378608861
 10
10884.623106274454
 20
566.1484502020376
 10
10901.981430344245
 20
572.2238347100702
 10
10920.705154538777
 20
577.0604398716332
 10
10940.473910745884
 20
580.5755100314564
 10
10960.949450065926
 20
582.70890136454
 10
10981.781430344246
 20
583.4241109536906
 10
11002.613410622565
 20
582.70890136454
 10
11023.088949942608
 20
580.5755100314564
 10
11042.857706149713
 20
577.0604398716332
 10
11061.581430344246
 20
572.2238347100702
 10
11078.939754414037
 20
566.1484502020376
 10
11094.635672621618
 20
558.9382378608861
 10
11108.400623454727
 20
550.7165664188196
 10
11119.999084788242
 20
541.6241109536895
 10
11129.232603733046
 20
531.8164458994124
 10
11135.94319221998
 20
521.4613831242605
 10
11140.016030219505
 20
510.7361006232859
  0
HATCH
  5
48B
330
17
100
AcDbEntity
  8
I-PLANT
 62
7
420
7582315
100
AcDbHatch
 10
0.0
 20
0.0
 30
0.0
210
0.0
220
0.0
230
1.0
  2
SOLID
 70
1
 71
0
 91
1
 92
3
 72
0
 73
1
 93
48
 10
11141.381430344245
 20
499.82411095369025
 10
11140.016030219505
 20
488.9121212840946
 10
11135.94319221998
 20
478.18683878312004
 10
11129.232603733046
 20
467.8317760079681
 10
11119.999084788242
 20
458.024110953691
 10
11108.400623454727
 20
448.93165548856086
 10
11094.635672621618
 20
440.70998404649436
 10
11078.939754414037
 20
433.49977170534294
 10
11061.581430344246
 20
427.42438719731035
 10
11042.857706149713
 20
422.5877820357473
 10
11023.088949942608
 20
419.07271187592414
 10
11002.613410622565
 20
416.9393205428405
 10
10981.781430344246
 20
416.2241109536899
 10
10960.949450065926
 20
416.9393205428405
 10
10940.473910745884
 20
419.07271187592414
 10
10920.705154538777
 20
422.5877820357473
 10
10901.981430344245
 20
427.42438719731035
 10
10884.623106274454
 20
433.49977170534294
 10
10868.927188066873
 20
440.70998404649436
 10
10855.162237233764
 20
448.93165548856086
 10
10843.56377590025
 20
458.024110953691
 10
10834.330256955443
 20
467.8317760079681
 10
10827.61966846851
 20
478.18683878312004
 10
10823.546830468986
 20
488.9121212840946
 10
10822.181430344244
 20
499.82411095369025
 10
10823.546830468986
 20
510.7361006232859
 10
10827.61966846851
 20
521.4613831242605
 10
10834.330256955443
 20
531.8164458994124
 10
10843.56377590025
 20
541.6241109536895
 10
10855.162237233764
 20
550.7165664188196
 10
10868.927188066871
 20
558.9382378608861
 10
10884.623106274454
 20
566.1484502020376
 10
10901.981430344245
 20
572.2238347100702
 10
10920.705154538777
 20
577.0604398716332
 10
10940.473910745884
 20
580.5755100314564
 10
10960.949450065926
 20
582.70890136454
 10
10981.781430344246
 20
583.4241109536906
 10
11002.613410622565
 20
582.70890136454
 10
11023.088949942608
 20
580.5755100314564
 10
11042.857706149713
 20
577.0604398716332
 10
11061.581430344246
 20
572.2238347100702
 10
11078.939754414037
 20
566.1484502020376
 10
11094.635672621618
 20
558.9382378608861
 10
11108.400623454727
 20
550.7165664188196
 10
11119.999084788242
 20
541.6241109536895
 10
11129.232603733046
 20
531.8164458994124
 10
11135.94319221998
 20
521.4613831242605
 10
11140.016030219505
 20
510.7361006232859
 97
0
 75
1
 76
1
 98
0
  0
LWPOLYLINE
  5
48C
330
17
100
AcDbEntity
  8
I-PLANT
370
9
420
3698749
100
AcDbPolyline
 90
48
 70
1
 10
10993.177649837027
 20
492.42756777016075
 10
10991.812249712286
 20
481.5155781005651
 10
10987.739411712762
 20
470.79029559959054
 10
10981.028823225828
 20
460.4352328244386
 10
10971.795304281022
 20
450.6275677701615
 10
10960.19684294751
 20
441.53511230503136
 10
10946.4318921144
 20
433.31344086296485
 10
10930.73597390682
 20
426.10322852181343
 10
10913.377649837028
 20
420.02784401378085
 10
10894.653925642495
 20
415.1912388522178
 10
10874.885169435389
 20
411.67616869239464
 10
10854.409630115348
 20
409.542777359311
 10
10833.577649837027
 20
408.8275677701604
 10
10812.745669558706
 20
409.542777359311
 10
10792.270130238665
 20
411.67616869239464
 10
10772.501374031559
 20
415.1912388522178
 10
10753.777649837026
 20
420.02784401378085
 10
10736.419325767234
 20
426.10322852181343
 10
10720.723407559653
 20
433.31344086296485
 10
10706.958456726545
 20
441.53511230503136
 10
10695.359995393032
 20
450.6275677701615
 10
10686.126476448226
 20
460.4352328244386
 10
10679.415887961291
 20
470.79029559959054
 10
10675.343049961768
 20
481.5155781005651
 10
10673.977649837027
 20
492.42756777016075
 10
10675.343049961768
 20
503.3395574397564
 10
10679.415887961291
 20
514.064839940731
 10
10686.126476448226
 20
524.4199027158829
 10
10695.359995393032
 20
534.22756777016
 10
10706.958456726545
 20
543.3200232352901
 10
10720.723407559653
 20
551.5416946773566
 10
10736.419325767234
 20
558.7519070185081
 10
10753.777649837026
 20
564.8272915265406
 10
10772.501374031559
 20
569.6638966881037
 10
10792.270130238665
 20
573.1789668479269
 10
10812.745669558706
 20
575.3123581810105
 10
10833.577649837027
 20
576.0275677701611
 10
10854.409630115348
 20
575.3123581810105
 10
10874.885169435389
 20
573.1789668479269
 10
10894.653925642495
 20
569.6638966881037
 10
10913.377649837028
 20
564.8272915265406
 10
10930.73597390682
 20
558.7519070185081
 10
10946.4318921144
 20
551.5416946773566
 10
10960.19684294751
 20
543.3200232352901
 10
10971.795304281022
 20
534.22756777016
 10
10981.028823225828
 20
524.4199027158829
 10
10987.739411712762
 20
514.064839940731
 10
10991.812249712286
 20
503.3395574397564
  0
HATCH
  5
48D
330
17
100
AcDbEntity
  8
I-PLANT
 62
7
420
7582315
100
AcDbHatch
 10
0.0
 20
0.0
 30
0.0
210
0.0
220
0.0
230
1.0
  2
SOLID
 70
1
 71
0
 91
1
 92
3
 72
0
 73
1
 93
48
 10
10993.177649837027
 20
492.42756777016075
 10
10991.812249712286
 20
481.5155781005651
 10
10987.739411712762
 20
470.79029559959054
 10
10981.028823225828
 20
460.4352328244386
 10
10971.795304281022
 20
450.6275677701615
 10
10960.19684294751
 20
441.53511230503136
 10
10946.4318921144
 20
433.31344086296485
 10
10930.73597390682
 20
426.10322852181343
 10
10913.377649837028
 20
420.02784401378085
 10
10894.653925642495
 20
415.1912388522178
 10
10874.885169435389
 20
411.67616869239464
 10
10854.409630115348
 20
409.542777359311
 10
10833.577649837027
 20
408.8275677701604
 10
10812.745669558706
 20
409.542777359311
 10
10792.270130238665
 20
411.67616869239464
 10
10772.501374031559
 20
415.1912388522178
 10
10753.777649837026
 20
420.02784401378085
 10
10736.419325767234
 20
426.10322852181343
 10
10720.723407559653
 20
433.31344086296485
 10
10706.958456726545
 20
441.53511230503136
 10
10695.359995393032
 20
450.6275677701615
 10
10686.126476448226
 20
460.4352328244386
 10
10679.415887961291
 20
470.79029559959054
 10
10675.343049961768
 20
481.5155781005651
 10
10673.977649837027
 20
492.42756777016075
 10
10675.343049961768
 20
503.3395574397564
 10
10679.415887961291
 20
514.064839940731
 10
10686.126476448226
 20
524.4199027158829
 10
10695.359995393032
 20
534.22756777016
 10
10706.958456726545
 20
543.3200232352901
 10
10720.723407559653
 20
551.5416946773566
 10
10736.419325767234
 20
558.7519070185081
 10
10753.777649837026
 20
564.8272915265406
 10
10772.501374031559
 20
569.6638966881037
 10
10792.270130238665
 20
573.1789668479269
 10
10812.745669558706
 20
575.3123581810105
 10
10833.577649837027
 20
576.0275677701611
 10
10854.409630115348
 20
575.3123581810105
 10
10874.885169435389
 20
573.1789668479269
 10
10894.653925642495
 20
569.6638966881037
 10
10913.377649837028
 20
564.8272915265406
 10
10930.73597390682
 20
558.7519070185081
 10
10946.4318921144
 20
551.5416946773566
 10
10960.19684294751
 20
543.3200232352901
 10
10971.795304281022
 20
534.22756777016
 10
10981.028823225828
 20
524.4199027158829
 10
10987.739411712762
 20
514.064839940731
 10
10991.812249712286
 20
503.3395574397564
 97
0
 75
1
 76
1
 98
0
  0
LWPOLYLINE
  5
48E
330
17
100
AcDbEntity
  8
I-PLANT
370
9
420
3698749
100
AcDbPolyline
 90
48
 70
1
 10
10894.991253771548
 20
603.6862799475457
 10
10893.625853646809
 20
592.7742902779501
 10
10889.553015647283
 20
582.0490077769755
 10
10882.842427160349
 20
571.6939450018235
 10
10873.608908215545
 20
561.8862799475464
 10
10862.010446882028
 20
552.7938244824163
 10
10848.24549604892
 20
544.5721530403498
 10
10832.549577841339
 20
537.3619406991984
 10
10815.191253771547
 20
531.2865561911658
 10
10796.467529577016
 20
526.4499510296027
 10
10776.69877336991
 20
522.9348808697796
 10
10756.223234049867
 20
520.801489536696
 10
10735.391253771548
 20
520.0862799475453
 10
10714.559273493229
 20
520.801489536696
 10
10694.083734173186
 20
522.9348808697796
 10
10674.31497796608
 20
526.4499510296027
 10
10655.591253771549
 20
531.2865561911658
 10
10638.232929701757
 20
537.3619406991984
 10
10622.537011494176
 20
544.5721530403498
 10
10608.772060661067
 20
552.7938244824163
 10
10597.17359932755
 20
561.8862799475464
 10
10587.940080382747
 20
571.6939450018235
 10
10581.229491895812
 20
582.0490077769755
 10
10577.156653896287
 20
592.7742902779501
 10
10575.791253771547
 20
603.6862799475457
 10
10577.156653896287
 20
614.5982696171413
 10
10581.229491895812
 20
625.3235521181159
 10
10587.940080382747
 20
635.6786148932679
 10
10597.17359932755
 20
645.486279947545
 10
10608.772060661067
 20
654.5787354126751
 10
10622.537011494174
 20
662.8004068547416
 10
10638.232929701757
 20
670.010619195893
 10
10655.591253771549
 20
676.0860037039256
 10
10674.31497796608
 20
680.9226088654887
 10
10694.083734173186
 20
684.4376790253118
 10
10714.559273493229
 20
686.5710703583954
 10
10735.391253771548
 20
687.2862799475461
 10
10756.223234049867
 20
686.5710703583954
 10
10776.69877336991
 20
684.4376790253118
 10
10796.467529577016
 20
680.9226088654887
 10
10815.191253771547
 20
676.0860037039256
 10
10832.549577841339
 20
670.010619195893
 10
10848.24549604892
 20
662.8004068547416
 10
10862.010446882028
 20
654.5787354126751
 10
10873.608908215545
 20
645.486279947545
 10
10882.842427160349
 20
635.6786148932679
 10
10889.553015647283
 20
625.3235521181159
 10
10893.625853646809
 20
614.5982696171413
  0
HATCH
  5
48F
330
17
100
AcDbEntity
  8
I-PLANT
 62
7
420
7582315
100
AcDbHatch
 10
0.0
 20
0.0
 30
0.0
210
0.0
220
0.0
230
1.0
  2
SOLID
 70
1
 71
0
 91
1
 92
3
 72
0
 73
1
 93
48
 10
10894.991253771548
 20
603.6862799475457
 10
10893.625853646809
 20
592.7742902779501
 10
10889.553015647283
 20
582.0490077769755
 10
10882.842427160349
 20
571.6939450018235
 10
10873.608908215545
 20
561.8862799475464
 10
10862.010446882028
 20
552.7938244824163
 10
10848.24549604892
 20
544.5721530403498
 10
10832.549577841339
 20
537.3619406991984
 10
10815.191253771547
 20
531.2865561911658
 10
10796.467529577016
 20
526.4499510296027
 10
10776.69877336991
 20
522.9348808697796
 10
10756.223234049867
 20
520.801489536696
 10
10735.391253771548
 20
520.0862799475453
 10
10714.559273493229
 20
520.801489536696
 10
10694.083734173186
 20
522.9348808697796
 10
10674.31497796608
 20
526.4499510296027
 10
10655.591253771549
 20
531.2865561911658
 10
10638.232929701757
 20
537.3619406991984
 10
10622.537011494176
 20
544.5721530403498
 10
10608.772060661067
 20
552.7938244824163
 10
10597.17359932755
 20
561.8862799475464
 10
10587.940080382747
 20
571.6939450018235
 10
10581.229491895812
 20
582.0490077769755
 10
10577.156653896287
 20
592.7742902779501
 10
10575.791253771547
 20
603.6862799475457
 10
10577.156653896287
 20
614.5982696171413
 10
10581.229491895812
 20
625.3235521181159
 10
10587.940080382747
 20
635.6786148932679
 10
10597.17359932755
 20
645.486279947545
 10
10608.772060661067
 20
654.5787354126751
 10
10622.537011494174
 20
662.8004068547416
 10
10638.232929701757
 20
670.010619195893
 10
10655.591253771549
 20
676.0860037039256
 10
10674.31497796608
 20
680.9226088654887
 10
10694.083734173186
 20
684.4376790253118
 10
10714.559273493229
 20
686.5710703583954
 10
10735.391253771548
 20
687.2862799475461
 10
10756.223234049867
 20
686.5710703583954
 10
10776.69877336991
 20
684.4376790253118
 10
10796.467529577016
 20
680.9226088654887
 10
10815.191253771547
 20
676.0860037039256
 10
10832.549577841339
 20
670.010619195893
 10
10848.24549604892
 20
662.8004068547416
 10
10862.010446882028
 20
654.5787354126751
 10
10873.608908215545
 20
645.486279947545
 10
10882.842427160349
 20
635.6786148932679
 10
10889.553015647283
 20
625.3235521181159
 10
10893.625853646809
 20
614.5982696171413
 97
0
 75
1
 76
1
 98
0
  0
LWPOLYLINE
  5
490
330
17
100
AcDbEntity
  8
I-PLANT
370
9
420
3698749
100
AcDbPolyline
 90
48
 70
1
 10
10920.75860102259
 20
749.8201679521499
 10
10919.393200897848
 20
738.9081782825542
 10
10915.320362898325
 20
728.1828957815796
 10
10908.60977441139
 20
717.8278330064277
 10
10899.376255466585
 20
708.0201679521506
 10
10887.77779413307
 20
698.9277124870205
 10
10874.01284329996
 20
690.706041044954
 10
10858.31692509238
 20
683.4958287038025
 10
10840.958601022588
 20
677.42044419577
 10
10822.234876828057
 20
672.5838390342069
 10
10802.46612062095
 20
669.0687688743837
 10
10781.990581300908
 20
666.9353775413001
 10
10761.158601022587
 20
666.2201679521495
 10
10740.326620744268
 20
666.9353775413001
 10
10719.851081424225
 20
669.0687688743837
 10
10700.082325217121
 20
672.5838390342069
 10
10681.358601022588
 20
677.42044419577
 10
10664.000276952796
 20
683.4958287038025
 10
10648.304358745216
 20
690.706041044954
 10
10634.539407912107
 20
698.9277124870205
 10
10622.940946578592
 20
708.0201679521506
 10
10613.707427633788
 20
717.8278330064277
 10
10606.996839146854
 20
728.1828957815796
 10
10602.924001147328
 20
738.9081782825542
 10
10601.558601022589
 20
749.8201679521499
 10
10602.924001147328
 20
760.7321576217455
 10
10606.996839146854
 20
771.4574401227201
 10
10613.707427633788
 20
781.812502897872
 10
10622.940946578592
 20
791.6201679521491
 10
10634.539407912107
 20
800.7126234172792
 10
10648.304358745216
 20
808.9342948593458
 10
10664.000276952796
 20
816.1445072004972
 10
10681.358601022588
 20
822.2198917085298
 10
10700.082325217121
 20
827.0564968700928
 10
10719.851081424225
 20
830.571567029916
 10
10740.326620744268
 20
832.7049583629996
 10
10761.158601022587
 20
833.4201679521502
 10
10781.990581300908
 20
832.7049583629996
 10
10802.46612062095
 20
830.571567029916
 10
10822.234876828057
 20
827.0564968700928
 10
10840.958601022588
 20
822.2198917085298
 10
10858.31692509238
 20
816.1445072004972
 10
10874.01284329996
 20
808.9342948593458
 10
10887.77779413307
 20
800.7126234172792
 10
10899.376255466585
 20
791.6201679521491
 10
10908.60977441139
 20
781.812502897872
 10
10915.320362898325
 20
771.4574401227201
 10
10919.393200897848
 20
760.7321576217455
  0
HATCH
  5
491
330
17
100
AcDbEntity
  8
I-PLANT
 62
7
420
7582315
100
AcDbHatch
 10
0.0
 20
0.0
 30
0.0
210
0.0
220
0.0
230
1.0
  2
SOLID
 70
1
 71
0
 91
1
 92
3
 72
0
 73
1
 93
48
 10
10920.75860102259
 20
749.8201679521499
 10
10919.393200897848
 20
738.9081782825542
 10
10915.320362898325
 20
728.1828957815796
 10
10908.60977441139
 20
717.8278330064277
 10
10899.376255466585
 20
708.0201679521506
 10
10887.77779413307
 20
698.9277124870205
 10
10874.01284329996
 20
690.706041044954
 10
10858.31692509238
 20
683.4958287038025
 10
10840.958601022588
 20
677.42044419577
 10
10822.234876828057
 20
672.5838390342069
 10
10802.46612062095
 20
669.0687688743837
 10
10781.990581300908
 20
666.9353775413001
 10
10761.158601022587
 20
666.2201679521495
 10
10740.326620744268
 20
666.9353775413001
 10
10719.851081424225
 20
669.0687688743837
 10
10700.082325217121
 20
672.5838390342069
 10
10681.358601022588
 20
677.42044419577
 10
10664.000276952796
 20
683.4958287038025
 10
10648.304358745216
 20
690.706041044954
 10
10634.539407912107
 20
698.9277124870205
 10
10622.940946578592
 20
708.0201679521506
 10
10613.707427633788
 20
717.8278330064277
 10
10606.996839146854
 20
728.1828957815796
 10
10602.924001147328
 20
738.9081782825542
 10
10601.558601022589
 20
749.8201679521499
 10
10602.924001147328
 20
760.7321576217455
 10
10606.996839146854
 20
771.4574401227201
 10
10613.707427633788
 20
781.812502897872
 10
10622.940946578592
 20
791.6201679521491
 10
10634.539407912107
 20
800.7126234172792
 10
10648.304358745216
 20
808.9342948593458
 10
10664.000276952796
 20
816.1445072004972
 10
10681.358601022588
 20
822.2198917085298
 10
10700.082325217121
 20
827.0564968700928
 10
10719.851081424225
 20
830.571567029916
 10
10740.326620744268
 20
832.7049583629996
 10
10761.158601022587
 20
833.4201679521502
 10
10781.990581300908
 20
832.7049583629996
 10
10802.46612062095
 20
830.571567029916
 10
10822.234876828057
 20
827.0564968700928
 10
10840.958601022588
 20
822.2198917085298
 10
10858.31692509238
 20
816.1445072004972
 10
10874.01284329996
 20
808.9342948593458
 10
10887.77779413307
 20
800.7126234172792
 10
10899.376255466585
 20
791.6201679521491
 10
10908.60977441139
 20
781.812502897872
 10
10915.320362898325
 20
771.4574401227201
 10
10919.393200897848
 20
760.7321576217455
 97
0
 75
1
 76
1
 98
0
  0
LWPOLYLINE
  5
492
330
17
100
AcDbEntity
  8
I-PLANT
370
9
420
3698749
100
AcDbPolyline
 90
48
 70
1
 10
11051.07635355202
 20
820.7874335284359
 10
11049.71095342728
 20
809.8754438588403
 10
11045.638115427755
 20
799.1501613578657
 10
11038.92752694082
 20
788.7950985827138
 10
11029.694007996017
 20
778.9874335284367
 10
11018.095546662502
 20
769.8949780633066
 10
11004.330595829393
 20
761.67330662124
 10
10988.634677621812
 20
754.4630942800886
 10
10971.27635355202
 20
748.387709772056
 10
10952.552629357488
 20
743.551104610493
 10
10932.783873150383
 20
740.0360344506698
 10
10912.30833383034
 20
737.9026431175862
 10
10891.476353552021
 20
737.1874335284356
 10
10870.6443732737
 20
737.9026431175862
 10
10850.16883395366
 20
740.0360344506698
 10
10830.400077746552
 20
743.551104610493
 10
10811.67635355202
 20
748.387709772056
 10
10794.318029482229
 20
754.4630942800886
 10
10778.622111274648
 20
761.67330662124
 10
10764.85716044154
 20
769.8949780633066
 10
10753.258699108024
 20
778.9874335284367
 10
10744.025180163218
 20
788.7950985827138
 10
10737.314591676284
 20
799.1501613578657
 10
10733.24175367676
 20
809.8754438588403
 10
10731.87635355202
 20
820.7874335284359
 10
10733.24175367676
 20
831.6994231980316
 10
10737.314591676284
 20
842.4247056990062
 10
10744.025180163218
 20
852.7797684741581
 10
10753.258699108024
 20
862.5874335284352
 10
10764.85716044154
 20
871.6798889935653
 10
10778.622111274646
 20
879.9015604356318
 10
10794.318029482229
 20
887.1117727767833
 10
10811.67635355202
 20
893.1871572848158
 10
10830.400077746552
 20
898.0237624463789
 10
10850.16883395366
 20
901.538832606202
 10
10870.6443732737
 20
903.6722239392857
 10
10891.476353552021
 20
904.3874335284363
 10
10912.30833383034
 20
903.6722239392857
 10
10932.783873150383
 20
901.538832606202
 10
10952.552629357488
 20
898.0237624463789
 10
10971.27635355202
 20
893.1871572848158
 10
10988.634677621812
 20
887.1117727767833
 10
11004.330595829393
 20
879.9015604356318
 10
11018.095546662502
 20
871.6798889935653
 10
11029.694007996017
 20
862.5874335284352
 10
11038.92752694082
 20
852.7797684741581
 10
11045.638115427755
 20
842.4247056990062
 10
11049.71095342728
 20
831.6994231980316
  0
HATCH
  5
493
330
17
100
AcDbEntity
  8
I-PLANT
 62
7
420
7582315
100
AcDbHatch
 10
0.0
 20
0.0
 30
0.0
210
0.0
220
0.0
230
1.0
  2
SOLID
 70
1
 71
0
 91
1
 92
3
 72
0
 73
1
 93
48
 10
11051.07635355202
 20
820.7874335284359
 10
11049.71095342728
 20
809.8754438588403
 10
11045.638115427755
 20
799.1501613578657
 10
11038.92752694082
 20
788.7950985827138
 10
11029.694007996017
 20
778.9874335284367
 10
11018.095546662502
 20
769.8949780633066
 10
11004.330595829393
 20
761.67330662124
 10
10988.634677621812
 20
754.4630942800886
 10
10971.27635355202
 20
748.387709772056
 10
10952.552629357488
 20
743.551104610493
 10
10932.783873150383
 20
740.0360344506698
 10
10912.30833383034
 20
737.9026431175862
 10
10891.476353552021
 20
737.1874335284356
 10
10870.6443732737
 20
737.9026431175862
 10
10850.16883395366
 20
740.0360344506698
 10
10830.400077746552
 20
743.551104610493
 10
10811.67635355202
 20
748.387709772056
 10
10794.318029482229
 20
754.4630942800886
 10
10778.622111274648
 20
761.67330662124
 10
10764.85716044154
 20
769.8949780633066
 10
10753.258699108024
 20
778.9874335284367
 10
10744.025180163218
 20
788.7950985827138
 10
10737.314591676284
 20
799.1501613578657
 10
10733.24175367676
 20
809.8754438588403
 10
10731.87635355202
 20
820.7874335284359
 10
10733.24175367676
 20
831.6994231980316
 10
10737.314591676284
 20
842.4247056990062
 10
10744.025180163218
 20
852.7797684741581
 10
10753.258699108024
 20
862.5874335284352
 10
10764.85716044154
 20
871.6798889935653
 10
10778.622111274646
 20
879.9015604356318
 10
10794.318029482229
 20
887.1117727767833
 10
10811.67635355202
 20
893.1871572848158
 10
10830.400077746552
 20
898.0237624463789
 10
10850.16883395366
 20
901.538832606202
 10
10870.6443732737
 20
903.6722239392857
 10
10891.476353552021
 20
904.3874335284363
 10
10912.30833383034
 20
903.6722239392857
 10
10932.783873150383
 20
901.538832606202
 10
10952.552629357488
 20
898.0237624463789
 10
10971.27635355202
 20
893.1871572848158
 10
10988.634677621812
 20
887.1117727767833
 10
11004.330595829393
 20
879.9015604356318
 10
11018.095546662502
 20
871.6798889935653
 10
11029.694007996017
 20
862.5874335284352
 10
11038.92752694082
 20
852.7797684741581
 10
11045.638115427755
 20
842.4247056990062
 10
11049.71095342728
 20
831.6994231980316
 97
0
 75
1
 76
1
 98
0
  0
LWPOLYLINE
  5
494
330
17
100
AcDbEntity
  8
I-PLANT
370
9
420
3698749
100
AcDbPolyline
 90
48
 70
1
 10
11187.812585707483
 20
763.1482782290623
 10
11186.447185582743
 20
752.2362885594666
 10
11182.374347583218
 20
741.5110060584921
 10
11175.663759096284
 20
731.1559432833401
 10
11166.43024015148
 20
721.348278229063
 10
11154.831778817963
 20
712.2558227639329
 10
11141.066827984854
 20
704.0341513218664
 10
11125.370909777273
 20
696.823938980715
 10
11108.012585707482
 20
690.7485544726824
 10
11089.28886151295
 20
685.9119493111193
 10
11069.520105305844
 20
682.3968791512962
 10
11049.044565985801
 20
680.2634878182125
 10
11028.212585707483
 20
679.5482782290619
 10
11007.380605429164
 20
680.2634878182125
 10
10986.90506610912
 20
682.3968791512962
 10
10967.136309902015
 20
685.9119493111193
 10
10948.412585707483
 20
690.7485544726824
 10
10931.054261637692
 20
696.823938980715
 10
10915.35834343011
 20
704.0341513218664
 10
10901.593392597002
 20
712.2558227639329
 10
10889.994931263485
 20
721.348278229063
 10
10880.761412318681
 20
731.1559432833401
 10
10874.050823831747
 20
741.5110060584921
 10
10869.977985832222
 20
752.2362885594666
 10
10868.612585707482
 20
763.1482782290623
 10
10869.977985832222
 20
774.0602678986579
 10
10874.050823831747
 20
784.7855503996325
 10
10880.761412318681
 20
795.1406131747844
 10
10889.994931263485
 20
804.9482782290615
 10
10901.593392597002
 20
814.0407336941917
 10
10915.358343430109
 20
822.2624051362582
 10
10931.054261637692
 20
829.4726174774096
 10
10948.412585707483
 20
835.5480019854422
 10
10967.136309902015
 20
840.3846071470052
 10
10986.90506610912
 20
843.8996773068284
 10
11007.380605429164
 20
846.033068639912
 10
11028.212585707483
 20
846.7482782290626
 10
11049.044565985801
 20
846.033068639912
 10
11069.520105305844
 20
843.8996773068284
 10
11089.28886151295
 20
840.3846071470052
 10
11108.012585707482
 20
835.5480019854422
 10
11125.370909777273
 20
829.4726174774096
 10
11141.066827984854
 20
822.2624051362582
 10
11154.831778817963
 20
814.0407336941917
 10
11166.43024015148
 20
804.9482782290615
 10
11175.663759096284
 20
795.1406131747844
 10
11182.374347583218
 20
784.7855503996325
 10
11186.447185582743
 20
774.0602678986579
  0
HATCH
  5
495
330
17
100
AcDbEntity
  8
I-PLANT
 62
7
420
7582315
100
AcDbHatch
 10
0.0
 20
0.0
 30
0.0
210
0.0
220
0.0
230
1.0
  2
SOLID
 70
1
 71
0
 91
1
 92
3
 72
0
 73
1
 93
48
 10
11187.812585707483
 20
763.1482782290623
 10
11186.447185582743
 20
752.2362885594666
 10
11182.374347583218
 20
741.5110060584921
 10
11175.663759096284
 20
731.1559432833401
 10
11166.43024015148
 20
721.348278229063
 10
11154.831778817963
 20
712.2558227639329
 10
11141.066827984854
 20
704.0341513218664
 10
11125.370909777273
 20
696.823938980715
 10
11108.012585707482
 20
690.7485544726824
 10
11089.28886151295
 20
685.9119493111193
 10
11069.520105305844
 20
682.3968791512962
 10
11049.044565985801
 20
680.2634878182125
 10
11028.212585707483
 20
679.5482782290619
 10
11007.380605429164
 20
680.2634878182125
 10
10986.90506610912
 20
682.3968791512962
 10
10967.136309902015
 20
685.9119493111193
 10
10948.412585707483
 20
690.7485544726824
 10
10931.054261637692
 20
696.823938980715
 10
10915.35834343011
 20
704.0341513218664
 10
10901.593392597002
 20
712.2558227639329
 10
10889.994931263485
 20
721.348278229063
 10
10880.761412318681
 20
731.1559432833401
 10
10874.050823831747
 20
741.5110060584921
 10
10869.977985832222
 20
752.2362885594666
 10
10868.612585707482
 20
763.1482782290623
 10
10869.977985832222
 20
774.0602678986579
 10
10874.050823831747
 20
784.7855503996325
 10
10880.761412318681
 20
795.1406131747844
 10
10889.994931263485
 20
804.9482782290615
 10
10901.593392597002
 20
814.0407336941917
 10
10915.358343430109
 20
822.2624051362582
 10
10931.054261637692
 20
829.4726174774096
 10
10948.412585707483
 20
835.5480019854422
 10
10967.136309902015
 20
840.3846071470052
 10
10986.90506610912
 20
843.8996773068284
 10
11007.380605429164
 20
846.033068639912
 10
11028.212585707483
 20
846.7482782290626
 10
11049.044565985801
 20
846.033068639912
 10
11069.520105305844
 20
843.8996773068284
 10
11089.28886151295
 20
840.3846071470052
 10
11108.012585707482
 20
835.5480019854422
 10
11125.370909777273
 20
829.4726174774096
 10
11141.066827984854
 20
822.2624051362582
 10
11154.831778817963
 20
814.0407336941917
 10
11166.43024015148
 20
804.9482782290615
 10
11175.663759096284
 20
795.1406131747844
 10
11182.374347583218
 20
784.7855503996325
 10
11186.447185582743
 20
774.0602678986579
 97
0
 75
1
 76
1
 98
0
  0
CIRCLE
  5
496
330
17
100
AcDbEntity
  8
I-PLANT
370
9
420
3698749
100
AcDbCircle
 10
10900.0
 20
650.0
 30
0.0
 40
68.39999999999999
  0
HATCH
  5
497
330
17
100
AcDbEntity
  8
I-PLANT
 62
7
420
9199936
100
AcDbHatch
 10
0.0
 20
0.0
 30
0.0
210
0.0
220
0.0
230
1.0
  2
SOLID
 70
1
 71
0
 91
1
 92
1
 93
1
 72
2
 10
10900.0
 20
650.0
 40
68.39999999999999
 50
0
 51
360
 73
1
 97
0
 75
1
 76
1
 98
0
  0
CIRCLE
  5
498
330
17
100
AcDbEntity
  8
I-PLANT
370
13
420
3698749
100
AcDbCircle
 10
8900.0
 20
450.0
 30
0.0
 40
200.0
  0
HATCH
  5
499
330
17
100
AcDbEntity
  8
I-PLANT
 62
7
420
6068572
100
AcDbHatch
 10
0.0
 20
0.0
 30
0.0
210
0.0
220
0.0
230
1.0
  2
SOLID
 70
1
 71
0
 91
1
 92
1
 93
1
 72
2
 10
8900.0
 20
450.0
 40
200
 50
0
 51
360
 73
1
 97
0
 75
1
 76
1
 98
0
  0
LWPOLYLINE
  5
49A
330
17
100
AcDbEntity
  8
I-PLANT
370
9
420
3698749
100
AcDbPolyline
 90
48
 70
1
 10
9072.6326977711
 20
434.3716640099756
 10
9071.9140661265
 20
428.6285115522933
 10
9069.77046717938
 20
422.9836260254651
 10
9066.238578502047
 20
417.53359298591204
 10
9061.378831688991
 20
412.3716640099756
 10
9055.274378355563
 20
407.5861611335913
 10
9048.029667390769
 20
403.2589656377677
 10
9039.768657807832
 20
399.4641170371615
 10
9030.6326977711
 20
396.26654624345974
 10
9020.778106089767
 20
393.7209645794792
 10
9010.37349755971
 20
391.87092765325724
 10
8999.596897917583
 20
390.74809010952777
 10
8988.6326977711
 20
390.3716640099756
 10
8977.668497624614
 20
390.74809010952777
 10
8966.891897982487
 20
391.87092765325724
 10
8956.48728945243
 20
393.7209645794792
 10
8946.6326977711
 20
396.26654624345974
 10
8937.496737734366
 20
399.4641170371615
 10
8929.235728151429
 20
403.2589656377677
 10
8921.991017186636
 20
407.5861611335913
 10
8915.886563853206
 20
412.3716640099756
 10
8911.02681704015
 20
417.53359298591204
 10
8907.494928362818
 20
422.9836260254651
 10
8905.351329415698
 20
428.6285115522933
 10
8904.6326977711
 20
434.3716640099756
 10
8905.351329415698
 20
440.1148164676579
 10
8907.494928362818
 20
445.759701994486
 10
8911.02681704015
 20
451.2097350340391
 10
8915.886563853206
 20
456.3716640099756
 10
8921.991017186636
 20
461.15716688635985
 10
8929.235728151429
 20
465.48436238218346
 10
8937.496737734366
 20
469.27921098278966
 10
8946.6326977711
 20
472.4767817764914
 10
8956.48728945243
 20
475.02236344047196
 10
8966.891897982487
 20
476.8724003666939
 10
8977.668497624614
 20
477.9952379104234
 10
8988.6326977711
 20
478.3716640099756
 10
8999.596897917583
 20
477.9952379104234
 10
9010.37349755971
 20
476.8724003666939
 10
9020.778106089767
 20
475.02236344047196
 10
9030.6326977711
 20
472.4767817764914
 10
9039.768657807832
 20
469.27921098278966
 10
9048.029667390769
 20
465.48436238218346
 10
9055.274378355563
 20
461.15716688635985
 10
9061.378831688991
 20
456.3716640099756
 10
9066.238578502047
 20
451.2097350340391
 10
9069.77046717938
 20
445.759701994486
 10
9071.9140661265
 20
440.1148164676579
  0
HATCH
  5
49B
330
17
100
AcDbEntity
  8
I-PLANT
 62
7
420
7582315
100
AcDbHatch
 10
0.0
 20
0.0
 30
0.0
210
0.0
220
0.0
230
1.0
  2
SOLID
 70
1
 71
0
 91
1
 92
3
 72
0
 73
1
 93
48
 10
9072.6326977711
 20
434.3716640099756
 10
9071.9140661265
 20
428.6285115522933
 10
9069.77046717938
 20
422.9836260254651
 10
9066.238578502047
 20
417.53359298591204
 10
9061.378831688991
 20
412.3716640099756
 10
9055.274378355563
 20
407.5861611335913
 10
9048.029667390769
 20
403.2589656377677
 10
9039.768657807832
 20
399.4641170371615
 10
9030.6326977711
 20
396.26654624345974
 10
9020.778106089767
 20
393.7209645794792
 10
9010.37349755971
 20
391.87092765325724
 10
8999.596897917583
 20
390.74809010952777
 10
8988.6326977711
 20
390.3716640099756
 10
8977.668497624614
 20
390.74809010952777
 10
8966.891897982487
 20
391.87092765325724
 10
8956.48728945243
 20
393.7209645794792
 10
8946.6326977711
 20
396.26654624345974
 10
8937.496737734366
 20
399.4641170371615
 10
8929.235728151429
 20
403.2589656377677
 10
8921.991017186636
 20
407.5861611335913
 10
8915.886563853206
 20
412.3716640099756
 10
8911.02681704015
 20
417.53359298591204
 10
8907.494928362818
 20
422.9836260254651
 10
8905.351329415698
 20
428.6285115522933
 10
8904.6326977711
 20
434.3716640099756
 10
8905.351329415698
 20
440.1148164676579
 10
8907.494928362818
 20
445.759701994486
 10
8911.02681704015
 20
451.2097350340391
 10
8915.886563853206
 20
456.3716640099756
 10
8921.991017186636
 20
461.15716688635985
 10
8929.235728151429
 20
465.48436238218346
 10
8937.496737734366
 20
469.27921098278966
 10
8946.6326977711
 20
472.4767817764914
 10
8956.48728945243
 20
475.02236344047196
 10
8966.891897982487
 20
476.8724003666939
 10
8977.668497624614
 20
477.9952379104234
 10
8988.6326977711
 20
478.3716640099756
 10
8999.596897917583
 20
477.9952379104234
 10
9010.37349755971
 20
476.8724003666939
 10
9020.778106089767
 20
475.02236344047196
 10
9030.6326977711
 20
472.4767817764914
 10
9039.768657807832
 20
469.27921098278966
 10
9048.029667390769
 20
465.48436238218346
 10
9055.274378355563
 20
461.15716688635985
 10
9061.378831688991
 20
456.3716640099756
 10
9066.238578502047
 20
451.2097350340391
 10
9069.77046717938
 20
445.759701994486
 10
9071.9140661265
 20
440.1148164676579
 97
0
 75
1
 76
1
 98
0
  0
LWPOLYLINE
  5
49C
330
17
100
AcDbEntity
  8
I-PLANT
370
9
420
3698749
100
AcDbPolyline
 90
48
 70
1
 10
9027.042858075918
 20
370.9600583966803
 10
9026.32422643132
 20
365.216905938998
 10
9024.1806274842
 20
359.5720204121699
 10
9020.648738806867
 20
354.1219873726168
 10
9015.788991993812
 20
348.9600583966803
 10
9009.684538660382
 20
344.17455552029605
 10
9002.439827695589
 20
339.84736002447244
 10
8994.17881811265
 20
336.05251142386624
 10
8985.042858075918
 20
332.8549406301645
 10
8975.188266394587
 20
330.30935896618394
 10
8964.78365786453
 20
328.459322039962
 10
8954.007058222403
 20
327.3364844962325
 10
8943.042858075918
 20
326.9600583966803
 10
8932.078657929434
 20
327.3364844962325
 10
8921.302058287307
 20
328.459322039962
 10
8910.89744975725
 20
330.30935896618394
 10
8901.042858075918
 20
332.8549406301645
 10
8891.906898039186
 20
336.05251142386624
 10
8883.645888456249
 20
339.84736002447244
 10
8876.401177491454
 20
344.17455552029605
 10
8870.296724158026
 20
348.9600583966803
 10
8865.43697734497
 20
354.1219873726168
 10
8861.905088667638
 20
359.5720204121699
 10
8859.761489720519
 20
365.216905938998
 10
8859.042858075918
 20
370.9600583966803
 10
8859.761489720519
 20
376.7032108543626
 10
8861.905088667638
 20
382.34809638119077
 10
8865.43697734497
 20
387.79812942074386
 10
8870.296724158026
 20
392.9600583966803
 10
8876.401177491454
 20
397.7455612730646
 10
8883.645888456249
 20
402.0727567688882
 10
8891.906898039186
 20
405.8676053694944
 10
8901.042858075918
 20
409.06517616319616
 10
8910.89744975725
 20
411.6107578271767
 10
8921.302058287307
 20
413.46079475339866
 10
8932.078657929434
 20
414.58363229712813
 10
8943.042858075918
 20
414.9600583966803
 10
8954.007058222403
 20
414.58363229712813
 10
8964.78365786453
 20
413.46079475339866
 10
8975.188266394587
 20
411.6107578271767
 10
8985.042858075918
 20
409.06517616319616
 10
8994.17881811265
 20
405.8676053694944
 10
9002.439827695589
 20
402.0727567688882
 10
9009.684538660382
 20
397.7455612730646
 10
9015.788991993812
 20
392.9600583966803
 10
9020.648738806867
 20
387.79812942074386
 10
9024.1806274842
 20
382.34809638119077
 10
9026.32422643132
 20
376.7032108543626
  0
HATCH
  5
49D
330
17
100
AcDbEntity
  8
I-PLANT
 62
7
420
7582315
100
AcDbHatch
 10
0.0
 20
0.0
 30
0.0
210
0.0
220
0.0
230
1.0
  2
SOLID
 70
1
 71
0
 91
1
 92
3
 72
0
 73
1
 93
48
 10
9027.042858075918
 20
370.9600583966803
 10
9026.32422643132
 20
365.216905938998
 10
9024.1806274842
 20
359.5720204121699
 10
9020.648738806867
 20
354.1219873726168
 10
9015.788991993812
 20
348.9600583966803
 10
9009.684538660382
 20
344.17455552029605
 10
9002.439827695589
 20
339.84736002447244
 10
8994.17881811265
 20
336.05251142386624
 10
8985.042858075918
 20
332.8549406301645
 10
8975.188266394587
 20
330.30935896618394
 10
8964.78365786453
 20
328.459322039962
 10
8954.007058222403
 20
327.3364844962325
 10
8943.042858075918
 20
326.9600583966803
 10
8932.078657929434
 20
327.3364844962325
 10
8921.302058287307
 20
328.459322039962
 10
8910.89744975725
 20
330.30935896618394
 10
8901.042858075918
 20
332.8549406301645
 10
8891.906898039186
 20
336.05251142386624
 10
8883.645888456249
 20
339.84736002447244
 10
8876.401177491454
 20
344.17455552029605
 10
8870.296724158026
 20
348.9600583966803
 10
8865.43697734497
 20
354.1219873726168
 10
8861.905088667638
 20
359.5720204121699
 10
8859.761489720519
 20
365.216905938998
 10
8859.042858075918
 20
370.9600583966803
 10
8859.761489720519
 20
376.7032108543626
 10
8861.905088667638
 20
382.34809638119077
 10
8865.43697734497
 20
387.79812942074386
 10
8870.296724158026
 20
392.9600583966803
 10
8876.401177491454
 20
397.7455612730646
 10
8883.645888456249
 20
402.0727567688882
 10
8891.906898039186
 20
405.8676053694944
 10
8901.042858075918
 20
409.06517616319616
 10
8910.89744975725
 20
411.6107578271767
 10
8921.302058287307
 20
413.46079475339866
 10
8932.078657929434
 20
414.58363229712813
 10
8943.042858075918
 20
414.9600583966803
 10
8954.007058222403
 20
414.58363229712813
 10
8964.78365786453
 20
413.46079475339866
 10
8975.188266394587
 20
411.6107578271767
 10
8985.042858075918
 20
409.06517616319616
 10
8994.17881811265
 20
405.8676053694944
 10
9002.439827695589
 20
402.0727567688882
 10
9009.684538660382
 20
397.7455612730646
 10
9015.788991993812
 20
392.9600583966803
 10
9020.648738806867
 20
387.79812942074386
 10
9024.1806274842
 20
382.34809638119077
 10
9026.32422643132
 20
376.7032108543626
 97
0
 75
1
 76
1
 98
0
  0
LWPOLYLINE
  5
49E
330
17
100
AcDbEntity
  8
I-PLANT
370
9
420
3698749
100
AcDbPolyline
 90
48
 70
1
 10
8949.040868335278
 20
367.06714093166374
 10
8948.322236690678
 20
361.32398847398144
 10
8946.17863774356
 20
355.6791029471533
 10
8942.646749066225
 20
350.2290699076002
 10
8937.787002253172
 20
345.06714093166374
 10
8931.682548919742
 20
340.2816380552795
 10
8924.437837954947
 20
335.95444255945586
 10
8916.17682837201
 20
332.15959395884965
 10
8907.040868335278
 20
328.9620231651479
 10
8897.186276653945
 20
326.41644150116736
 10
8886.78166812389
 20
324.5664045749454
 10
8876.005068481762
 20
323.44356703121593
 10
8865.040868335278
 20
323.06714093166374
 10
8854.076668188793
 20
323.44356703121593
 10
8843.300068546665
 20
324.5664045749454
 10
8832.89546001661
 20
326.41644150116736
 10
8823.040868335278
 20
328.9620231651479
 10
8813.904908298544
 20
332.15959395884965
 10
8805.643898715607
 20
335.95444255945586
 10
8798.399187750814
 20
340.2816380552795
 10
8792.294734417384
 20
345.06714093166374
 10
8787.434987604329
 20
350.2290699076002
 10
8783.903098926996
 20
355.6791029471533
 10
8781.759499979878
 20
361.32398847398144
 10
8781.040868335278
 20
367.06714093166374
 10
8781.759499979878
 20
372.81029338934604
 10
8783.903098926996
 20
378.4551789161742
 10
8787.434987604329
 20
383.9052119557273
 10
8792.294734417384
 20
389.06714093166374
 10
8798.399187750814
 20
393.852643808048
 10
8805.643898715607
 20
398.17983930387163
 10
8813.904908298544
 20
401.97468790447783
 10
8823.040868335278
 20
405.1722586981796
 10
8832.89546001661
 20
407.71784036216013
 10
8843.300068546665
 20
409.5678772883821
 10
8854.076668188793
 20
410.69071483211155
 10
8865.040868335278
 20
411.06714093166374
 10
8876.005068481762
 20
410.69071483211155
 10
8886.78166812389
 20
409.5678772883821
 10
8897.186276653945
 20
407.71784036216013
 10
8907.040868335278
 20
405.1722586981796
 10
8916.17682837201
 20
401.97468790447783
 10
8924.437837954947
 20
398.17983930387163
 10
8931.682548919742
 20
393.852643808048
 10
8937.78700225317
 20
389.06714093166374
 10
8942.646749066225
 20
383.9052119557273
 10
8946.17863774356
 20
378.4551789161742
 10
8948.322236690678
 20
372.81029338934604
  0
HATCH
  5
49F
330
17
100
AcDbEntity
  8
I-PLANT
 62
7
420
7582315
100
AcDbHatch
 10
0.0
 20
0.0
 30
0.0
210
0.0
220
0.0
230
1.0
  2
SOLID
 70
1
 71
0
 91
1
 92
3
 72
0
 73
1
 93
48
 10
8949.040868335278
 20
367.06714093166374
 10
8948.322236690678
 20
361.32398847398144
 10
8946.17863774356
 20
355.6791029471533
 10
8942.646749066225
 20
350.2290699076002
 10
8937.787002253172
 20
345.06714093166374
 10
8931.682548919742
 20
340.2816380552795
 10
8924.437837954947
 20
335.95444255945586
 10
8916.17682837201
 20
332.15959395884965
 10
8907.040868335278
 20
328.9620231651479
 10
8897.186276653945
 20
326.41644150116736
 10
8886.78166812389
 20
324.5664045749454
 10
8876.005068481762
 20
323.44356703121593
 10
8865.040868335278
 20
323.06714093166374
 10
8854.076668188793
 20
323.44356703121593
 10
8843.300068546665
 20
324.5664045749454
 10
8832.89546001661
 20
326.41644150116736
 10
8823.040868335278
 20
328.9620231651479
 10
8813.904908298544
 20
332.15959395884965
 10
8805.643898715607
 20
335.95444255945586
 10
8798.399187750814
 20
340.2816380552795
 10
8792.294734417384
 20
345.06714093166374
 10
8787.434987604329
 20
350.2290699076002
 10
8783.903098926996
 20
355.6791029471533
 10
8781.759499979878
 20
361.32398847398144
 10
8781.040868335278
 20
367.06714093166374
 10
8781.759499979878
 20
372.81029338934604
 10
8783.903098926996
 20
378.4551789161742
 10
8787.434987604329
 20
383.9052119557273
 10
8792.294734417384
 20
389.06714093166374
 10
8798.399187750814
 20
393.852643808048
 10
8805.643898715607
 20
398.17983930387163
 10
8813.904908298544
 20
401.97468790447783
 10
8823.040868335278
 20
405.1722586981796
 10
8832.89546001661
 20
407.71784036216013
 10
8843.300068546665
 20
409.5678772883821
 10
8854.076668188793
 20
410.69071483211155
 10
8865.040868335278
 20
411.06714093166374
 10
8876.005068481762
 20
410.69071483211155
 10
8886.78166812389
 20
409.5678772883821
 10
8897.186276653945
 20
407.71784036216013
 10
8907.040868335278
 20
405.1722586981796
 10
8916.17682837201
 20
401.97468790447783
 10
8924.437837954947
 20
398.17983930387163
 10
8931.682548919742
 20
393.852643808048
 10
8937.78700225317
 20
389.06714093166374
 10
8942.646749066225
 20
383.9052119557273
 10
8946.17863774356
 20
378.4551789161742
 10
8948.322236690678
 20
372.81029338934604
 97
0
 75
1
 76
1
 98
0
  0
LWPOLYLINE
  5
4A0
330
17
100
AcDbEntity
  8
I-PLANT
370
9
420
3698749
100
AcDbPolyline
 90
48
 70
1
 10
8897.363817774498
 20
425.6243578671292
 10
8896.6451861299
 20
419.8812054094469
 10
8894.50158718278
 20
414.2363198826188
 10
8890.969698505447
 20
408.7862868430657
 10
8886.109951692391
 20
403.6243578671292
 10
8880.005498358962
 20
398.83885499074495
 10
8872.760787394169
 20
394.51165949492133
 10
8864.499777811232
 20
390.71681089431513
 10
8855.363817774498
 20
387.5192401006134
 10
8845.509226093167
 20
384.97365843663283
 10
8835.10461756311
 20
383.1236215104109
 10
8824.328017920983
 20
382.0007839666814
 10
8813.363817774498
 20
381.6243578671292
 10
8802.399617628014
 20
382.0007839666814
 10
8791.623017985887
 20
383.1236215104109
 10
8781.21840945583
 20
384.97365843663283
 10
8771.363817774498
 20
387.5192401006134
 10
8762.227857737766
 20
390.71681089431513
 10
8753.966848154829
 20
394.51165949492133
 10
8746.722137190034
 20
398.83885499074495
 10
8740.617683856606
 20
403.6243578671292
 10
8735.75793704355
 20
408.7862868430657
 10
8732.226048366218
 20
414.2363198826188
 10
8730.082449419098
 20
419.8812054094469
 10
8729.363817774498
 20
425.6243578671292
 10
8730.082449419098
 20
431.3675103248115
 10
8732.226048366218
 20
437.01239585163967
 10
8735.75793704355
 20
442.46242889119276
 10
8740.617683856606
 20
447.6243578671292
 10
8746.722137190034
 20
452.4098607435135
 10
8753.966848154829
 20
456.7370562393371
 10
8762.227857737766
 20
460.5319048399433
 10
8771.363817774498
 20
463.72947563364505
 10
8781.21840945583
 20
466.2750572976256
 10
8791.623017985887
 20
468.12509422384755
 10
8802.399617628014
 20
469.24793176757703
 10
8813.363817774498
 20
469.6243578671292
 10
8824.328017920983
 20
469.24793176757703
 10
8835.10461756311
 20
468.12509422384755
 10
8845.509226093167
 20
466.2750572976256
 10
8855.363817774498
 20
463.72947563364505
 10
8864.49977781123
 20
460.5319048399433
 10
8872.760787394169
 20
456.7370562393371
 10
8880.005498358962
 20
452.4098607435135
 10
8886.109951692391
 20
447.6243578671292
 10
8890.969698505447
 20
442.46242889119276
 10
8894.50158718278
 20
437.01239585163967
 10
8896.6451861299
 20
431.3675103248115
  0
HATCH
  5
4A1
330
17
100
AcDbEntity
  8
I-PLANT
 62
7
420
7582315
100
AcDbHatch
 10
0.0
 20
0.0
 30
0.0
210
0.0
220
0.0
230
1.0
  2
SOLID
 70
1
 71
0
 91
1
 92
3
 72
0
 73
1
 93
48
 10
8897.363817774498
 20
425.6243578671292
 10
8896.6451861299
 20
419.8812054094469
 10
8894.50158718278
 20
414.2363198826188
 10
8890.969698505447
 20
408.7862868430657
 10
8886.109951692391
 20
403.6243578671292
 10
8880.005498358962
 20
398.83885499074495
 10
8872.760787394169
 20
394.51165949492133
 10
8864.499777811232
 20
390.71681089431513
 10
8855.363817774498
 20
387.5192401006134
 10
8845.509226093167
 20
384.97365843663283
 10
8835.10461756311
 20
383.1236215104109
 10
8824.328017920983
 20
382.0007839666814
 10
8813.363817774498
 20
381.6243578671292
 10
8802.399617628014
 20
382.0007839666814
 10
8791.623017985887
 20
383.1236215104109
 10
8781.21840945583
 20
384.97365843663283
 10
8771.363817774498
 20
387.5192401006134
 10
8762.227857737766
 20
390.71681089431513
 10
8753.966848154829
 20
394.51165949492133
 10
8746.722137190034
 20
398.83885499074495
 10
8740.617683856606
 20
403.6243578671292
 10
8735.75793704355
 20
408.7862868430657
 10
8732.226048366218
 20
414.2363198826188
 10
8730.082449419098
 20
419.8812054094469
 10
8729.363817774498
 20
425.6243578671292
 10
8730.082449419098
 20
431.3675103248115
 10
8732.226048366218
 20
437.01239585163967
 10
8735.75793704355
 20
442.46242889119276
 10
8740.617683856606
 20
447.6243578671292
 10
8746.722137190034
 20
452.4098607435135
 10
8753.966848154829
 20
456.7370562393371
 10
8762.227857737766
 20
460.5319048399433
 10
8771.363817774498
 20
463.72947563364505
 10
8781.21840945583
 20
466.2750572976256
 10
8791.623017985887
 20
468.12509422384755
 10
8802.399617628014
 20
469.24793176757703
 10
8813.363817774498
 20
469.6243578671292
 10
8824.328017920983
 20
469.24793176757703
 10
8835.10461756311
 20
468.12509422384755
 10
8845.509226093167
 20
466.2750572976256
 10
8855.363817774498
 20
463.72947563364505
 10
8864.49977781123
 20
460.5319048399433
 10
8872.760787394169
 20
456.7370562393371
 10
8880.005498358962
 20
452.4098607435135
 10
8886.109951692391
 20
447.6243578671292
 10
8890.969698505447
 20
442.46242889119276
 10
8894.50158718278
 20
437.01239585163967
 10
8896.6451861299
 20
431.3675103248115
 97
0
 75
1
 76
1
 98
0
  0
LWPOLYLINE
  5
4A2
330
17
100
AcDbEntity
  8
I-PLANT
370
9
420
3698749
100
AcDbPolyline
 90
48
 70
1
 10
8910.925579485573
 20
502.5369305011318
 10
8910.206947840972
 20
496.7937780434495
 10
8908.063348893855
 20
491.14889251662134
 10
8904.531460216522
 20
485.69885947706825
 10
8899.671713403466
 20
480.5369305011318
 10
8893.567260070036
 20
475.7514276247475
 10
8886.322549105244
 20
471.4242321289239
 10
8878.061539522307
 20
467.6293835283177
 10
8868.925579485573
 20
464.43181273461596
 10
8859.07098780424
 20
461.8862310706354
 10
8848.666379274186
 20
460.03619414441346
 10
8837.889779632058
 20
458.913356600684
 10
8826.925579485573
 20
458.5369305011318
 10
8815.961379339089
 20
458.913356600684
 10
8805.184779696961
 20
460.03619414441346
 10
8794.780171166905
 20
461.8862310706354
 10
8784.925579485573
 20
464.43181273461596
 10
8775.78961944884
 20
467.6293835283177
 10
8767.528609865903
 20
471.4242321289239
 10
8760.283898901109
 20
475.7514276247475
 10
8754.179445567679
 20
480.5369305011318
 10
8749.319698754625
 20
485.69885947706825
 10
8745.78781007729
 20
491.14889251662134
 10
8743.644211130173
 20
496.7937780434495
 10
8742.925579485573
 20
502.5369305011318
 10
8743.644211130173
 20
508.2800829588141
 10
8745.78781007729
 20
513.9249684856422
 10
8749.319698754625
 20
519.3750015251953
 10
8754.179445567679
 20
524.5369305011318
 10
8760.283898901109
 20
529.3224333775161
 10
8767.528609865903
 20
533.6496288733397
 10
8775.78961944884
 20
537.4444774739459
 10
8784.925579485573
 20
540.6420482676476
 10
8794.780171166905
 20
543.1876299316282
 10
8805.184779696961
 20
545.0376668578501
 10
8815.961379339089
 20
546.1605044015796
 10
8826.925579485573
 20
546.5369305011318
 10
8837.889779632058
 20
546.1605044015796
 10
8848.666379274186
 20
545.0376668578501
 10
8859.07098780424
 20
543.1876299316282
 10
8868.925579485573
 20
540.6420482676476
 10
8878.061539522305
 20
537.4444774739459
 10
8886.322549105244
 20
533.6496288733397
 10
8893.567260070036
 20
529.3224333775161
 10
8899.671713403466
 20
524.5369305011318
 10
8904.531460216522
 20
519.3750015251953
 10
8908.063348893855
 20
513.9249684856422
 10
8910.206947840972
 20
508.2800829588141
  0
HATCH
  5
4A3
330
17
100
AcDbEntity
  8
I-PLANT
 62
7
420
7582315
100
AcDbHatch
 10
0.0
 20
0.0
 30
0.0
210
0.0
220
0.0
230
1.0
  2
SOLID
 70
1
 71
0
 91
1
 92
3
 72
0
 73
1
 93
48
 10
8910.925579485573
 20
502.5369305011318
 10
8910.206947840972
 20
496.7937780434495
 10
8908.063348893855
 20
491.14889251662134
 10
8904.531460216522
 20
485.69885947706825
 10
8899.671713403466
 20
480.5369305011318
 10
8893.567260070036
 20
475.7514276247475
 10
8886.322549105244
 20
471.4242321289239
 10
8878.061539522307
 20
467.6293835283177
 10
8868.925579485573
 20
464.43181273461596
 10
8859.07098780424
 20
461.8862310706354
 10
8848.666379274186
 20
460.03619414441346
 10
8837.889779632058
 20
458.913356600684
 10
8826.925579485573
 20
458.5369305011318
 10
8815.961379339089
 20
458.913356600684
 10
8805.184779696961
 20
460.03619414441346
 10
8794.780171166905
 20
461.8862310706354
 10
8784.925579485573
 20
464.43181273461596
 10
8775.78961944884
 20
467.6293835283177
 10
8767.528609865903
 20
471.4242321289239
 10
8760.283898901109
 20
475.7514276247475
 10
8754.179445567679
 20
480.5369305011318
 10
8749.319698754625
 20
485.69885947706825
 10
8745.78781007729
 20
491.14889251662134
 10
8743.644211130173
 20
496.7937780434495
 10
8742.925579485573
 20
502.5369305011318
 10
8743.644211130173
 20
508.2800829588141
 10
8745.78781007729
 20
513.9249684856422
 10
8749.319698754625
 20
519.3750015251953
 10
8754.179445567679
 20
524.5369305011318
 10
8760.283898901109
 20
529.3224333775161
 10
8767.528609865903
 20
533.6496288733397
 10
8775.78961944884
 20
537.4444774739459
 10
8784.925579485573
 20
540.6420482676476
 10
8794.780171166905
 20
543.1876299316282
 10
8805.184779696961
 20
545.0376668578501
 10
8815.961379339089
 20
546.1605044015796
 10
8826.925579485573
 20
546.5369305011318
 10
8837.889779632058
 20
546.1605044015796
 10
8848.666379274186
 20
545.0376668578501
 10
8859.07098780424
 20
543.1876299316282
 10
8868.925579485573
 20
540.6420482676476
 10
8878.061539522305
 20
537.4444774739459
 10
8886.322549105244
 20
533.6496288733397
 10
8893.567260070036
 20
529.3224333775161
 10
8899.671713403466
 20
524.5369305011318
 10
8904.531460216522
 20
519.3750015251953
 10
8908.063348893855
 20
513.9249684856422
 10
8910.206947840972
 20
508.2800829588141
 97
0
 75
1
 76
1
 98
0
  0
LWPOLYLINE
  5
4A4
330
17
100
AcDbEntity
  8
I-PLANT
370
9
420
3698749
100
AcDbPolyline
 90
48
 70
1
 10
8979.513870290537
 20
539.8881229097024
 10
8978.795238645936
 20
534.1449704520201
 10
8976.651639698819
 20
528.5000849251919
 10
8973.119751021486
 20
523.0500518856388
 10
8968.26000420843
 20
517.8881229097024
 10
8962.155550875
 20
513.1026200333181
 10
8954.910839910208
 20
508.7754245374945
 10
8946.649830327271
 20
504.9805759368883
 10
8937.513870290537
 20
501.78300514318653
 10
8927.659278609204
 20
499.237423479206
 10
8917.25467007915
 20
497.387386552984
 10
8906.478070437022
 20
496.26454900925455
 10
8895.513870290537
 20
495.88812290970236
 10
8884.549670144053
 20
496.26454900925455
 10
8873.773070501926
 20
497.387386552984
 10
8863.36846197187
 20
499.237423479206
 10
8853.513870290537
 20
501.78300514318653
 10
8844.377910253805
 20
504.9805759368883
 10
8836.116900670868
 20
508.7754245374945
 10
8828.872189706073
 20
513.1026200333181
 10
8822.767736372643
 20
517.8881229097024
 10
8817.90798955959
 20
523.0500518856388
 10
8814.376100882255
 20
528.5000849251919
 10
8812.232501935137
 20
534.1449704520201
 10
8811.513870290537
 20
539.8881229097024
 10
8812.232501935137
 20
545.6312753673847
 10
8814.376100882255
 20
551.2761608942128
 10
8817.90798955959
 20
556.7261939337659
 10
8822.767736372643
 20
561.8881229097024
 10
8828.872189706073
 20
566.6736257860866
 10
8836.116900670868
 20
571.0008212819102
 10
8844.377910253805
 20
574.7956698825164
 10
8853.513870290537
 20
577.9932406762182
 10
8863.36846197187
 20
580.5388223401987
 10
8873.773070501926
 20
582.3888592664207
 10
8884.549670144053
 20
583.5116968101502
 10
8895.513870290537
 20
583.8881229097024
 10
8906.478070437022
 20
583.5116968101502
 10
8917.25467007915
 20
582.3888592664207
 10
8927.659278609204
 20
580.5388223401987
 10
8937.513870290537
 20
577.9932406762182
 10
8946.64983032727
 20
574.7956698825164
 10
8954.910839910208
 20
571.0008212819102
 10
8962.155550875
 20
566.6736257860866
 10
8968.26000420843
 20
561.8881229097024
 10
8973.119751021486
 20
556.7261939337659
 10
8976.651639698819
 20
551.2761608942128
 10
8978.795238645936
 20
545.6312753673847
  0
HATCH
  5
4A5
330
17
100
AcDbEntity
  8
I-PLANT
 62
7
420
7582315
100
AcDbHatch
 10
0.0
 20
0.0
 30
0.0
210
0.0
220
0.0
230
1.0
  2
SOLID
 70
1
 71
0
 91
1
 92
3
 72
0
 73
1
 93
48
 10
8979.513870290537
 20
539.8881229097024
 10
8978.795238645936
 20
534.1449704520201
 10
8976.651639698819
 20
528.5000849251919
 10
8973.119751021486
 20
523.0500518856388
 10
8968.26000420843
 20
517.8881229097024
 10
8962.155550875
 20
513.1026200333181
 10
8954.910839910208
 20
508.7754245374945
 10
8946.649830327271
 20
504.9805759368883
 10
8937.513870290537
 20
501.78300514318653
 10
8927.659278609204
 20
499.237423479206
 10
8917.25467007915
 20
497.387386552984
 10
8906.478070437022
 20
496.26454900925455
 10
8895.513870290537
 20
495.88812290970236
 10
8884.549670144053
 20
496.26454900925455
 10
8873.773070501926
 20
497.387386552984
 10
8863.36846197187
 20
499.237423479206
 10
8853.513870290537
 20
501.78300514318653
 10
8844.377910253805
 20
504.9805759368883
 10
8836.116900670868
 20
508.7754245374945
 10
8828.872189706073
 20
513.1026200333181
 10
8822.767736372643
 20
517.8881229097024
 10
8817.90798955959
 20
523.0500518856388
 10
8814.376100882255
 20
528.5000849251919
 10
8812.232501935137
 20
534.1449704520201
 10
8811.513870290537
 20
539.8881229097024
 10
8812.232501935137
 20
545.6312753673847
 10
8814.376100882255
 20
551.2761608942128
 10
8817.90798955959
 20
556.7261939337659
 10
8822.767736372643
 20
561.8881229097024
 10
8828.872189706073
 20
566.6736257860866
 10
8836.116900670868
 20
571.0008212819102
 10
8844.377910253805
 20
574.7956698825164
 10
8853.513870290537
 20
577.9932406762182
 10
8863.36846197187
 20
580.5388223401987
 10
8873.773070501926
 20
582.3888592664207
 10
8884.549670144053
 20
583.5116968101502
 10
8895.513870290537
 20
583.8881229097024
 10
8906.478070437022
 20
583.5116968101502
 10
8917.25467007915
 20
582.3888592664207
 10
8927.659278609204
 20
580.5388223401987
 10
8937.513870290537
 20
577.9932406762182
 10
8946.64983032727
 20
574.7956698825164
 10
8954.910839910208
 20
571.0008212819102
 10
8962.155550875
 20
566.6736257860866
 10
8968.26000420843
 20
561.8881229097024
 10
8973.119751021486
 20
556.7261939337659
 10
8976.651639698819
 20
551.2761608942128
 10
8978.795238645936
 20
545.6312753673847
 97
0
 75
1
 76
1
 98
0
  0
LWPOLYLINE
  5
4A6
330
17
100
AcDbEntity
  8
I-PLANT
370
9
420
3698749
100
AcDbPolyline
 90
48
 70
1
 10
9051.480308267095
 20
509.551725383717
 10
9050.761676622496
 20
503.8085729260347
 10
9048.618077675377
 20
498.16368739920654
 10
9045.086188998044
 20
492.71365435965345
 10
9040.226442184989
 20
487.551725383717
 10
9034.121988851559
 20
482.7662225073327
 10
9026.877277886766
 20
478.4390270115091
 10
9018.61626830383
 20
474.6441784109029
 10
9009.480308267095
 20
471.44660761720115
 10
8999.625716585764
 20
468.9010259532206
 10
8989.221108055708
 20
467.05098902699865
 10
8978.44450841358
 20
465.9281514832692
 10
8967.480308267095
 20
465.551725383717
 10
8956.516108120612
 20
465.9281514832692
 10
8945.739508478484
 20
467.05098902699865
 10
8935.334899948428
 20
468.9010259532206
 10
8925.480308267095
 20
471.44660761720115
 10
8916.344348230363
 20
474.6441784109029
 10
8908.083338647426
 20
478.4390270115091
 10
8900.838627682631
 20
482.7662225073327
 10
8894.734174349203
 20
487.551725383717
 10
8889.874427536148
 20
492.71365435965345
 10
8886.342538858815
 20
498.16368739920654
 10
8884.198939911696
 20
503.8085729260347
 10
8883.480308267095
 20
509.551725383717
 10
8884.198939911696
 20
515.2948778413993
 10
8886.342538858815
 20
520.9397633682274
 10
8889.874427536148
 20
526.3897964077805
 10
8894.734174349203
 20
531.551725383717
 10
8900.838627682631
 20
536.3372282601013
 10
8908.083338647426
 20
540.6644237559249
 10
8916.344348230363
 20
544.4592723565311
 10
8925.480308267095
 20
547.6568431502328
 10
8935.334899948428
 20
550.2024248142134
 10
8945.739508478484
 20
552.0524617404353
 10
8956.516108120612
 20
553.1752992841648
 10
8967.480308267095
 20
553.551725383717
 10
8978.44450841358
 20
553.1752992841648
 10
8989.221108055708
 20
552.0524617404353
 10
8999.625716585764
 20
550.2024248142134
 10
9009.480308267095
 20
547.6568431502328
 10
9018.616268303827
 20
544.4592723565311
 10
9026.877277886766
 20
540.6644237559249
 10
9034.121988851559
 20
536.3372282601013
 10
9040.226442184989
 20
531.551725383717
 10
9045.086188998044
 20
526.3897964077805
 10
9048.618077675377
 20
520.9397633682274
 10
9050.761676622496
 20
515.2948778413993
  0
HATCH
  5
4A7
330
17
100
AcDbEntity
  8
I-PLANT
 62
7
420
7582315
100
AcDbHatch
 10
0.0
 20
0.0
 30
0.0
210
0.0
220
0.0
230
1.0
  2
SOLID
 70
1
 71
0
 91
1
 92
3
 72
0
 73
1
 93
48
 10
9051.480308267095
 20
509.551725383717
 10
9050.761676622496
 20
503.8085729260347
 10
9048.618077675377
 20
498.16368739920654
 10
9045.086188998044
 20
492.71365435965345
 10
9040.226442184989
 20
487.551725383717
 10
9034.121988851559
 20
482.7662225073327
 10
9026.877277886766
 20
478.4390270115091
 10
9018.61626830383
 20
474.6441784109029
 10
9009.480308267095
 20
471.44660761720115
 10
8999.625716585764
 20
468.9010259532206
 10
8989.221108055708
 20
467.05098902699865
 10
8978.44450841358
 20
465.9281514832692
 10
8967.480308267095
 20
465.551725383717
 10
8956.516108120612
 20
465.9281514832692
 10
8945.739508478484
 20
467.05098902699865
 10
8935.334899948428
 20
468.9010259532206
 10
8925.480308267095
 20
471.44660761720115
 10
8916.344348230363
 20
474.6441784109029
 10
8908.083338647426
 20
478.4390270115091
 10
8900.838627682631
 20
482.7662225073327
 10
8894.734174349203
 20
487.551725383717
 10
8889.874427536148
 20
492.71365435965345
 10
8886.342538858815
 20
498.16368739920654
 10
8884.198939911696
 20
503.8085729260347
 10
8883.480308267095
 20
509.551725383717
 10
8884.198939911696
 20
515.2948778413993
 10
8886.342538858815
 20
520.9397633682274
 10
8889.874427536148
 20
526.3897964077805
 10
8894.734174349203
 20
531.551725383717
 10
8900.838627682631
 20
536.3372282601013
 10
8908.083338647426
 20
540.6644237559249
 10
8916.344348230363
 20
544.4592723565311
 10
8925.480308267095
 20
547.6568431502328
 10
8935.334899948428
 20
550.2024248142134
 10
8945.739508478484
 20
552.0524617404353
 10
8956.516108120612
 20
553.1752992841648
 10
8967.480308267095
 20
553.551725383717
 10
8978.44450841358
 20
553.1752992841648
 10
8989.221108055708
 20
552.0524617404353
 10
8999.625716585764
 20
550.2024248142134
 10
9009.480308267095
 20
547.6568431502328
 10
9018.616268303827
 20
544.4592723565311
 10
9026.877277886766
 20
540.6644237559249
 10
9034.121988851559
 20
536.3372282601013
 10
9040.226442184989
 20
531.551725383717
 10
9045.086188998044
 20
526.3897964077805
 10
9048.618077675377
 20
520.9397633682274
 10
9050.761676622496
 20
515.2948778413993
 97
0
 75
1
 76
1
 98
0
  0
CIRCLE
  5
4A8
330
17
100
AcDbEntity
  8
I-PLANT
370
9
420
3698749
100
AcDbCircle
 10
8900.0
 20
450.0
 30
0.0
 40
36.0
  0
HATCH
  5
4A9
330
17
100
AcDbEntity
  8
I-PLANT
 62
7
420
9199936
100
AcDbHatch
 10
0.0
 20
0.0
 30
0.0
210
0.0
220
0.0
230
1.0
  2
SOLID
 70
1
 71
0
 91
1
 92
1
 93
1
 72
2
 10
8900.0
 20
450.0
 40
36.0
 50
0
 51
360
 73
1
 97
0
 75
1
 76
1
 98
0
  0
CIRCLE
  5
4AA
330
17
100
AcDbEntity
  8
I-PLANT
370
13
420
3698749
100
AcDbCircle
 10
9100.0
 20
1550.0
 30
0.0
 40
160.0
  0
HATCH
  5
4AB
330
17
100
AcDbEntity
  8
I-PLANT
 62
7
420
6068572
100
AcDbHatch
 10
0.0
 20
0.0
 30
0.0
210
0.0
220
0.0
230
1.0
  2
SOLID
 70
1
 71
0
 91
1
 92
1
 93
1
 72
2
 10
9100.0
 20
1550.0
 40
160
 50
0
 51
360
 73
1
 97
0
 75
1
 76
1
 98
0
  0
LWPOLYLINE
  5
4AC
330
17
100
AcDbEntity
  8
I-PLANT
370
9
420
3698749
100
AcDbPolyline
 90
48
 70
1
 10
9238.106158216879
 20
1537.497331207982
 10
9237.531252901199
 20
1532.9028092418357
 10
9235.816373743504
 20
1528.3869008203728
 10
9232.990862801638
 20
1524.02687438873
 10
9229.103065351193
 20
1519.8973312079816
 10
9224.21950268445
 20
1516.0689289068741
 10
9218.423733912616
 20
1512.6071725102156
 10
9211.814926246265
 20
1509.5712936297296
 10
9204.506158216878
 20
1507.0132369947696
 10
9196.622484871812
 20
1504.9767716635852
 10
9188.298798047768
 20
1503.4967421226065
 10
9179.677518334067
 20
1502.598472087624
 10
9170.90615821688
 20
1502.2973312079812
 10
9162.13479809969
 20
1502.598472087624
 10
9153.51351838599
 20
1503.4967421226065
 10
9145.189831561944
 20
1504.9767716635852
 10
9137.30615821688
 20
1507.0132369947696
 10
9129.997390187493
 20
1509.5712936297296
 10
9123.388582521144
 20
1512.6071725102156
 10
9117.592813749308
 20
1516.0689289068741
 10
9112.709251082564
 20
1519.8973312079816
 10
9108.821453632121
 20
1524.02687438873
 10
9105.995942690253
 20
1528.3869008203728
 10
9104.281063532559
 20
1532.9028092418357
 10
9103.706158216879
 20
1537.497331207982
 10
9104.281063532559
 20
1542.0918531741281
 10
9105.995942690253
 20
1546.607761595591
 10
9108.821453632121
 20
1550.9677880272338
 10
9112.709251082564
 20
1555.0973312079823
 10
9117.592813749308
 20
1558.9257335090897
 10
9123.388582521144
 20
1562.3874899057482
 10
9129.997390187493
 20
1565.4233687862343
 10
9137.30615821688
 20
1567.9814254211942
 10
9145.189831561944
 20
1570.0178907523787
 10
9153.51351838599
 20
1571.4979202933573
 10
9162.13479809969
 20
1572.3961903283398
 10
9170.90615821688
 20
1572.6973312079826
 10
9179.677518334067
 20
1572.3961903283398
 10
9188.298798047768
 20
1571.4979202933573
 10
9196.622484871812
 20
1570.0178907523787
 10
9204.506158216878
 20
1567.9814254211942
 10
9211.814926246265
 20
1565.4233687862343
 10
9218.423733912616
 20
1562.3874899057482
 10
9224.21950268445
 20
1558.9257335090897
 10
9229.103065351193
 20
1555.0973312079823
 10
9232.990862801638
 20
1550.9677880272338
 10
9235.816373743504
 20
1546.607761595591
 10
9237.531252901199
 20
1542.0918531741281
  0
HATCH
  5
4AD
330
17
100
AcDbEntity
  8
I-PLANT
 62
7
420
7582315
100
AcDbHatch
 10
0.0
 20
0.0
 30
0.0
210
0.0
220
0.0
230
1.0
  2
SOLID
 70
1
 71
0
 91
1
 92
3
 72
0
 73
1
 93
48
 10
9238.106158216879
 20
1537.497331207982
 10
9237.531252901199
 20
1532.9028092418357
 10
9235.816373743504
 20
1528.3869008203728
 10
9232.990862801638
 20
1524.02687438873
 10
9229.103065351193
 20
1519.8973312079816
 10
9224.21950268445
 20
1516.0689289068741
 10
9218.423733912616
 20
1512.6071725102156
 10
9211.814926246265
 20
1509.5712936297296
 10
9204.506158216878
 20
1507.0132369947696
 10
9196.622484871812
 20
1504.9767716635852
 10
9188.298798047768
 20
1503.4967421226065
 10
9179.677518334067
 20
1502.598472087624
 10
9170.90615821688
 20
1502.2973312079812
 10
9162.13479809969
 20
1502.598472087624
 10
9153.51351838599
 20
1503.4967421226065
 10
9145.189831561944
 20
1504.9767716635852
 10
9137.30615821688
 20
1507.0132369947696
 10
9129.997390187493
 20
1509.5712936297296
 10
9123.388582521144
 20
1512.6071725102156
 10
9117.592813749308
 20
1516.0689289068741
 10
9112.709251082564
 20
1519.8973312079816
 10
9108.821453632121
 20
1524.02687438873
 10
9105.995942690253
 20
1528.3869008203728
 10
9104.281063532559
 20
1532.9028092418357
 10
9103.706158216879
 20
1537.497331207982
 10
9104.281063532559
 20
1542.0918531741281
 10
9105.995942690253
 20
1546.607761595591
 10
9108.821453632121
 20
1550.9677880272338
 10
9112.709251082564
 20
1555.0973312079823
 10
9117.592813749308
 20
1558.9257335090897
 10
9123.388582521144
 20
1562.3874899057482
 10
9129.997390187493
 20
1565.4233687862343
 10
9137.30615821688
 20
1567.9814254211942
 10
9145.189831561944
 20
1570.0178907523787
 10
9153.51351838599
 20
1571.4979202933573
 10
9162.13479809969
 20
1572.3961903283398
 10
9170.90615821688
 20
1572.6973312079826
 10
9179.677518334067
 20
1572.3961903283398
 10
9188.298798047768
 20
1571.4979202933573
 10
9196.622484871812
 20
1570.0178907523787
 10
9204.506158216878
 20
1567.9814254211942
 10
9211.814926246265
 20
1565.4233687862343
 10
9218.423733912616
 20
1562.3874899057482
 10
9224.21950268445
 20
1558.9257335090897
 10
9229.103065351193
 20
1555.0973312079823
 10
9232.990862801638
 20
1550.9677880272338
 10
9235.816373743504
 20
1546.607761595591
 10
9237.531252901199
 20
1542.0918531741281
 97
0
 75
1
 76
1
 98
0
  0
LWPOLYLINE
  5
4AE
330
17
100
AcDbEntity
  8
I-PLANT
370
9
420
3698749
100
AcDbPolyline
 90
48
 70
1
 10
9201.634286460736
 20
1486.7680467173432
 10
9201.059381145054
 20
1482.173524751197
 10
9199.34450198736
 20
1477.657616329734
 10
9196.518991045494
 20
1473.2975898980912
 10
9192.631193595049
 20
1469.1680467173428
 10
9187.747630928305
 20
1465.3396444162354
 10
9181.951862156471
 20
1461.8778880195769
 10
9175.34305449012
 20
1458.8420091390908
 10
9168.034286460734
 20
1456.2839525041309
 10
9160.15061311567
 20
1454.2474871729464
 10
9151.826926291624
 20
1452.7674576319678
 10
9143.205646577922
 20
1451.8691875969853
 10
9134.434286460735
 20
1451.5680467173424
 10
9125.662926343546
 20
1451.8691875969853
 10
9117.041646629845
 20
1452.7674576319678
 10
9108.717959805801
 20
1454.2474871729464
 10
9100.834286460735
 20
1456.2839525041309
 10
9093.525518431348
 20
1458.8420091390908
 10
9086.916710765
 20
1461.8778880195769
 10
9081.120941993164
 20
1465.3396444162354
 10
9076.23737932642
 20
1469.1680467173428
 10
9072.349581875977
 20
1473.2975898980912
 10
9069.524070934109
 20
1477.657616329734
 10
9067.809191776414
 20
1482.173524751197
 10
9067.234286460734
 20
1486.7680467173432
 10
9067.809191776414
 20
1491.3625686834894
 10
9069.524070934109
 20
1495.8784771049523
 10
9072.349581875977
 20
1500.238503536595
 10
9076.23737932642
 20
1504.3680467173435
 10
9081.120941993164
 20
1508.196449018451
 10
9086.916710765
 20
1511.6582054151095
 10
9093.525518431348
 20
1514.6940842955955
 10
9100.834286460735
 20
1517.2521409305555
 10
9108.717959805801
 20
1519.28860626174
 10
9117.041646629845
 20
1520.7686358027186
 10
9125.662926343546
 20
1521.666905837701
 10
9134.434286460735
 20
1521.968046717344
 10
9143.205646577922
 20
1521.666905837701
 10
9151.826926291624
 20
1520.7686358027186
 10
9160.15061311567
 20
1519.28860626174
 10
9168.034286460734
 20
1517.2521409305555
 10
9175.34305449012
 20
1514.6940842955955
 10
9181.951862156471
 20
1511.6582054151095
 10
9187.747630928305
 20
1508.196449018451
 10
9192.631193595049
 20
1504.3680467173435
 10
9196.518991045494
 20
1500.238503536595
 10
9199.34450198736
 20
1495.8784771049523
 10
9201.059381145054
 20
1491.3625686834894
  0
HATCH
  5
4AF
330
17
100
AcDbEntity
  8
I-PLANT
 62
7
420
7582315
100
AcDbHatch
 10
0.0
 20
0.0
 30
0.0
210
0.0
220
0.0
230
1.0
  2
SOLID
 70
1
 71
0
 91
1
 92
3
 72
0
 73
1
 93
48
 10
9201.634286460736
 20
1486.7680467173432
 10
9201.059381145054
 20
1482.173524751197
 10
9199.34450198736
 20
1477.657616329734
 10
9196.518991045494
 20
1473.2975898980912
 10
9192.631193595049
 20
1469.1680467173428
 10
9187.747630928305
 20
1465.3396444162354
 10
9181.951862156471
 20
1461.8778880195769
 10
9175.34305449012
 20
1458.8420091390908
 10
9168.034286460734
 20
1456.2839525041309
 10
9160.15061311567
 20
1454.2474871729464
 10
9151.826926291624
 20
1452.7674576319678
 10
9143.205646577922
 20
1451.8691875969853
 10
9134.434286460735
 20
1451.5680467173424
 10
9125.662926343546
 20
1451.8691875969853
 10
9117.041646629845
 20
1452.7674576319678
 10
9108.717959805801
 20
1454.2474871729464
 10
9100.834286460735
 20
1456.2839525041309
 10
9093.525518431348
 20
1458.8420091390908
 10
9086.916710765
 20
1461.8778880195769
 10
9081.120941993164
 20
1465.3396444162354
 10
9076.23737932642
 20
1469.1680467173428
 10
9072.349581875977
 20
1473.2975898980912
 10
9069.524070934109
 20
1477.657616329734
 10
9067.809191776414
 20
1482.173524751197
 10
9067.234286460734
 20
1486.7680467173432
 10
9067.809191776414
 20
1491.3625686834894
 10
9069.524070934109
 20
1495.8784771049523
 10
9072.349581875977
 20
1500.238503536595
 10
9076.23737932642
 20
1504.3680467173435
 10
9081.120941993164
 20
1508.196449018451
 10
9086.916710765
 20
1511.6582054151095
 10
9093.525518431348
 20
1514.6940842955955
 10
9100.834286460735
 20
1517.2521409305555
 10
9108.717959805801
 20
1519.28860626174
 10
9117.041646629845
 20
1520.7686358027186
 10
9125.662926343546
 20
1521.666905837701
 10
9134.434286460735
 20
1521.968046717344
 10
9143.205646577922
 20
1521.666905837701
 10
9151.826926291624
 20
1520.7686358027186
 10
9160.15061311567
 20
1519.28860626174
 10
9168.034286460734
 20
1517.2521409305555
 10
9175.34305449012
 20
1514.6940842955955
 10
9181.951862156471
 20
1511.6582054151095
 10
9187.747630928305
 20
1508.196449018451
 10
9192.631193595049
 20
1504.3680467173435
 10
9196.518991045494
 20
1500.238503536595
 10
9199.34450198736
 20
1495.8784771049523
 10
9201.059381145054
 20
1491.3625686834894
 97
0
 75
1
 76
1
 98
0
  0
LWPOLYLINE
  5
4B0
330
17
100
AcDbEntity
  8
I-PLANT
370
9
420
3698749
100
AcDbPolyline
 90
48
 70
1
 10
9139.232694668222
 20
1483.6537127453303
 10
9138.657789352543
 20
1479.059190779184
 10
9136.942910194848
 20
1474.5432823577212
 10
9134.11739925298
 20
1470.1832559260783
 10
9130.229601802537
 20
1466.05371274533
 10
9125.346039135793
 20
1462.2253104442225
 10
9119.550270363958
 20
1458.763554047564
 10
9112.941462697609
 20
1455.727675167078
 10
9105.632694668222
 20
1453.169618532118
 10
9097.749021323156
 20
1451.1331532009335
 10
9089.425334499112
 20
1449.6531236599549
 10
9080.80405478541
 20
1448.7548536249724
 10
9072.032694668222
 20
1448.4537127453295
 10
9063.261334551034
 20
1448.7548536249724
 10
9054.640054837333
 20
1449.6531236599549
 10
9046.316368013288
 20
1451.1331532009335
 10
9038.432694668223
 20
1453.169618532118
 10
9031.123926638837
 20
1455.727675167078
 10
9024.515118972486
 20
1458.763554047564
 10
9018.719350200652
 20
1462.2253104442225
 10
9013.835787533908
 20
1466.05371274533
 10
9009.947990083463
 20
1470.1832559260783
 10
9007.122479141597
 20
1474.5432823577212
 10
9005.407599983902
 20
1479.059190779184
 10
9004.832694668223
 20
1483.6537127453303
 10
9005.407599983902
 20
1488.2482347114765
 10
9007.122479141597
 20
1492.7641431329394
 10
9009.947990083463
 20
1497.1241695645822
 10
9013.835787533908
 20
1501.2537127453306
 10
9018.719350200652
 20
1505.082115046438
 10
9024.515118972486
 20
1508.5438714430966
 10
9031.123926638837
 20
1511.5797503235826
 10
9038.432694668223
 20
1514.1378069585426
 10
9046.316368013288
 20
1516.174272289727
 10
9054.640054837333
 20
1517.6543018307057
 10
9063.261334551034
 20
1518.5525718656882
 10
9072.032694668222
 20
1518.853712745331
 10
9080.80405478541
 20
1518.5525718656882
 10
9089.425334499112
 20
1517.6543018307057
 10
9097.749021323156
 20
1516.174272289727
 10
9105.632694668222
 20
1514.1378069585426
 10
9112.941462697609
 20
1511.5797503235826
 10
9119.550270363958
 20
1508.5438714430966
 10
9125.346039135793
 20
1505.082115046438
 10
9130.229601802537
 20
1501.2537127453306
 10
9134.11739925298
 20
1497.1241695645822
 10
9136.942910194848
 20
1492.7641431329394
 10
9138.657789352543
 20
1488.2482347114765
  0
HATCH
  5
4B1
330
17
100
AcDbEntity
  8
I-PLANT
 62
7
420
7582315
100
AcDbHatch
 10
0.0
 20
0.0
 30
0.0
210
0.0
220
0.0
230
1.0
  2
SOLID
 70
1
 71
0
 91
1
 92
3
 72
0
 73
1
 93
48
 10
9139.232694668222
 20
1483.6537127453303
 10
9138.657789352543
 20
1479.059190779184
 10
9136.942910194848
 20
1474.5432823577212
 10
9134.11739925298
 20
1470.1832559260783
 10
9130.229601802537
 20
1466.05371274533
 10
9125.346039135793
 20
1462.2253104442225
 10
9119.550270363958
 20
1458.763554047564
 10
9112.941462697609
 20
1455.727675167078
 10
9105.632694668222
 20
1453.169618532118
 10
9097.749021323156
 20
1451.1331532009335
 10
9089.425334499112
 20
1449.6531236599549
 10
9080.80405478541
 20
1448.7548536249724
 10
9072.032694668222
 20
1448.4537127453295
 10
9063.261334551034
 20
1448.7548536249724
 10
9054.640054837333
 20
1449.6531236599549
 10
9046.316368013288
 20
1451.1331532009335
 10
9038.432694668223
 20
1453.169618532118
 10
9031.123926638837
 20
1455.727675167078
 10
9024.515118972486
 20
1458.763554047564
 10
9018.719350200652
 20
1462.2253104442225
 10
9013.835787533908
 20
1466.05371274533
 10
9009.947990083463
 20
1470.1832559260783
 10
9007.122479141597
 20
1474.5432823577212
 10
9005.407599983902
 20
1479.059190779184
 10
9004.832694668223
 20
1483.6537127453303
 10
9005.407599983902
 20
1488.2482347114765
 10
9007.122479141597
 20
1492.7641431329394
 10
9009.947990083463
 20
1497.1241695645822
 10
9013.835787533908
 20
1501.2537127453306
 10
9018.719350200652
 20
1505.082115046438
 10
9024.515118972486
 20
1508.5438714430966
 10
9031.123926638837
 20
1511.5797503235826
 10
9038.432694668223
 20
1514.1378069585426
 10
9046.316368013288
 20
1516.174272289727
 10
9054.640054837333
 20
1517.6543018307057
 10
9063.261334551034
 20
1518.5525718656882
 10
9072.032694668222
 20
1518.853712745331
 10
9080.80405478541
 20
1518.5525718656882
 10
9089.425334499112
 20
1517.6543018307057
 10
9097.749021323156
 20
1516.174272289727
 10
9105.632694668222
 20
1514.1378069585426
 10
9112.941462697609
 20
1511.5797503235826
 10
9119.550270363958
 20
1508.5438714430966
 10
9125.346039135793
 20
1505.082115046438
 10
9130.229601802537
 20
1501.2537127453306
 10
9134.11739925298
 20
1497.1241695645822
 10
9136.942910194848
 20
1492.7641431329394
 10
9138.657789352543
 20
1488.2482347114765
 97
0
 75
1
 76
1
 98
0
  0
LWPOLYLINE
  5
4B2
330
17
100
AcDbEntity
  8
I-PLANT
370
9
420
3698749
100
AcDbPolyline
 90
48
 70
1
 10
9097.891054219599
 20
1530.4994862937037
 10
9097.31614890392
 20
1525.9049643275575
 10
9095.601269746225
 20
1521.3890559060947
 10
9092.775758804357
 20
1517.0290294744518
 10
9088.887961353914
 20
1512.8994862937034
 10
9084.00439868717
 20
1509.071083992596
 10
9078.208629915334
 20
1505.6093275959374
 10
9071.599822248985
 20
1502.5734487154514
 10
9064.291054219599
 20
1500.0153920804914
 10
9056.407380874534
 20
1497.978926749307
 10
9048.083694050489
 20
1496.4988972083283
 10
9039.462414336787
 20
1495.6006271733459
 10
9030.691054219598
 20
1495.299486293703
 10
9021.919694102411
 20
1495.6006271733459
 10
9013.29841438871
 20
1496.4988972083283
 10
9004.974727564666
 20
1497.978926749307
 10
8997.0910542196
 20
1500.0153920804914
 10
8989.782286190213
 20
1502.5734487154514
 10
8983.173478523862
 20
1505.6093275959374
 10
8977.377709752029
 20
1509.071083992596
 10
8972.494147085285
 20
1512.8994862937034
 10
8968.60634963484
 20
1517.0290294744518
 10
8965.780838692974
 20
1521.3890559060947
 10
8964.065959535279
 20
1525.9049643275575
 10
8963.4910542196
 20
1530.4994862937037
 10
8964.065959535279
 20
1535.09400825985
 10
8965.780838692974
 20
1539.6099166813128
 10
8968.60634963484
 20
1543.9699431129557
 10
8972.494147085285
 20
1548.099486293704
 10
8977.377709752029
 20
1551.9278885948115
 10
8983.173478523862
 20
1555.38964499147
 10
8989.782286190213
 20
1558.425523871956
 10
8997.0910542196
 20
1560.983580506916
 10
9004.974727564666
 20
1563.0200458381005
 10
9013.29841438871
 20
1564.5000753790791
 10
9021.919694102411
 20
1565.3983454140616
 10
9030.691054219598
 20
1565.6994862937045
 10
9039.462414336787
 20
1565.3983454140616
 10
9048.083694050489
 20
1564.5000753790791
 10
9056.407380874534
 20
1563.0200458381005
 10
9064.291054219599
 20
1560.983580506916
 10
9071.599822248985
 20
1558.425523871956
 10
9078.208629915334
 20
1555.38964499147
 10
9084.00439868717
 20
1551.9278885948115
 10
9088.887961353914
 20
1548.099486293704
 10
9092.775758804357
 20
1543.9699431129557
 10
9095.601269746225
 20
1539.6099166813128
 10
9097.31614890392
 20
1535.09400825985
  0
HATCH
  5
4B3
330
17
100
AcDbEntity
  8
I-PLANT
 62
7
420
7582315
100
AcDbHatch
 10
0.0
 20
0.0
 30
0.0
210
0.0
220
0.0
230
1.0
  2
SOLID
 70
1
 71
0
 91
1
 92
3
 72
0
 73
1
 93
48
 10
9097.891054219599
 20
1530.4994862937037
 10
9097.31614890392
 20
1525.9049643275575
 10
9095.601269746225
 20
1521.3890559060947
 10
9092.775758804357
 20
1517.0290294744518
 10
9088.887961353914
 20
1512.8994862937034
 10
9084.00439868717
 20
1509.071083992596
 10
9078.208629915334
 20
1505.6093275959374
 10
9071.599822248985
 20
1502.5734487154514
 10
9064.291054219599
 20
1500.0153920804914
 10
9056.407380874534
 20
1497.978926749307
 10
9048.083694050489
 20
1496.4988972083283
 10
9039.462414336787
 20
1495.6006271733459
 10
9030.691054219598
 20
1495.299486293703
 10
9021.919694102411
 20
1495.6006271733459
 10
9013.29841438871
 20
1496.4988972083283
 10
9004.974727564666
 20
1497.978926749307
 10
8997.0910542196
 20
1500.0153920804914
 10
8989.782286190213
 20
1502.5734487154514
 10
8983.173478523862
 20
1505.6093275959374
 10
8977.377709752029
 20
1509.071083992596
 10
8972.494147085285
 20
1512.8994862937034
 10
8968.60634963484
 20
1517.0290294744518
 10
8965.780838692974
 20
1521.3890559060947
 10
8964.065959535279
 20
1525.9049643275575
 10
8963.4910542196
 20
1530.4994862937037
 10
8964.065959535279
 20
1535.09400825985
 10
8965.780838692974
 20
1539.6099166813128
 10
8968.60634963484
 20
1543.9699431129557
 10
8972.494147085285
 20
1548.099486293704
 10
8977.377709752029
 20
1551.9278885948115
 10
8983.173478523862
 20
1555.38964499147
 10
8989.782286190213
 20
1558.425523871956
 10
8997.0910542196
 20
1560.983580506916
 10
9004.974727564666
 20
1563.0200458381005
 10
9013.29841438871
 20
1564.5000753790791
 10
9021.919694102411
 20
1565.3983454140616
 10
9030.691054219598
 20
1565.6994862937045
 10
9039.462414336787
 20
1565.3983454140616
 10
9048.083694050489
 20
1564.5000753790791
 10
9056.407380874534
 20
1563.0200458381005
 10
9064.291054219599
 20
1560.983580506916
 10
9071.599822248985
 20
1558.425523871956
 10
9078.208629915334
 20
1555.38964499147
 10
9084.00439868717
 20
1551.9278885948115
 10
9088.887961353914
 20
1548.099486293704
 10
9092.775758804357
 20
1543.9699431129557
 10
9095.601269746225
 20
1539.6099166813128
 10
9097.31614890392
 20
1535.09400825985
 97
0
 75
1
 76
1
 98
0
  0
LWPOLYLINE
  5
4B4
330
17
100
AcDbEntity
  8
I-PLANT
370
9
420
3698749
100
AcDbPolyline
 90
48
 70
1
 10
9108.740463588458
 20
1592.0295444009043
 10
9108.165558272778
 20
1587.4350224347581
 10
9106.450679115083
 20
1582.9191140132953
 10
9103.625168173217
 20
1578.5590875816524
 10
9099.737370722773
 20
1574.429544400904
 10
9094.853808056028
 20
1570.6011420997966
 10
9089.058039284195
 20
1567.139385703138
 10
9082.449231617844
 20
1564.103506822652
 10
9075.140463588457
 20
1561.545450187692
 10
9067.256790243393
 20
1559.5089848565076
 10
9058.933103419347
 20
1558.028955315529
 10
9050.311823705646
 20
1557.1306852805465
 10
9041.540463588459
 20
1556.8295444009036
 10
9032.76910347127
 20
1557.1306852805465
 10
9024.147823757568
 20
1558.028955315529
 10
9015.824136933525
 20
1559.5089848565076
 10
9007.940463588458
 20
1561.545450187692
 10
9000.631695559072
 20
1564.103506822652
 10
8994.022887892723
 20
1567.139385703138
 10
8988.227119120887
 20
1570.6011420997966
 10
8983.343556454143
 20
1574.429544400904
 10
8979.4557590037
 20
1578.5590875816524
 10
8976.630248061832
 20
1582.9191140132953
 10
8974.915368904138
 20
1587.4350224347581
 10
8974.340463588458
 20
1592.0295444009043
 10
8974.915368904138
 20
1596.6240663670505
 10
8976.630248061832
 20
1601.1399747885134
 10
8979.4557590037
 20
1605.5000012201563
 10
8983.343556454143
 20
1609.6295444009047
 10
8988.227119120887
 20
1613.4579467020121
 10
8994.022887892723
 20
1616.9197030986707
 10
9000.631695559072
 20
1619.9555819791567
 10
9007.940463588458
 20
1622.5136386141166
 10
9015.824136933525
 20
1624.550103945301
 10
9024.147823757568
 20
1626.0301334862797
 10
9032.76910347127
 20
1626.9284035212622
 10
9041.540463588459
 20
1627.229544400905
 10
9050.311823705646
 20
1626.9284035212622
 10
9058.933103419347
 20
1626.0301334862797
 10
9067.256790243393
 20
1624.550103945301
 10
9075.140463588457
 20
1622.5136386141166
 10
9082.449231617844
 20
1619.9555819791567
 10
9089.058039284195
 20
1616.9197030986707
 10
9094.853808056028
 20
1613.4579467020121
 10
9099.737370722773
 20
1609.6295444009047
 10
9103.625168173217
 20
1605.5000012201563
 10
9106.450679115083
 20
1601.1399747885134
 10
9108.165558272778
 20
1596.6240663670505
  0
HATCH
  5
4B5
330
17
100
AcDbEntity
  8
I-PLANT
 62
7
420
7582315
100
AcDbHatch
 10
0.0
 20
0.0
 30
0.0
210
0.0
220
0.0
230
1.0
  2
SOLID
 70
1
 71
0
 91
1
 92
3
 72
0
 73
1
 93
48
 10
9108.740463588458
 20
1592.0295444009043
 10
9108.165558272778
 20
1587.4350224347581
 10
9106.450679115083
 20
1582.9191140132953
 10
9103.625168173217
 20
1578.5590875816524
 10
9099.737370722773
 20
1574.429544400904
 10
9094.853808056028
 20
1570.6011420997966
 10
9089.058039284195
 20
1567.139385703138
 10
9082.449231617844
 20
1564.103506822652
 10
9075.140463588457
 20
1561.545450187692
 10
9067.256790243393
 20
1559.5089848565076
 10
9058.933103419347
 20
1558.028955315529
 10
9050.311823705646
 20
1557.1306852805465
 10
9041.540463588459
 20
1556.8295444009036
 10
9032.76910347127
 20
1557.1306852805465
 10
9024.147823757568
 20
1558.028955315529
 10
9015.824136933525
 20
1559.5089848565076
 10
9007.940463588458
 20
1561.545450187692
 10
9000.631695559072
 20
1564.103506822652
 10
8994.022887892723
 20
1567.139385703138
 10
8988.227119120887
 20
1570.6011420997966
 10
8983.343556454143
 20
1574.429544400904
 10
8979.4557590037
 20
1578.5590875816524
 10
8976.630248061832
 20
1582.9191140132953
 10
8974.915368904138
 20
1587.4350224347581
 10
8974.340463588458
 20
1592.0295444009043
 10
8974.915368904138
 20
1596.6240663670505
 10
8976.630248061832
 20
1601.1399747885134
 10
8979.4557590037
 20
1605.5000012201563
 10
8983.343556454143
 20
1609.6295444009047
 10
8988.227119120887
 20
1613.4579467020121
 10
8994.022887892723
 20
1616.9197030986707
 10
9000.631695559072
 20
1619.9555819791567
 10
9007.940463588458
 20
1622.5136386141166
 10
9015.824136933525
 20
1624.550103945301
 10
9024.147823757568
 20
1626.0301334862797
 10
9032.76910347127
 20
1626.9284035212622
 10
9041.540463588459
 20
1627.229544400905
 10
9050.311823705646
 20
1626.9284035212622
 10
9058.933103419347
 20
1626.0301334862797
 10
9067.256790243393
 20
1624.550103945301
 10
9075.140463588457
 20
1622.5136386141166
 10
9082.449231617844
 20
1619.9555819791567
 10
9089.058039284195
 20
1616.9197030986707
 10
9094.853808056028
 20
1613.4579467020121
 10
9099.737370722773
 20
1609.6295444009047
 10
9103.625168173217
 20
1605.5000012201563
 10
9106.450679115083
 20
1601.1399747885134
 10
9108.165558272778
 20
1596.6240663670505
 97
0
 75
1
 76
1
 98
0
  0
LWPOLYLINE
  5
4B6
330
17
100
AcDbEntity
  8
I-PLANT
370
9
420
3698749
100
AcDbPolyline
 90
48
 70
1
 10
9163.61109623243
 20
1621.910498327763
 10
9163.03619091675
 20
1617.3159763616168
 10
9161.321311759055
 20
1612.800067940154
 10
9158.495800817189
 20
1608.440041508511
 10
9154.608003366744
 20
1604.3104983277626
 10
9149.7244407
 20
1600.4820960266552
 10
9143.928671928166
 20
1597.0203396299967
 10
9137.319864261815
 20
1593.9844607495106
 10
9130.011096232429
 20
1591.4264041145507
 10
9122.127422887364
 20
1589.3899387833662
 10
9113.803736063319
 20
1587.9099092423876
 10
9105.182456349617
 20
1587.011639207405
 10
9096.41109623243
 20
1586.7104983277623
 10
9087.639736115241
 20
1587.011639207405
 10
9079.01845640154
 20
1587.9099092423876
 10
9070.694769577496
 20
1589.3899387833662
 10
9062.81109623243
 20
1591.4264041145507
 10
9055.502328203043
 20
1593.9844607495106
 10
9048.893520536694
 20
1597.0203396299967
 10
9043.097751764859
 20
1600.4820960266552
 10
9038.214189098115
 20
1604.3104983277626
 10
9034.326391647672
 20
1608.440041508511
 10
9031.500880705804
 20
1612.800067940154
 10
9029.78600154811
 20
1617.3159763616168
 10
9029.21109623243
 20
1621.910498327763
 10
9029.78600154811
 20
1626.5050202939092
 10
9031.500880705804
 20
1631.020928715372
 10
9034.326391647672
 20
1635.380955147015
 10
9038.214189098115
 20
1639.5104983277633
 10
9043.097751764859
 20
1643.3389006288708
 10
9048.893520536694
 20
1646.8006570255293
 10
9055.502328203043
 20
1649.8365359060153
 10
9062.81109623243
 20
1652.3945925409753
 10
9070.694769577496
 20
1654.4310578721597
 10
9079.01845640154
 20
1655.9110874131384
 10
9087.639736115241
 20
1656.8093574481209
 10
9096.41109623243
 20
1657.1104983277637
 10
9105.182456349617
 20
1656.8093574481209
 10
9113.803736063319
 20
1655.9110874131384
 10
9122.127422887364
 20
1654.4310578721597
 10
9130.011096232429
 20
1652.3945925409753
 10
9137.319864261815
 20
1649.8365359060153
 10
9143.928671928166
 20
1646.8006570255293
 10
9149.7244407
 20
1643.3389006288708
 10
9154.608003366744
 20
1639.5104983277633
 10
9158.495800817189
 20
1635.380955147015
 10
9161.321311759055
 20
1631.020928715372
 10
9163.03619091675
 20
1626.5050202939092
  0
HATCH
  5
4B7
330
17
100
AcDbEntity
  8
I-PLANT
 62
7
420
7582315
100
AcDbHatch
 10
0.0
 20
0.0
 30
0.0
210
0.0
220
0.0
230
1.0
  2
SOLID
 70
1
 71
0
 91
1
 92
3
 72
0
 73
1
 93
48
 10
9163.61109623243
 20
1621.910498327763
 10
9163.03619091675
 20
1617.3159763616168
 10
9161.321311759055
 20
1612.800067940154
 10
9158.495800817189
 20
1608.440041508511
 10
9154.608003366744
 20
1604.3104983277626
 10
9149.7244407
 20
1600.4820960266552
 10
9143.928671928166
 20
1597.0203396299967
 10
9137.319864261815
 20
1593.9844607495106
 10
9130.011096232429
 20
1591.4264041145507
 10
9122.127422887364
 20
1589.3899387833662
 10
9113.803736063319
 20
1587.9099092423876
 10
9105.182456349617
 20
1587.011639207405
 10
9096.41109623243
 20
1586.7104983277623
 10
9087.639736115241
 20
1587.011639207405
 10
9079.01845640154
 20
1587.9099092423876
 10
9070.694769577496
 20
1589.3899387833662
 10
9062.81109623243
 20
1591.4264041145507
 10
9055.502328203043
 20
1593.9844607495106
 10
9048.893520536694
 20
1597.0203396299967
 10
9043.097751764859
 20
1600.4820960266552
 10
9038.214189098115
 20
1604.3104983277626
 10
9034.326391647672
 20
1608.440041508511
 10
9031.500880705804
 20
1612.800067940154
 10
9029.78600154811
 20
1617.3159763616168
 10
9029.21109623243
 20
1621.910498327763
 10
9029.78600154811
 20
1626.5050202939092
 10
9031.500880705804
 20
1631.020928715372
 10
9034.326391647672
 20
1635.380955147015
 10
9038.214189098115
 20
1639.5104983277633
 10
9043.097751764859
 20
1643.3389006288708
 10
9048.893520536694
 20
1646.8006570255293
 10
9055.502328203043
 20
1649.8365359060153
 10
9062.81109623243
 20
1652.3945925409753
 10
9070.694769577496
 20
1654.4310578721597
 10
9079.01845640154
 20
1655.9110874131384
 10
9087.639736115241
 20
1656.8093574481209
 10
9096.41109623243
 20
1657.1104983277637
 10
9105.182456349617
 20
1656.8093574481209
 10
9113.803736063319
 20
1655.9110874131384
 10
9122.127422887364
 20
1654.4310578721597
 10
9130.011096232429
 20
1652.3945925409753
 10
9137.319864261815
 20
1649.8365359060153
 10
9143.928671928166
 20
1646.8006570255293
 10
9149.7244407
 20
1643.3389006288708
 10
9154.608003366744
 20
1639.5104983277633
 10
9158.495800817189
 20
1635.380955147015
 10
9161.321311759055
 20
1631.020928715372
 10
9163.03619091675
 20
1626.5050202939092
 97
0
 75
1
 76
1
 98
0
  0
LWPOLYLINE
  5
4B8
330
17
100
AcDbEntity
  8
I-PLANT
370
9
420
3698749
100
AcDbPolyline
 90
48
 70
1
 10
9221.184246613677
 20
1597.6413803069736
 10
9220.609341297997
 20
1593.0468583408274
 10
9218.894462140302
 20
1588.5309499193645
 10
9216.068951198435
 20
1584.1709234877217
 10
9212.181153747992
 20
1580.0413803069732
 10
9207.29759108125
 20
1576.2129780058658
 10
9201.501822309412
 20
1572.7512216092073
 10
9194.893014643063
 20
1569.7153427287212
 10
9187.584246613676
 20
1567.1572860937613
 10
9179.700573268612
 20
1565.1208207625768
 10
9171.376886444566
 20
1563.6407912215982
 10
9162.755606730865
 20
1562.7425211866157
 10
9153.984246613676
 20
1562.4413803069729
 10
9145.212886496489
 20
1562.7425211866157
 10
9136.591606782787
 20
1563.6407912215982
 10
9128.267919958744
 20
1565.1208207625768
 10
9120.384246613678
 20
1567.1572860937613
 10
9113.075478584291
 20
1569.7153427287212
 10
9106.46667091794
 20
1572.7512216092073
 10
9100.670902146107
 20
1576.2129780058658
 10
9095.787339479362
 20
1580.0413803069732
 10
9091.899542028917
 20
1584.1709234877217
 10
9089.074031087051
 20
1588.5309499193645
 10
9087.359151929357
 20
1593.0468583408274
 10
9086.784246613677
 20
1597.6413803069736
 10
9087.359151929357
 20
1602.2359022731198
 10
9089.074031087051
 20
1606.7518106945827
 10
9091.899542028917
 20
1611.1118371262255
 10
9095.787339479362
 20
1615.241380306974
 10
9100.670902146107
 20
1619.0697826080814
 10
9106.46667091794
 20
1622.53153900474
 10
9113.075478584291
 20
1625.567417885226
 10
9120.384246613678
 20
1628.125474520186
 10
9128.267919958744
 20
1630.1619398513703
 10
9136.591606782787
 20
1631.641969392349
 10
9145.212886496489
 20
1632.5402394273315
 10
9153.984246613676
 20
1632.8413803069743
 10
9162.755606730865
 20
1632.5402394273315
 10
9171.376886444566
 20
1631.641969392349
 10
9179.700573268612
 20
1630.1619398513703
 10
9187.584246613676
 20
1628.125474520186
 10
9194.893014643063
 20
1625.567417885226
 10
9201.501822309412
 20
1622.53153900474
 10
9207.29759108125
 20
1619.0697826080814
 10
9212.181153747992
 20
1615.241380306974
 10
9216.068951198435
 20
1611.1118371262255
 10
9218.894462140302
 20
1606.7518106945827
 10
9220.609341297997
 20
1602.2359022731198
  0
HATCH
  5
4B9
330
17
100
AcDbEntity
  8
I-PLANT
 62
7
420
7582315
100
AcDbHatch
 10
0.0
 20
0.0
 30
0.0
210
0.0
220
0.0
230
1.0
  2
SOLID
 70
1
 71
0
 91
1
 92
3
 72
0
 73
1
 93
48
 10
9221.184246613677
 20
1597.6413803069736
 10
9220.609341297997
 20
1593.0468583408274
 10
9218.894462140302
 20
1588.5309499193645
 10
9216.068951198435
 20
1584.1709234877217
 10
9212.181153747992
 20
1580.0413803069732
 10
9207.29759108125
 20
1576.2129780058658
 10
9201.501822309412
 20
1572.7512216092073
 10
9194.893014643063
 20
1569.7153427287212
 10
9187.584246613676
 20
1567.1572860937613
 10
9179.700573268612
 20
1565.1208207625768
 10
9171.376886444566
 20
1563.6407912215982
 10
9162.755606730865
 20
1562.7425211866157
 10
9153.984246613676
 20
1562.4413803069729
 10
9145.212886496489
 20
1562.7425211866157
 10
9136.591606782787
 20
1563.6407912215982
 10
9128.267919958744
 20
1565.1208207625768
 10
9120.384246613678
 20
1567.1572860937613
 10
9113.075478584291
 20
1569.7153427287212
 10
9106.46667091794
 20
1572.7512216092073
 10
9100.670902146107
 20
1576.2129780058658
 10
9095.787339479362
 20
1580.0413803069732
 10
9091.899542028917
 20
1584.1709234877217
 10
9089.074031087051
 20
1588.5309499193645
 10
9087.359151929357
 20
1593.0468583408274
 10
9086.784246613677
 20
1597.6413803069736
 10
9087.359151929357
 20
1602.2359022731198
 10
9089.074031087051
 20
1606.7518106945827
 10
9091.899542028917
 20
1611.1118371262255
 10
9095.787339479362
 20
1615.241380306974
 10
9100.670902146107
 20
1619.0697826080814
 10
9106.46667091794
 20
1622.53153900474
 10
9113.075478584291
 20
1625.567417885226
 10
9120.384246613678
 20
1628.125474520186
 10
9128.267919958744
 20
1630.1619398513703
 10
9136.591606782787
 20
1631.641969392349
 10
9145.212886496489
 20
1632.5402394273315
 10
9153.984246613676
 20
1632.8413803069743
 10
9162.755606730865
 20
1632.5402394273315
 10
9171.376886444566
 20
1631.641969392349
 10
9179.700573268612
 20
1630.1619398513703
 10
9187.584246613676
 20
1628.125474520186
 10
9194.893014643063
 20
1625.567417885226
 10
9201.501822309412
 20
1622.53153900474
 10
9207.29759108125
 20
1619.0697826080814
 10
9212.181153747992
 20
1615.241380306974
 10
9216.068951198435
 20
1611.1118371262255
 10
9218.894462140302
 20
1606.7518106945827
 10
9220.609341297997
 20
1602.2359022731198
 97
0
 75
1
 76
1
 98
0
  0
CIRCLE
  5
4BA
330
17
100
AcDbEntity
  8
I-PLANT
370
9
420
3698749
100
AcDbCircle
 10
9100.0
 20
1550.0
 30
0.0
 40
28.799999999999997
  0
HATCH
  5
4BB
330
17
100
AcDbEntity
  8
I-PLANT
 62
7
420
9199936
100
AcDbHatch
 10
0.0
 20
0.0
 30
0.0
210
0.0
220
0.0
230
1.0
  2
SOLID
 70
1
 71
0
 91
1
 92
1
 93
1
 72
2
 10
9100.0
 20
1550.0
 40
28.799999999999997
 50
0
 51
360
 73
1
 97
0
 75
1
 76
1
 98
0
  0
HATCH
  5
4BC
330
17
100
AcDbEntity
  8
A-WALL-FILL
 62
7
420
3356219
100
AcDbHatch
 10
0.0
 20
0.0
 30
0.0
210
0.0
220
0.0
230
1.0
  2
SOLID
 70
1
 71
0
 91
1
 92
3
 72
0
 73
1
 93
8
 10
1000.0
 20
13850.0
 10
1200.0
 20
13850.0
 10
1200.0
 20
14150.0
 10
4800.0
 20
14150.0
 10
4800.0
 20
14350.0
 10
1200.0
 20
14350.0
 10
1000.0
 20
14350.0
 10
1000.0
 20
14150.0
 97
0
 75
1
 76
1
 98
0
  0
LWPOLYLINE
  5
4BD
330
17
100
AcDbEntity
  8
A-WALL
100
AcDbPolyline
 90
8
 70
1
 10
1000.0
 20
13850.0
 10
1200.0
 20
13850.0
 10
1200.0
 20
14150.0
 10
4800.0
 20
14150.0
 10
4800.0
 20
14350.0
 10
1200.0
 20
14350.0
 10
1000.0
 20
14350.0
 10
1000.0
 20
14150.0
  0
HATCH
  5
4BE
330
17
100
AcDbEntity
  8
A-WALL-FILL
 62
7
420
3356219
100
AcDbHatch
 10
0.0
 20
0.0
 30
0.0
210
0.0
220
0.0
230
1.0
  2
SOLID
 70
1
 71
0
 91
1
 92
3
 72
0
 73
1
 93
11
 10
6180.0
 20
14150.0
 10
6180.0
 20
12052.84271247462
 10
6180.0
 20
11770.0
 10
6313.57864376269
 20
11636.42135623731
 10
6455.0
 20
11777.84271247462
 10
6380.0
 20
11852.84271247462
 10
6380.0
 20
14150.0
 10
10850.0
 20
14150.0
 10
10850.0
 20
14350.0
 10
5350.0
 20
14350.0
 10
5350.0
 20
14150.0
 97
0
 75
1
 76
1
 98
0
  0
LWPOLYLINE
  5
4BF
330
17
100
AcDbEntity
  8
A-WALL
100
AcDbPolyline
 90
11
 70
1
 10
6180.0
 20
14150.0
 10
6180.0
 20
12052.84271247462
 10
6180.0
 20
11770.0
 10
6313.57864376269
 20
11636.42135623731
 10
6455.0
 20
11777.84271247462
 10
6380.0
 20
11852.84271247462
 10
6380.0
 20
14150.0
 10
10850.0
 20
14150.0
 10
10850.0
 20
14350.0
 10
5350.0
 20
14350.0
 10
5350.0
 20
14150.0
  0
HATCH
  5
4C0
330
17
100
AcDbEntity
  8
A-WALL-FILL
 62
7
420
3356219
100
AcDbHatch
 10
0.0
 20
0.0
 30
0.0
210
0.0
220
0.0
230
1.0
  2
SOLID
 70
1
 71
0
 91
1
 92
3
 72
0
 73
1
 93
35
 10
1000.0
 20
11950.0
 10
1200.0
 20
11950.0
 10
2800.0
 20
11950.0
 10
2800.0
 20
10450.0
 10
3000.0
 20
10450.0
 10
3115.0
 20
10450.0
 10
3115.0
 20
9500.0
 10
2800.0
 20
9500.0
 10
2800.0
 20
9300.0
 10
4900.0
 20
9300.0
 10
4900.0
 20
8350.0
 10
5100.0
 20
8350.0
 10
5100.0
 20
9300.0
 10
5100.0
 20
9500.0
 10
5100.0
 20
10150.0
 10
4900.0
 20
10150.0
 10
4900.0
 20
9500.0
 10
3235.0
 20
9500.0
 10
3235.0
 20
10450.0
 10
3235.0
 20
10550.0
 10
3115.0
 20
10550.0
 10
3000.0
 20
10550.0
 10
3000.0
 20
11950.0
 10
4017.157287525381
 20
11950.0
 10
4900.0
 20
11067.15728752538
 10
4900.0
 20
10850.0
 10
5100.0
 20
10850.0
 10
5100.0
 20
10867.15728752538
 10
5100.0
 20
11150.0
 10
4100.0
 20
12150.0
 10
3817.157287525381
 20
12150.0
 10
1200.0
 20
12150.0
 10
1200.0
 20
12850.0
 10
1000.0
 20
12850.0
 10
1000.0
 20
12150.0
 97
0
 75
1
 76
1
 98
0
  0
LWPOLYLINE
  5
4C1
330
17
100
AcDbEntity
  8
A-WALL
100
AcDbPolyline
 90
35
 70
1
 10
1000.0
 20
11950.0
 10
1200.0
 20
11950.0
 10
2800.0
 20
11950.0
 10
2800.0
 20
10450.0
 10
3000.0
 20
10450.0
 10
3115.0
 20
10450.0
 10
3115.0
 20
9500.0
 10
2800.0
 20
9500.0
 10
2800.0
 20
9300.0
 10
4900.0
 20
9300.0
 10
4900.0
 20
8350.0
 10
5100.0
 20
8350.0
 10
5100.0
 20
9300.0
 10
5100.0
 20
9500.0
 10
5100.0
 20
10150.0
 10
4900.0
 20
10150.0
 10
4900.0
 20
9500.0
 10
3235.0
 20
9500.0
 10
3235.0
 20
10450.0
 10
3235.0
 20
10550.0
 10
3115.0
 20
10550.0
 10
3000.0
 20
10550.0
 10
3000.0
 20
11950.0
 10
4017.157287525381
 20
11950.0
 10
4900.0
 20
11067.15728752538
 10
4900.0
 20
10850.0
 10
5100.0
 20
10850.0
 10
5100.0
 20
10867.15728752538
 10
5100.0
 20
11150.0
 10
4100.0
 20
12150.0
 10
3817.157287525381
 20
12150.0
 10
1200.0
 20
12150.0
 10
1200.0
 20
12850.0
 10
1000.0
 20
12850.0
 10
1000.0
 20
12150.0
  0
HATCH
  5
4C2
330
17
100
AcDbEntity
  8
A-WALL-FILL
 62
7
420
3356219
100
AcDbHatch
 10
0.0
 20
0.0
 30
0.0
210
0.0
220
0.0
230
1.0
  2
SOLID
 70
1
 71
0
 91
1
 92
3
 72
0
 73
1
 93
16
 10
4900.0
 20
2300.0
 10
5100.0
 20
2300.0
 10
5100.0
 20
4750.0
 10
8000.0
 20
4750.0
 10
8000.0
 20
1400.0
 10
8200.0
 20
1400.0
 10
8200.0
 20
1800.0
 10
9400.0
 20
1800.0
 10
9400.0
 20
2000.0
 10
8200.0
 20
2000.0
 10
8200.0
 20
6250.0
 10
8000.0
 20
6250.0
 10
8000.0
 20
4950.0
 10
5100.0
 20
4950.0
 10
5100.0
 20
7800.0
 10
4900.0
 20
7800.0
 97
0
 75
1
 76
1
 98
0
  0
LWPOLYLINE
  5
4C3
330
17
100
AcDbEntity
  8
A-WALL
100
AcDbPolyline
 90
16
 70
1
 10
4900.0
 20
2300.0
 10
5100.0
 20
2300.0
 10
5100.0
 20
4750.0
 10
8000.0
 20
4750.0
 10
8000.0
 20
1400.0
 10
8200.0
 20
1400.0
 10
8200.0
 20
1800.0
 10
9400.0
 20
1800.0
 10
9400.0
 20
2000.0
 10
8200.0
 20
2000.0
 10
8200.0
 20
6250.0
 10
8000.0
 20
6250.0
 10
8000.0
 20
4950.0
 10
5100.0
 20
4950.0
 10
5100.0
 20
7800.0
 10
4900.0
 20
7800.0
  0
HATCH
  5
4C4
330
17
100
AcDbEntity
  8
A-WALL-FILL
 62
7
420
3356219
100
AcDbHatch
 10
0.0
 20
0.0
 30
0.0
210
0.0
220
0.0
230
1.0
  2
SOLID
 70
1
 71
0
 91
1
 92
3
 72
0
 73
1
 93
4
 10
8200.0
 20
600.0
 10
8000.0
 20
600.0
 10
8000.0
 20
300.0
 10
8200.0
 20
300.0
 97
0
 75
1
 76
1
 98
0
  0
LWPOLYLINE
  5
4C5
330
17
100
AcDbEntity
  8
A-WALL
100
AcDbPolyline
 90
4
 70
1
 10
8200.0
 20
600.0
 10
8000.0
 20
600.0
 10
8000.0
 20
300.0
 10
8200.0
 20
300.0
  0
HATCH
  5
4C6
330
17
100
AcDbEntity
  8
A-WALL-FILL
 62
7
420
3356219
100
AcDbHatch
 10
0.0
 20
0.0
 30
0.0
210
0.0
220
0.0
230
1.0
  2
SOLID
 70
1
 71
0
 91
1
 92
3
 72
0
 73
1
 93
20
 10
8750.0
 20
7800.0
 10
8750.0
 20
7900.0
 10
8200.0
 20
7900.0
 10
8200.0
 20
9050.0
 10
9700.0
 20
9050.0
 10
9700.0
 20
7900.0
 10
9450.0
 20
7900.0
 10
9450.0
 20
7800.0
 10
10100.0
 20
7800.0
 10
10100.0
 20
7900.0
 10
9800.0
 20
7900.0
 10
9800.0
 20
9050.0
 10
11350.0
 20
9050.0
 10
11350.0
 20
9250.0
 10
8200.0
 20
9250.0
 10
8000.0
 20
9250.0
 10
8000.0
 20
9050.0
 10
8000.0
 20
7050.0
 10
8200.0
 20
7050.0
 10
8200.0
 20
7800.0
 97
0
 75
1
 76
1
 98
0
  0
LWPOLYLINE
  5
4C7
330
17
100
AcDbEntity
  8
A-WALL
100
AcDbPolyline
 90
20
 70
1
 10
8750.0
 20
7800.0
 10
8750.0
 20
7900.0
 10
8200.0
 20
7900.0
 10
8200.0
 20
9050.0
 10
9700.0
 20
9050.0
 10
9700.0
 20
7900.0
 10
9450.0
 20
7900.0
 10
9450.0
 20
7800.0
 10
10100.0
 20
7800.0
 10
10100.0
 20
7900.0
 10
9800.0
 20
7900.0
 10
9800.0
 20
9050.0
 10
11350.0
 20
9050.0
 10
11350.0
 20
9250.0
 10
8200.0
 20
9250.0
 10
8000.0
 20
9250.0
 10
8000.0
 20
9050.0
 10
8000.0
 20
7050.0
 10
8200.0
 20
7050.0
 10
8200.0
 20
7800.0
  0
HATCH
  5
4C8
330
17
100
AcDbEntity
  8
A-WALL-FILL
 62
7
420
3356219
100
AcDbHatch
 10
0.0
 20
0.0
 30
0.0
210
0.0
220
0.0
230
1.0
  2
SOLID
 70
1
 71
0
 91
1
 92
3
 72
0
 73
1
 93
4
 10
10850.0
 20
7900.0
 10
10800.0
 20
7900.0
 10
10800.0
 20
7800.0
 10
10850.0
 20
7800.0
 97
0
 75
1
 76
1
 98
0
  0
LWPOLYLINE
  5
4C9
330
17
100
AcDbEntity
  8
A-WALL
100
AcDbPolyline
 90
4
 70
1
 10
10850.0
 20
7900.0
 10
10800.0
 20
7900.0
 10
10800.0
 20
7800.0
 10
10850.0
 20
7800.0
  0
HATCH
  5
4CA
330
17
100
AcDbEntity
  8
A-WALL-FILL
 62
7
420
3356219
100
AcDbHatch
 10
0.0
 20
0.0
 30
0.0
210
0.0
220
0.0
230
1.0
  2
SOLID
 70
1
 71
0
 91
1
 92
3
 72
0
 73
1
 93
19
 10
6950.0
 20
10950.0
 10
6950.0
 20
10220.0
 10
7150.0
 20
10220.0
 10
7150.0
 20
10950.0
 10
10600.0
 20
10950.0
 10
10600.0
 20
9900.0
 10
10800.0
 20
9900.0
 10
10800.0
 20
11250.0
 10
11350.0
 20
11250.0
 10
11350.0
 20
11450.0
 10
10800.0
 20
11450.0
 10
10600.0
 20
11450.0
 10
10600.0
 20
11250.0
 10
10600.0
 20
11150.0
 10
7150.0
 20
11150.0
 10
7082.8427124746195
 20
11150.0
 10
7020.685424949238
 20
11212.15728752538
 10
6879.264068711928
 20
11070.735931288073
 10
6950.0
 20
11000.0
 97
0
 75
1
 76
1
 98
0
  0
LWPOLYLINE
  5
4CB
330
17
100
AcDbEntity
  8
A-WALL
100
AcDbPolyline
 90
19
 70
1
 10
6950.0
 20
10950.0
 10
6950.0
 20
10220.0
 10
7150.0
 20
10220.0
 10
7150.0
 20
10950.0
 10
10600.0
 20
10950.0
 10
10600.0
 20
9900.0
 10
10800.0
 20
9900.0
 10
10800.0
 20
11250.0
 10
11350.0
 20
11250.0
 10
11350.0
 20
11450.0
 10
10800.0
 20
11450.0
 10
10600.0
 20
11450.0
 10
10600.0
 20
11250.0
 10
10600.0
 20
11150.0
 10
7150.0
 20
11150.0
 10
7082.8427124746195
 20
11150.0
 10
7020.685424949238
 20
11212.15728752538
 10
6879.264068711928
 20
11070.735931288073
 10
6950.0
 20
11000.0
  0
HATCH
  5
4CC
330
17
100
AcDbEntity
  8
A-WALL-FILL
 62
7
420
3356219
100
AcDbHatch
 10
0.0
 20
0.0
 30
0.0
210
0.0
220
0.0
230
1.0
  2
SOLID
 70
1
 71
0
 91
2
 92
3
 72
0
 73
1
 93
4
 10
7150.0
 20
10950.0
 10
7150.0
 20
10450.0
 10
7800.0
 20
10450.0
 10
7800.0
 20
10950.0
 97
0
 92
2
 72
0
 73
1
 93
4
 10
7730.0
 20
10520.0
 10
7220.0
 20
10520.0
 10
7220.0
 20
10880.0
 10
7730.0
 20
10880.0
 97
0
 75
1
 76
1
 98
0
  0
LWPOLYLINE
  5
4CD
330
17
100
AcDbEntity
  8
A-WALL
100
AcDbPolyline
 90
4
 70
1
 10
7150.0
 20
10950.0
 10
7150.0
 20
10450.0
 10
7800.0
 20
10450.0
 10
7800.0
 20
10950.0
  0
LWPOLYLINE
  5
4CE
330
17
100
AcDbEntity
  8
A-WALL
100
AcDbPolyline
 90
4
 70
1
 10
7730.0
 20
10520.0
 10
7220.0
 20
10520.0
 10
7220.0
 20
10880.0
 10
7730.0
 20
10880.0
  0
HATCH
  5
4CF
330
17
100
AcDbEntity
  8
A-COLS
 62
7
420
0
100
AcDbHatch
 10
0.0
 20
0.0
 30
0.0
210
0.0
220
0.0
230
1.0
  2
SOLID
 70
1
 71
0
 91
1
 92
3
 72
0
 73
1
 93
4
 10
5350.0
 20
13900.0
 10
5350.0
 20
14350.0
 10
4800.0
 20
14350.0
 10
4800.0
 20
13900.0
 97
0
 75
1
 76
1
 98
0
  0
LWPOLYLINE
  5
4D0
330
17
100
AcDbEntity
  8
A-COLS
100
AcDbPolyline
 90
4
 70
1
 10
5350.0
 20
13900.0
 10
5350.0
 20
14350.0
 10
4800.0
 20
14350.0
 10
4800.0
 20
13900.0
  0
HATCH
  5
4D1
330
17
100
AcDbEntity
  8
A-COLS
 62
7
420
0
100
AcDbHatch
 10
0.0
 20
0.0
 30
0.0
210
0.0
220
0.0
230
1.0
  2
SOLID
 70
1
 71
0
 91
1
 92
3
 72
0
 73
1
 93
4
 10
11350.0
 20
13900.0
 10
11350.0
 20
14350.0
 10
10850.0
 20
14350.0
 10
10850.0
 20
13900.0
 97
0
 75
1
 76
1
 98
0
  0
LWPOLYLINE
  5
4D2
330
17
100
AcDbEntity
  8
A-COLS
100
AcDbPolyline
 90
4
 70
1
 10
11350.0
 20
13900.0
 10
11350.0
 20
14350.0
 10
10850.0
 20
14350.0
 10
10850.0
 20
13900.0
  0
HATCH
  5
4D3
330
17
100
AcDbEntity
  8
A-COLS
 62
7
420
0
100
AcDbHatch
 10
0.0
 20
0.0
 30
0.0
210
0.0
220
0.0
230
1.0
  2
SOLID
 70
1
 71
0
 91
1
 92
3
 72
0
 73
1
 93
4
 10
11350.0
 20
9900.0
 10
11350.0
 20
10450.0
 10
11200.0
 20
10450.0
 10
11200.0
 20
9900.0
 97
0
 75
1
 76
1
 98
0
  0
LWPOLYLINE
  5
4D4
330
17
100
AcDbEntity
  8
A-COLS
100
AcDbPolyline
 90
4
 70
1
 10
11350.0
 20
9900.0
 10
11350.0
 20
10450.0
 10
11200.0
 20
10450.0
 10
11200.0
 20
9900.0
  0
HATCH
  5
4D5
330
17
100
AcDbEntity
  8
A-COLS
 62
7
420
0
100
AcDbHatch
 10
0.0
 20
0.0
 30
0.0
210
0.0
220
0.0
230
1.0
  2
SOLID
 70
1
 71
0
 91
1
 92
3
 72
0
 73
1
 93
4
 10
5375.0
 20
7800.0
 10
5375.0
 20
8350.0
 10
4900.0
 20
8350.0
 10
4900.0
 20
7800.0
 97
0
 75
1
 76
1
 98
0
  0
LWPOLYLINE
  5
4D6
330
17
100
AcDbEntity
  8
A-COLS
100
AcDbPolyline
 90
4
 70
1
 10
5375.0
 20
7800.0
 10
5375.0
 20
8350.0
 10
4900.0
 20
8350.0
 10
4900.0
 20
7800.0
  0
HATCH
  5
4D7
330
17
100
AcDbEntity
  8
A-COLS
 62
7
420
0
100
AcDbHatch
 10
0.0
 20
0.0
 30
0.0
210
0.0
220
0.0
230
1.0
  2
SOLID
 70
1
 71
0
 91
1
 92
3
 72
0
 73
1
 93
4
 10
11350.0
 20
7800.0
 10
11350.0
 20
8350.0
 10
10850.0
 20
8350.0
 10
10850.0
 20
7800.0
 97
0
 75
1
 76
1
 98
0
  0
LWPOLYLINE
  5
4D8
330
17
100
AcDbEntity
  8
A-COLS
100
AcDbPolyline
 90
4
 70
1
 10
11350.0
 20
7800.0
 10
11350.0
 20
8350.0
 10
10850.0
 20
8350.0
 10
10850.0
 20
7800.0
  0
HATCH
  5
4D9
330
17
100
AcDbEntity
  8
A-COLS
 62
7
420
0
100
AcDbHatch
 10
0.0
 20
0.0
 30
0.0
210
0.0
220
0.0
230
1.0
  2
SOLID
 70
1
 71
0
 91
1
 92
3
 72
0
 73
1
 93
4
 10
5375.0
 20
1750.0
 10
5375.0
 20
2300.0
 10
4900.0
 20
2300.0
 10
4900.0
 20
1750.0
 97
0
 75
1
 76
1
 98
0
  0
LWPOLYLINE
  5
4DA
330
17
100
AcDbEntity
  8
A-COLS
100
AcDbPolyline
 90
4
 70
1
 10
5375.0
 20
1750.0
 10
5375.0
 20
2300.0
 10
4900.0
 20
2300.0
 10
4900.0
 20
1750.0
  0
HATCH
  5
4DB
330
17
100
AcDbEntity
  8
A-COLS
 62
7
420
0
100
AcDbHatch
 10
0.0
 20
0.0
 30
0.0
210
0.0
220
0.0
230
1.0
  2
SOLID
 70
1
 71
0
 91
1
 92
3
 72
0
 73
1
 93
4
 10
11350.0
 20
1750.0
 10
11350.0
 20
2300.0
 10
10850.0
 20
2300.0
 10
10850.0
 20
1750.0
 97
0
 75
1
 76
1
 98
0
  0
LWPOLYLINE
  5
4DC
330
17
100
AcDbEntity
  8
A-COLS
100
AcDbPolyline
 90
4
 70
1
 10
11350.0
 20
1750.0
 10
11350.0
 20
2300.0
 10
10850.0
 20
2300.0
 10
10850.0
 20
1750.0
  0
HATCH
  5
4DD
330
17
100
AcDbEntity
  8
A-COLS
 62
7
420
0
100
AcDbHatch
 10
0.0
 20
0.0
 30
0.0
210
0.0
220
0.0
230
1.0
  2
SOLID
 70
1
 71
0
 91
1
 92
3
 72
0
 73
1
 93
4
 10
5350.0
 20
400.0
 10
4900.0
 20
400.0
 10
4900.0
 20
150.0
 10
5350.0
 20
150.0
 97
0
 75
1
 76
1
 98
0
  0
LWPOLYLINE
  5
4DE
330
17
100
AcDbEntity
  8
A-COLS
100
AcDbPolyline
 90
4
 70
1
 10
5350.0
 20
400.0
 10
4900.0
 20
400.0
 10
4900.0
 20
150.0
 10
5350.0
 20
150.0
  0
HATCH
  5
4DF
330
17
100
AcDbEntity
  8
A-COLS
 62
7
420
0
100
AcDbHatch
 10
0.0
 20
0.0
 30
0.0
210
0.0
220
0.0
230
1.0
  2
SOLID
 70
1
 71
0
 91
1
 92
3
 72
0
 73
1
 93
4
 10
8450.0
 20
300.0
 10
7350.0
 20
300.0
 10
7350.0
 20
150.0
 10
8450.0
 20
150.0
 97
0
 75
1
 76
1
 98
0
  0
LWPOLYLINE
  5
4E0
330
17
100
AcDbEntity
  8
A-COLS
100
AcDbPolyline
 90
4
 70
1
 10
8450.0
 20
300.0
 10
7350.0
 20
300.0
 10
7350.0
 20
150.0
 10
8450.0
 20
150.0
  0
LINE
  5
4E1
330
17
100
AcDbEntity
  8
A-GLAZ-FRAME
100
AcDbLine
 10
11350.0
 20
14350.0
 30
0.0
 11
11350.0
 21
0.0
 31
0.0
  0
LINE
  5
4E2
330
17
100
AcDbEntity
  8
A-GLAZ-FRAME
100
AcDbLine
 10
11500.0
 20
14350.0
 30
0.0
 11
11500.0
 21
0.0
 31
0.0
  0
LINE
  5
4E3
330
17
100
AcDbEntity
  8
A-GLAZ
100
AcDbLine
 10
11410.0
 20
14350.0
 30
0.0
 11
11410.0
 21
0.0
 31
0.0
  0
LINE
  5
4E4
330
17
100
AcDbEntity
  8
A-GLAZ
100
AcDbLine
 10
11440.0
 20
14350.0
 30
0.0
 11
11440.0
 21
0.0
 31
0.0
  0
LINE
  5
4E5
330
17
100
AcDbEntity
  8
A-GLAZ-FRAME
100
AcDbLine
 10
4900.0
 20
150.0
 30
0.0
 11
11500.0
 21
150.0
 31
0.0
  0
LINE
  5
4E6
330
17
100
AcDbEntity
  8
A-GLAZ-FRAME
100
AcDbLine
 10
4900.0
 20
0.0
 30
0.0
 11
11500.0
 21
0.0
 31
0.0
  0
LINE
  5
4E7
330
17
100
AcDbEntity
  8
A-GLAZ
100
AcDbLine
 10
4900.0
 20
90.0
 30
0.0
 11
11500.0
 21
90.0
 31
0.0
  0
LINE
  5
4E8
330
17
100
AcDbEntity
  8
A-GLAZ
100
AcDbLine
 10
4900.0
 20
60.0
 30
0.0
 11
11500.0
 21
60.0
 31
0.0
  0
LINE
  5
4E9
330
17
100
AcDbEntity
  8
A-GLAZ-FRAME
100
AcDbLine
 10
11350.0
 20
14350.0
 30
0.0
 11
11500.0
 21
14350.0
 31
0.0
  0
LINE
  5
4EA
330
17
100
AcDbEntity
  8
A-GLAZ-FRAME
100
AcDbLine
 10
4900.0
 20
150.0
 30
0.0
 11
4900.0
 21
0.0
 31
0.0
  0
LWPOLYLINE
  5
4EB
330
17
100
AcDbEntity
  8
A-GLAZ-FRAME
100
AcDbPolyline
 90
4
 70
1
 10
11350.0
 20
13480.0
 10
11500.0
 20
13480.0
 10
11500.0
 20
13420.0
 10
11350.0
 20
13420.0
  0
HATCH
  5
4EC
330
17
100
AcDbEntity
  8
A-GLAZ-FRAME
 62
7
420
0
100
AcDbHatch
 10
0.0
 20
0.0
 30
0.0
210
0.0
220
0.0
230
1.0
  2
SOLID
 70
1
 71
0
 91
1
 92
3
 72
0
 73
1
 93
4
 10
11350.0
 20
13480.0
 10
11500.0
 20
13480.0
 10
11500.0
 20
13420.0
 10
11350.0
 20
13420.0
 97
0
 75
1
 76
1
 98
0
  0
LWPOLYLINE
  5
4ED
330
17
100
AcDbEntity
  8
A-GLAZ-FRAME
100
AcDbPolyline
 90
4
 70
1
 10
11350.0
 20
12455.0
 10
11500.0
 20
12455.0
 10
11500.0
 20
12395.0
 10
11350.0
 20
12395.0
  0
HATCH
  5
4EE
330
17
100
AcDbEntity
  8
A-GLAZ-FRAME
 62
7
420
0
100
AcDbHatch
 10
0.0
 20
0.0
 30
0.0
210
0.0
220
0.0
230
1.0
  2
SOLID
 70
1
 71
0
 91
1
 92
3
 72
0
 73
1
 93
4
 10
11350.0
 20
12455.0
 10
11500.0
 20
12455.0
 10
11500.0
 20
12395.0
 10
11350.0
 20
12395.0
 97
0
 75
1
 76
1
 98
0
  0
LWPOLYLINE
  5
4EF
330
17
100
AcDbEntity
  8
A-GLAZ-FRAME
100
AcDbPolyline
 90
4
 70
1
 10
11350.0
 20
11430.0
 10
11500.0
 20
11430.0
 10
11500.0
 20
11370.0
 10
11350.0
 20
11370.0
  0
HATCH
  5
4F0
330
17
100
AcDbEntity
  8
A-GLAZ-FRAME
 62
7
420
0
100
AcDbHatch
 10
0.0
 20
0.0
 30
0.0
210
0.0
220
0.0
230
1.0
  2
SOLID
 70
1
 71
0
 91
1
 92
3
 72
0
 73
1
 93
4
 10
11350.0
 20
11430.0
 10
11500.0
 20
11430.0
 10
11500.0
 20
11370.0
 10
11350.0
 20
11370.0
 97
0
 75
1
 76
1
 98
0
  0
LWPOLYLINE
  5
4F1
330
17
100
AcDbEntity
  8
A-GLAZ-FRAME
100
AcDbPolyline
 90
4
 70
1
 10
11350.0
 20
10430.0
 10
11500.0
 20
10430.0
 10
11500.0
 20
10370.0
 10
11350.0
 20
10370.0
  0
HATCH
  5
4F2
330
17
100
AcDbEntity
  8
A-GLAZ-FRAME
 62
7
420
0
100
AcDbHatch
 10
0.0
 20
0.0
 30
0.0
210
0.0
220
0.0
230
1.0
  2
SOLID
 70
1
 71
0
 91
1
 92
3
 72
0
 73
1
 93
4
 10
11350.0
 20
10430.0
 10
11500.0
 20
10430.0
 10
11500.0
 20
10370.0
 10
11350.0
 20
10370.0
 97
0
 75
1
 76
1
 98
0
  0
LWPOLYLINE
  5
4F3
330
17
100
AcDbEntity
  8
A-GLAZ-FRAME
100
AcDbPolyline
 90
4
 70
1
 10
11350.0
 20
9405.0
 10
11500.0
 20
9405.0
 10
11500.0
 20
9345.0
 10
11350.0
 20
9345.0
  0
HATCH
  5
4F4
330
17
100
AcDbEntity
  8
A-GLAZ-FRAME
 62
7
420
0
100
AcDbHatch
 10
0.0
 20
0.0
 30
0.0
210
0.0
220
0.0
230
1.0
  2
SOLID
 70
1
 71
0
 91
1
 92
3
 72
0
 73
1
 93
4
 10
11350.0
 20
9405.0
 10
11500.0
 20
9405.0
 10
11500.0
 20
9345.0
 10
11350.0
 20
9345.0
 97
0
 75
1
 76
1
 98
0
  0
LWPOLYLINE
  5
4F5
330
17
100
AcDbEntity
  8
A-GLAZ-FRAME
100
AcDbPolyline
 90
4
 70
1
 10
11350.0
 20
7380.0
 10
11500.0
 20
7380.0
 10
11500.0
 20
7320.0
 10
11350.0
 20
7320.0
  0
HATCH
  5
4F6
330
17
100
AcDbEntity
  8
A-GLAZ-FRAME
 62
7
420
0
100
AcDbHatch
 10
0.0
 20
0.0
 30
0.0
210
0.0
220
0.0
230
1.0
  2
SOLID
 70
1
 71
0
 91
1
 92
3
 72
0
 73
1
 93
4
 10
11350.0
 20
7380.0
 10
11500.0
 20
7380.0
 10
11500.0
 20
7320.0
 10
11350.0
 20
7320.0
 97
0
 75
1
 76
1
 98
0
  0
LWPOLYLINE
  5
4F7
330
17
100
AcDbEntity
  8
A-GLAZ-FRAME
100
AcDbPolyline
 90
4
 70
1
 10
11350.0
 20
6380.0
 10
11500.0
 20
6380.0
 10
11500.0
 20
6320.0
 10
11350.0
 20
6320.0
  0
HATCH
  5
4F8
330
17
100
AcDbEntity
  8
A-GLAZ-FRAME
 62
7
420
0
100
AcDbHatch
 10
0.0
 20
0.0
 30
0.0
210
0.0
220
0.0
230
1.0
  2
SOLID
 70
1
 71
0
 91
1
 92
3
 72
0
 73
1
 93
4
 10
11350.0
 20
6380.0
 10
11500.0
 20
6380.0
 10
11500.0
 20
6320.0
 10
11350.0
 20
6320.0
 97
0
 75
1
 76
1
 98
0
  0
LWPOLYLINE
  5
4F9
330
17
100
AcDbEntity
  8
A-GLAZ-FRAME
100
AcDbPolyline
 90
4
 70
1
 10
11350.0
 20
5380.0
 10
11500.0
 20
5380.0
 10
11500.0
 20
5320.0
 10
11350.0
 20
5320.0
  0
HATCH
  5
4FA
330
17
100
AcDbEntity
  8
A-GLAZ-FRAME
 62
7
420
0
100
AcDbHatch
 10
0.0
 20
0.0
 30
0.0
210
0.0
220
0.0
230
1.0
  2
SOLID
 70
1
 71
0
 91
1
 92
3
 72
0
 73
1
 93
4
 10
11350.0
 20
5380.0
 10
11500.0
 20
5380.0
 10
11500.0
 20
5320.0
 10
11350.0
 20
5320.0
 97
0
 75
1
 76
1
 98
0
  0
LWPOLYLINE
  5
4FB
330
17
100
AcDbEntity
  8
A-GLAZ-FRAME
100
AcDbPolyline
 90
4
 70
1
 10
11350.0
 20
4355.0
 10
11500.0
 20
4355.0
 10
11500.0
 20
4295.0
 10
11350.0
 20
4295.0
  0
HATCH
  5
4FC
330
17
100
AcDbEntity
  8
A-GLAZ-FRAME
 62
7
420
0
100
AcDbHatch
 10
0.0
 20
0.0
 30
0.0
210
0.0
220
0.0
230
1.0
  2
SOLID
 70
1
 71
0
 91
1
 92
3
 72
0
 73
1
 93
4
 10
11350.0
 20
4355.0
 10
11500.0
 20
4355.0
 10
11500.0
 20
4295.0
 10
11350.0
 20
4295.0
 97
0
 75
1
 76
1
 98
0
  0
LWPOLYLINE
  5
4FD
330
17
100
AcDbEntity
  8
A-GLAZ-FRAME
100
AcDbPolyline
 90
4
 70
1
 10
11350.0
 20
3355.0
 10
11500.0
 20
3355.0
 10
11500.0
 20
3295.0
 10
11350.0
 20
3295.0
  0
HATCH
  5
4FE
330
17
100
AcDbEntity
  8
A-GLAZ-FRAME
 62
7
420
0
100
AcDbHatch
 10
0.0
 20
0.0
 30
0.0
210
0.0
220
0.0
230
1.0
  2
SOLID
 70
1
 71
0
 91
1
 92
3
 72
0
 73
1
 93
4
 10
11350.0
 20
3355.0
 10
11500.0
 20
3355.0
 10
11500.0
 20
3295.0
 10
11350.0
 20
3295.0
 97
0
 75
1
 76
1
 98
0
  0
LWPOLYLINE
  5
4FF
330
17
100
AcDbEntity
  8
A-GLAZ-FRAME
100
AcDbPolyline
 90
4
 70
1
 10
11350.0
 20
1280.0
 10
11500.0
 20
1280.0
 10
11500.0
 20
1220.0
 10
11350.0
 20
1220.0
  0
HATCH
  5
500
330
17
100
AcDbEntity
  8
A-GLAZ-FRAME
 62
7
420
0
100
AcDbHatch
 10
0.0
 20
0.0
 30
0.0
210
0.0
220
0.0
230
1.0
  2
SOLID
 70
1
 71
0
 91
1
 92
3
 72
0
 73
1
 93
4
 10
11350.0
 20
1280.0
 10
11500.0
 20
1280.0
 10
11500.0
 20
1220.0
 10
11350.0
 20
1220.0
 97
0
 75
1
 76
1
 98
0
  0
LWPOLYLINE
  5
501
330
17
100
AcDbEntity
  8
A-GLAZ-FRAME
100
AcDbPolyline
 90
4
 70
1
 10
6320.0
 20
150.0
 10
6380.0
 20
150.0
 10
6380.0
 20
0.0
 10
6320.0
 20
0.0
  0
HATCH
  5
502
330
17
100
AcDbEntity
  8
A-GLAZ-FRAME
 62
7
420
0
100
AcDbHatch
 10
0.0
 20
0.0
 30
0.0
210
0.0
220
0.0
230
1.0
  2
SOLID
 70
1
 71
0
 91
1
 92
3
 72
0
 73
1
 93
4
 10
6320.0
 20
150.0
 10
6380.0
 20
150.0
 10
6380.0
 20
0.0
 10
6320.0
 20
0.0
 97
0
 75
1
 76
1
 98
0
  0
LWPOLYLINE
  5
503
330
17
100
AcDbEntity
  8
A-GLAZ-FRAME
100
AcDbPolyline
 90
4
 70
1
 10
9370.0
 20
150.0
 10
9430.0
 20
150.0
 10
9430.0
 20
0.0
 10
9370.0
 20
0.0
  0
HATCH
  5
504
330
17
100
AcDbEntity
  8
A-GLAZ-FRAME
 62
7
420
0
100
AcDbHatch
 10
0.0
 20
0.0
 30
0.0
210
0.0
220
0.0
230
1.0
  2
SOLID
 70
1
 71
0
 91
1
 92
3
 72
0
 73
1
 93
4
 10
9370.0
 20
150.0
 10
9430.0
 20
150.0
 10
9430.0
 20
0.0
 10
9370.0
 20
0.0
 97
0
 75
1
 76
1
 98
0
  0
LWPOLYLINE
  5
505
330
17
100
AcDbEntity
  8
A-GLAZ-FRAME
100
AcDbPolyline
 90
4
 70
1
 10
10370.0
 20
150.0
 10
10430.0
 20
150.0
 10
10430.0
 20
0.0
 10
10370.0
 20
0.0
  0
HATCH
  5
506
330
17
100
AcDbEntity
  8
A-GLAZ-FRAME
 62
7
420
0
100
AcDbHatch
 10
0.0
 20
0.0
 30
0.0
210
0.0
220
0.0
230
1.0
  2
SOLID
 70
1
 71
0
 91
1
 92
3
 72
0
 73
1
 93
4
 10
10370.0
 20
150.0
 10
10430.0
 20
150.0
 10
10430.0
 20
0.0
 10
10370.0
 20
0.0
 97
0
 75
1
 76
1
 98
0
  0
LINE
  5
507
330
17
100
AcDbEntity
  8
A-GLAZ-FRAME
100
AcDbLine
 10
4900.0
 20
1750.0
 30
0.0
 11
4900.0
 21
400.0
 31
0.0
  0
LINE
  5
508
330
17
100
AcDbEntity
  8
A-GLAZ-FRAME
100
AcDbLine
 10
5100.0
 20
1750.0
 30
0.0
 11
5100.0
 21
400.0
 31
0.0
  0
LINE
  5
509
330
17
100
AcDbEntity
  8
A-GLAZ
100
AcDbLine
 10
4980.0
 20
1750.0
 30
0.0
 11
4980.0
 21
400.0
 31
0.0
  0
LINE
  5
50A
330
17
100
AcDbEntity
  8
A-GLAZ
100
AcDbLine
 10
5020.0
 20
1750.0
 30
0.0
 11
5020.0
 21
400.0
 31
0.0
  0
LINE
  5
50B
330
17
100
AcDbEntity
  8
A-GLAZ-FRAME
100
AcDbLine
 10
9400.0
 20
2000.0
 30
0.0
 11
10100.0
 21
2000.0
 31
0.0
  0
LINE
  5
50C
330
17
100
AcDbEntity
  8
A-GLAZ-FRAME
100
AcDbLine
 10
9400.0
 20
1800.0
 30
0.0
 11
10100.0
 21
1800.0
 31
0.0
  0
LINE
  5
50D
330
17
100
AcDbEntity
  8
A-GLAZ
100
AcDbLine
 10
9400.0
 20
1920.0
 30
0.0
 11
10100.0
 21
1920.0
 31
0.0
  0
LINE
  5
50E
330
17
100
AcDbEntity
  8
A-GLAZ
100
AcDbLine
 10
9400.0
 20
1880.0
 30
0.0
 11
10100.0
 21
1880.0
 31
0.0
  0
LINE
  5
50F
330
17
100
AcDbEntity
  8
A-GLAZ-FRAME
100
AcDbLine
 10
10100.0
 20
2000.0
 30
0.0
 11
10100.0
 21
1800.0
 31
0.0
  0
LINE
  5
510
330
17
100
AcDbEntity
  8
A-DOOR
100
AcDbLine
 10
1000.0
 20
13850.0
 30
0.0
 11
0.0
 21
13850.0
 31
0.0
  0
ARC
  5
511
330
17
100
AcDbEntity
  8
A-DOOR-SWING
100
AcDbCircle
 10
1000.0
 20
13850.0
 30
0.0
 40
1000.0
100
AcDbArc
 50
-180.0
 51
-90.0
  0
LINE
  5
512
330
17
100
AcDbEntity
  8
A-DOOR
100
AcDbLine
 10
4900.0
 20
10850.0
 30
0.0
 11
4200.0
 21
10850.0
 31
0.0
  0
ARC
  5
513
330
17
100
AcDbEntity
  8
A-DOOR-SWING
100
AcDbCircle
 10
4900.0
 20
10850.0
 30
0.0
 40
700.0
100
AcDbArc
 50
-180.0
 51
-90.0
  0
LINE
  5
514
330
17
100
AcDbEntity
  8
A-DOOR
100
AcDbLine
 10
7020.685424949238
 20
11212.15728752538
 30
0.0
 11
7586.370849898476
 21
11777.84271247462
 31
0.0
  0
ARC
  5
515
330
17
100
AcDbEntity
  8
A-DOOR-SWING
100
AcDbCircle
 10
7020.685424949238
 20
11212.15728752538
 30
0.0
 40
800.0
100
AcDbArc
 50
45.0
 51
135.0
  0
LINE
  5
516
330
17
100
AcDbEntity
  8
A-DOOR
100
AcDbLine
 10
8200.0
 20
6250.0
 30
0.0
 11
9000.0
 21
6250.0
 31
0.0
  0
ARC
  5
517
330
17
100
AcDbEntity
  8
A-DOOR-SWING
100
AcDbCircle
 10
8200.0
 20
6250.0
 30
0.0
 40
800.0
100
AcDbArc
 50
-0.0
 51
90.0
  0
LINE
  5
518
330
17
100
AcDbEntity
  8
A-DOOR
100
AcDbLine
 10
9450.0
 20
7800.0
 30
0.0
 11
9450.0
 21
7100.0
 31
0.0
  0
ARC
  5
519
330
17
100
AcDbEntity
  8
A-DOOR-SWING
100
AcDbCircle
 10
9450.0
 20
7800.0
 30
0.0
 40
700.0
100
AcDbArc
 50
-180.0
 51
-90.0
  0
LINE
  5
51A
330
17
100
AcDbEntity
  8
A-DOOR
100
AcDbLine
 10
10800.0
 20
7800.0
 30
0.0
 11
10800.0
 21
7100.0
 31
0.0
  0
ARC
  5
51B
330
17
100
AcDbEntity
  8
A-DOOR-SWING
100
AcDbCircle
 10
10800.0
 20
7800.0
 30
0.0
 40
700.0
100
AcDbArc
 50
-180.0
 51
-90.0
  0
LINE
  5
51C
330
17
100
AcDbEntity
  8
A-DOOR
100
AcDbLine
 10
8000.0
 20
600.0
 30
0.0
 11
7200.0
 21
600.0
 31
0.0
  0
ARC
  5
51D
330
17
100
AcDbEntity
  8
A-DOOR-SWING
100
AcDbCircle
 10
8000.0
 20
600.0
 30
0.0
 40
800.0
100
AcDbArc
 50
-270.0
 51
-180.0
  0
LINE
  5
51E
330
17
100
AcDbEntity
  8
A-DOOR
100
AcDbLine
 10
11200.0
 20
9900.0
 30
0.0
 11
11200.0
 21
9500.0
 31
0.0
  0
ARC
  5
51F
330
17
100
AcDbEntity
  8
A-DOOR-SWING
100
AcDbCircle
 10
11200.0
 20
9900.0
 30
0.0
 40
400.0
100
AcDbArc
 50
-180.0
 51
-90.0
  0
LINE
  5
520
330
17
100
AcDbEntity
  8
A-DOOR
420
1731527
100
AcDbLine
 10
10850.0
 20
1800.0
 30
0.0
 11
10850.0
 21
1050.0
 31
0.0
  0
ARC
  5
521
330
17
100
AcDbEntity
  8
A-DOOR-SWING
100
AcDbCircle
 10
10850.0
 20
1800.0
 30
0.0
 40
750.0
100
AcDbArc
 50
-180.0
 51
-90.0
  0
LWPOLYLINE
  5
522
330
17
100
AcDbEntity
  8
A-SHAFT
100
AcDbPolyline
 90
4
 70
1
 10
2800.0
 20
10450.0
 10
3115.0
 20
10450.0
 10
3115.0
 20
9500.0
 10
2800.0
 20
9500.0
  0
LINE
  5
523
330
17
100
AcDbEntity
  8
A-SHAFT
100
AcDbLine
 10
2800.0
 20
10450.0
 30
0.0
 11
3115.0
 21
9500.0
 31
0.0
  0
LINE
  5
524
330
17
100
AcDbEntity
  8
A-SHAFT
100
AcDbLine
 10
2800.0
 20
9500.0
 30
0.0
 11
3115.0
 21
10450.0
 31
0.0
  0
LINE
  5
525
330
17
100
AcDbEntity
  8
A-SHAFT
100
AcDbLine
 10
7220.0
 20
10880.0
 30
0.0
 11
7730.0
 21
10520.0
 31
0.0
  0
LINE
  5
526
330
17
100
AcDbEntity
  8
A-SHAFT
100
AcDbLine
 10
7220.0
 20
10520.0
 30
0.0
 11
7730.0
 21
10880.0
 31
0.0
  0
LWPOLYLINE
  5
527
330
17
100
AcDbEntity
  8
A-GLAZ
100
AcDbPolyline
 90
4
 70
1
 10
3000.0
 20
11160.0
 10
3800.0
 20
11160.0
 10
3800.0
 20
11140.0
 10
3000.0
 20
11140.0
  0
HATCH
  5
528
330
17
100
AcDbEntity
  8
A-GLAZ
 62
7
420
12574455
100
AcDbHatch
 10
0.0
 20
0.0
 30
0.0
210
0.0
220
0.0
230
1.0
  2
SOLID
 70
1
 71
0
 91
1
 92
3
 72
0
 73
1
 93
4
 10
3000.0
 20
11160.0
 10
3800.0
 20
11160.0
 10
3800.0
 20
11140.0
 10
3000.0
 20
11140.0
 97
0
 75
1
 76
1
 98
0
  0
LWPOLYLINE
  5
529
330
17
100
AcDbEntity
  8
A-GLAZ
100
AcDbPolyline
 90
4
 70
1
 10
3750.0
 20
11125.0
 10
4842.1572875253805
 20
11125.0
 10
4842.1572875253805
 20
11110.0
 10
3750.0
 20
11110.0
  0
LWPOLYLINE
  5
52A
330
17
100
AcDbEntity
  8
A-GLAZ
100
AcDbPolyline
 90
4
 70
1
 10
9000.0
 20
9050.0
 10
9700.0
 20
9050.0
 10
9700.0
 20
8300.0
 10
9000.0
 20
8300.0
  0
LWPOLYLINE
  5
52B
330
17
100
AcDbEntity
  8
I-LABEL
370
13
420
9211028
100
AcDbPolyline
 90
28
 70
1
 10
3241.2088370722768
 20
13422.5
 10
3264.5025511315034
 20
13419.433324366017
 10
3286.2088370722768
 20
13410.4422863406
 10
3304.848447379066
 20
13396.13961030679
 10
3319.151123412876
 20
13377.5
 10
3328.1421614382925
 20
13355.793714059228
 10
3331.2088370722768
 20
13332.5
 10
3331.2088370722768
 20
12967.5
 10
3328.1421614382925
 20
12944.206285940772
 10
3319.151123412876
 20
12922.5
 10
3304.848447379066
 20
12903.86038969321
 10
3286.2088370722768
 20
12889.5577136594
 10
3264.5025511315034
 20
12880.566675633983
 10
3241.2088370722768
 20
12877.5
 10
2058.7911629277232
 20
12877.5
 10
2035.4974488684966
 20
12880.566675633983
 10
2013.7911629277232
 20
12889.5577136594
 10
1995.1515526209341
 20
12903.86038969321
 10
1980.8488765871239
 20
12922.5
 10
1971.857838561707
 20
12944.206285940772
 10
1968.7911629277232
 20
12967.5
 10
1968.7911629277232
 20
13332.5
 10
1971.857838561707
 20
13355.793714059228
 10
1980.8488765871239
 20
13377.5
 10
1995.1515526209341
 20
13396.13961030679
 10
2013.7911629277232
 20
13410.4422863406
 10
2035.4974488684966
 20
13419.433324366017
 10
2058.7911629277232
 20
13422.5
  0
HATCH
  5
52C
330
17
100
AcDbEntity
  8
I-LABEL
 62
7
420
16777215
100
AcDbHatch
 10
0.0
 20
0.0
 30
0.0
210
0.0
220
0.0
230
1.0
  2
SOLID
 70
1
 71
0
 91
1
 92
3
 72
0
 73
1
 93
28
 10
3241.2088370722768
 20
13422.5
 10
3264.5025511315034
 20
13419.433324366017
 10
3286.2088370722768
 20
13410.4422863406
 10
3304.848447379066
 20
13396.13961030679
 10
3319.151123412876
 20
13377.5
 10
3328.1421614382925
 20
13355.793714059228
 10
3331.2088370722768
 20
13332.5
 10
3331.2088370722768
 20
12967.5
 10
3328.1421614382925
 20
12944.206285940772
 10
3319.151123412876
 20
12922.5
 10
3304.848447379066
 20
12903.86038969321
 10
3286.2088370722768
 20
12889.5577136594
 10
3264.5025511315034
 20
12880.566675633983
 10
3241.2088370722768
 20
12877.5
 10
2058.7911629277232
 20
12877.5
 10
2035.4974488684966
 20
12880.566675633983
 10
2013.7911629277232
 20
12889.5577136594
 10
1995.1515526209341
 20
12903.86038969321
 10
1980.8488765871239
 20
12922.5
 10
1971.857838561707
 20
12944.206285940772
 10
1968.7911629277232
 20
12967.5
 10
1968.7911629277232
 20
13332.5
 10
1971.857838561707
 20
13355.793714059228
 10
1980.8488765871239
 20
13377.5
 10
1995.1515526209341
 20
13396.13961030679
 10
2013.7911629277232
 20
13410.4422863406
 10
2035.4974488684966
 20
13419.433324366017
 10
2058.7911629277232
 20
13422.5
 97
0
 75
1
 76
1
 98
0
  0
TEXT
  5
52D
330
17
100
AcDbEntity
  8
A-TEXT
100
AcDbText
 10
2650.0
 20
13260.0
 30
0.0
 40
130.0
  1
1  Прихожая
  7
PLAN-BOLD
 72
1
 11
2650.0
 21
13260.0
 31
0.0
100
AcDbText
 73
2
  0
TEXT
  5
52E
330
17
100
AcDbEntity
  8
A-TEXT
100
AcDbText
 10
2650.0
 20
13047.5
 30
0.0
 40
114.99999999999999
  1
5.8 м²
  7
PLAN-REGULAR
 72
1
 11
2650.0
 21
13047.5
 31
0.0
100
AcDbText
 73
2
  0
LWPOLYLINE
  5
52F
330
17
100
AcDbEntity
  8
I-LABEL
370
13
420
9211028
100
AcDbPolyline
 90
28
 70
1
 10
6817.846215956704
 20
9972.5
 10
6841.139930015931
 20
9969.433324366015
 10
6862.846215956704
 20
9960.4422863406
 10
6881.485826263493
 20
9946.13961030679
 10
6895.788502297303
 20
9927.5
 10
6904.77954032272
 20
9905.793714059226
 10
6907.846215956704
 20
9882.5
 10
6907.846215956704
 20
9517.5
 10
6904.77954032272
 20
9494.206285940774
 10
6895.788502297303
 20
9472.5
 10
6881.485826263493
 20
9453.86038969321
 10
6862.846215956704
 20
9439.5577136594
 10
6841.139930015931
 20
9430.566675633985
 10
6817.846215956704
 20
9427.5
 10
5882.153784043296
 20
9427.5
 10
5858.860069984069
 20
9430.566675633985
 10
5837.153784043296
 20
9439.5577136594
 10
5818.514173736507
 20
9453.86038969321
 10
5804.211497702697
 20
9472.5
 10
5795.22045967728
 20
9494.206285940774
 10
5792.153784043296
 20
9517.5
 10
5792.153784043296
 20
9882.5
 10
5795.22045967728
 20
9905.793714059226
 10
5804.211497702697
 20
9927.5
 10
5818.514173736507
 20
9946.13961030679
 10
5837.153784043296
 20
9960.4422863406
 10
5858.860069984069
 20
9969.433324366015
 10
5882.153784043296
 20
9972.5
  0
HATCH
  5
530
330
17
100
AcDbEntity
  8
I-LABEL
 62
7
420
16777215
100
AcDbHatch
 10
0.0
 20
0.0
 30
0.0
210
0.0
220
0.0
230
1.0
  2
SOLID
 70
1
 71
0
 91
1
 92
3
 72
0
 73
1
 93
28
 10
6817.846215956704
 20
9972.5
 10
6841.139930015931
 20
9969.433324366015
 10
6862.846215956704
 20
9960.4422863406
 10
6881.485826263493
 20
9946.13961030679
 10
6895.788502297303
 20
9927.5
 10
6904.77954032272
 20
9905.793714059226
 10
6907.846215956704
 20
9882.5
 10
6907.846215956704
 20
9517.5
 10
6904.77954032272
 20
9494.206285940774
 10
6895.788502297303
 20
9472.5
 10
6881.485826263493
 20
9453.86038969321
 10
6862.846215956704
 20
9439.5577136594
 10
6841.139930015931
 20
9430.566675633985
 10
6817.846215956704
 20
9427.5
 10
5882.153784043296
 20
9427.5
 10
5858.860069984069
 20
9430.566675633985
 10
5837.153784043296
 20
9439.5577136594
 10
5818.514173736507
 20
9453.86038969321
 10
5804.211497702697
 20
9472.5
 10
5795.22045967728
 20
9494.206285940774
 10
5792.153784043296
 20
9517.5
 10
5792.153784043296
 20
9882.5
 10
5795.22045967728
 20
9905.793714059226
 10
5804.211497702697
 20
9927.5
 10
5818.514173736507
 20
9946.13961030679
 10
5837.153784043296
 20
9960.4422863406
 10
5858.860069984069
 20
9969.433324366015
 10
5882.153784043296
 20
9972.5
 97
0
 75
1
 76
1
 98
0
  0
TEXT
  5
531
330
17
100
AcDbEntity
  8
A-TEXT
100
AcDbText
 10
6350.0
 20
9810.0
 30
0.0
 40
130.0
  1
2  Студия
  7
PLAN-BOLD
 72
1
 11
6350.0
 21
9810.0
 31
0.0
100
AcDbText
 73
2
  0
TEXT
  5
532
330
17
100
AcDbEntity
  8
A-TEXT
100
AcDbText
 10
6350.0
 20
9597.5
 30
0.0
 40
114.99999999999999
  1
21.8 м²
  7
PLAN-REGULAR
 72
1
 11
6350.0
 21
9597.5
 31
0.0
100
AcDbText
 73
2
  0
LWPOLYLINE
  5
533
330
17
100
AcDbEntity
  8
I-LABEL
370
13
420
9211028
100
AcDbPolyline
 90
28
 70
1
 10
4138.188040109986
 20
10872.5
 10
4161.481754169213
 20
10869.433324366017
 10
4183.188040109986
 20
10860.4422863406
 10
4201.827650416775
 20
10846.13961030679
 10
4216.130326450586
 20
10827.5
 10
4225.121364476002
 20
10805.793714059226
 10
4228.188040109986
 20
10782.5
 10
4228.188040109986
 20
10417.5
 10
4225.121364476002
 20
10394.206285940774
 10
4216.130326450586
 20
10372.5
 10
4201.827650416775
 20
10353.86038969321
 10
4183.188040109986
 20
10339.5577136594
 10
4161.481754169213
 20
10330.566675633983
 10
4138.188040109986
 20
10327.5
 10
3561.811959890014
 20
10327.5
 10
3538.5182458307872
 20
10330.566675633983
 10
3516.811959890014
 20
10339.5577136594
 10
3498.172349583225
 20
10353.86038969321
 10
3483.8696735494145
 20
10372.5
 10
3474.8786355239977
 20
10394.206285940772
 10
3471.811959890014
 20
10417.5
 10
3471.811959890014
 20
10782.5
 10
3474.8786355239977
 20
10805.793714059226
 10
3483.8696735494145
 20
10827.5
 10
3498.172349583225
 20
10846.13961030679
 10
3516.811959890014
 20
10860.4422863406
 10
3538.5182458307872
 20
10869.433324366017
 10
3561.811959890014
 20
10872.5
  0
HATCH
  5
534
330
17
100
AcDbEntity
  8
I-LABEL
 62
7
420
16777215
100
AcDbHatch
 10
0.0
 20
0.0
 30
0.0
210
0.0
220
0.0
230
1.0
  2
SOLID
 70
1
 71
0
 91
1
 92
3
 72
0
 73
1
 93
28
 10
4138.188040109986
 20
10872.5
 10
4161.481754169213
 20
10869.433324366017
 10
4183.188040109986
 20
10860.4422863406
 10
4201.827650416775
 20
10846.13961030679
 10
4216.130326450586
 20
10827.5
 10
4225.121364476002
 20
10805.793714059226
 10
4228.188040109986
 20
10782.5
 10
4228.188040109986
 20
10417.5
 10
4225.121364476002
 20
10394.206285940774
 10
4216.130326450586
 20
10372.5
 10
4201.827650416775
 20
10353.86038969321
 10
4183.188040109986
 20
10339.5577136594
 10
4161.481754169213
 20
10330.566675633983
 10
4138.188040109986
 20
10327.5
 10
3561.811959890014
 20
10327.5
 10
3538.5182458307872
 20
10330.566675633983
 10
3516.811959890014
 20
10339.5577136594
 10
3498.172349583225
 20
10353.86038969321
 10
3483.8696735494145
 20
10372.5
 10
3474.8786355239977
 20
10394.206285940772
 10
3471.811959890014
 20
10417.5
 10
3471.811959890014
 20
10782.5
 10
3474.8786355239977
 20
10805.793714059226
 10
3483.8696735494145
 20
10827.5
 10
3498.172349583225
 20
10846.13961030679
 10
3516.811959890014
 20
10860.4422863406
 10
3538.5182458307872
 20
10869.433324366017
 10
3561.811959890014
 20
10872.5
 97
0
 75
1
 76
1
 98
0
  0
TEXT
  5
535
330
17
100
AcDbEntity
  8
A-TEXT
100
AcDbText
 10
3850.0
 20
10710.0
 30
0.0
 40
130.0
  1
3  С/У
  7
PLAN-BOLD
 72
1
 11
3850.0
 21
10710.0
 31
0.0
100
AcDbText
 73
2
  0
TEXT
  5
536
330
17
100
AcDbEntity
  8
A-TEXT
100
AcDbText
 10
3850.0
 20
10497.5
 30
0.0
 40
114.99999999999999
  1
4.0 м²
  7
PLAN-REGULAR
 72
1
 11
3850.0
 21
10497.5
 31
0.0
100
AcDbText
 73
2
  0
LWPOLYLINE
  5
537
330
17
100
AcDbEntity
  8
I-LABEL
370
13
420
9211028
100
AcDbPolyline
 90
28
 70
1
 10
10397.08935274092
 20
11785.0
 10
10420.383066800148
 20
11781.933324366017
 10
10442.08935274092
 20
11772.9422863406
 10
10460.72896304771
 20
11758.63961030679
 10
10475.03163908152
 20
11740.0
 10
10484.022677106937
 20
11718.293714059226
 10
10487.08935274092
 20
11695.0
 10
10487.08935274092
 20
11365.0
 10
10484.022677106937
 20
11341.706285940774
 10
10475.03163908152
 20
11320.0
 10
10460.72896304771
 20
11301.36038969321
 10
10442.08935274092
 20
11287.0577136594
 10
10420.383066800148
 20
11278.066675633983
 10
10397.08935274092
 20
11275.0
 10
8702.91064725908
 20
11275.0
 10
8679.616933199852
 20
11278.066675633983
 10
8657.91064725908
 20
11287.0577136594
 10
8639.27103695229
 20
11301.36038969321
 10
8624.96836091848
 20
11320.0
 10
8615.977322893063
 20
11341.706285940772
 10
8612.91064725908
 20
11365.0
 10
8612.91064725908
 20
11695.0
 10
8615.977322893063
 20
11718.293714059226
 10
8624.96836091848
 20
11740.0
 10
8639.27103695229
 20
11758.63961030679
 10
8657.91064725908
 20
11772.9422863406
 10
8679.616933199852
 20
11781.933324366017
 10
8702.91064725908
 20
11785.0
  0
HATCH
  5
538
330
17
100
AcDbEntity
  8
I-LABEL
 62
7
420
16777215
100
AcDbHatch
 10
0.0
 20
0.0
 30
0.0
210
0.0
220
0.0
230
1.0
  2
SOLID
 70
1
 71
0
 91
1
 92
3
 72
0
 73
1
 93
28
 10
10397.08935274092
 20
11785.0
 10
10420.383066800148
 20
11781.933324366017
 10
10442.08935274092
 20
11772.9422863406
 10
10460.72896304771
 20
11758.63961030679
 10
10475.03163908152
 20
11740.0
 10
10484.022677106937
 20
11718.293714059226
 10
10487.08935274092
 20
11695.0
 10
10487.08935274092
 20
11365.0
 10
10484.022677106937
 20
11341.706285940774
 10
10475.03163908152
 20
11320.0
 10
10460.72896304771
 20
11301.36038969321
 10
10442.08935274092
 20
11287.0577136594
 10
10420.383066800148
 20
11278.066675633983
 10
10397.08935274092
 20
11275.0
 10
8702.91064725908
 20
11275.0
 10
8679.616933199852
 20
11278.066675633983
 10
8657.91064725908
 20
11287.0577136594
 10
8639.27103695229
 20
11301.36038969321
 10
8624.96836091848
 20
11320.0
 10
8615.977322893063
 20
11341.706285940772
 10
8612.91064725908
 20
11365.0
 10
8612.91064725908
 20
11695.0
 10
8615.977322893063
 20
11718.293714059226
 10
8624.96836091848
 20
11740.0
 10
8639.27103695229
 20
11758.63961030679
 10
8657.91064725908
 20
11772.9422863406
 10
8679.616933199852
 20
11781.933324366017
 10
8702.91064725908
 20
11785.0
 97
0
 75
1
 76
1
 98
0
  0
TEXT
  5
539
330
17
100
AcDbEntity
  8
A-TEXT
100
AcDbText
 10
9550.0
 20
11630.0
 30
0.0
 40
110.00000000000001
  1
4  Детская для двоих
  7
PLAN-BOLD
 72
1
 11
9550.0
 21
11630.0
 31
0.0
100
AcDbText
 73
2
  0
TEXT
  5
53A
330
17
100
AcDbEntity
  8
A-TEXT
100
AcDbText
 10
9550.0
 20
11435.0
 30
0.0
 40
100.0
  1
14.3 м²
  7
PLAN-REGULAR
 72
1
 11
9550.0
 21
11435.0
 31
0.0
100
AcDbText
 73
2
  0
LWPOLYLINE
  5
53B
330
17
100
AcDbEntity
  8
I-LABEL
370
13
420
9211028
100
AcDbPolyline
 90
28
 70
1
 10
11032.126123865222
 20
9825.0
 10
11055.41983792445
 20
9821.933324366015
 10
11077.126123865222
 20
9812.9422863406
 10
11095.765734172011
 20
9798.63961030679
 10
11110.068410205822
 20
9780.0
 10
11119.059448231239
 20
9758.293714059226
 10
11122.126123865222
 20
9735.0
 10
11122.126123865222
 20
9405.0
 10
11119.059448231239
 20
9381.706285940774
 10
11110.068410205822
 20
9360.0
 10
11095.765734172011
 20
9341.36038969321
 10
11077.126123865222
 20
9327.0577136594
 10
11055.41983792445
 20
9318.066675633985
 10
11032.126123865222
 20
9315.0
 10
9467.873876134778
 20
9315.0
 10
9444.58016207555
 20
9318.066675633985
 10
9422.873876134778
 20
9327.0577136594
 10
9404.234265827989
 20
9341.36038969321
 10
9389.931589794178
 20
9360.0
 10
9380.940551768761
 20
9381.706285940774
 10
9377.873876134778
 20
9405.0
 10
9377.873876134778
 20
9735.0
 10
9380.940551768761
 20
9758.293714059226
 10
9389.931589794178
 20
9780.0
 10
9404.234265827989
 20
9798.63961030679
 10
9422.873876134778
 20
9812.9422863406
 10
9444.58016207555
 20
9821.933324366015
 10
9467.873876134778
 20
9825.0
  0
HATCH
  5
53C
330
17
100
AcDbEntity
  8
I-LABEL
 62
7
420
16777215
100
AcDbHatch
 10
0.0
 20
0.0
 30
0.0
210
0.0
220
0.0
230
1.0
  2
SOLID
 70
1
 71
0
 91
1
 92
3
 72
0
 73
1
 93
28
 10
11032.126123865222
 20
9825.0
 10
11055.41983792445
 20
9821.933324366015
 10
11077.126123865222
 20
9812.9422863406
 10
11095.765734172011
 20
9798.63961030679
 10
11110.068410205822
 20
9780.0
 10
11119.059448231239
 20
9758.293714059226
 10
11122.126123865222
 20
9735.0
 10
11122.126123865222
 20
9405.0
 10
11119.059448231239
 20
9381.706285940774
 10
11110.068410205822
 20
9360.0
 10
11095.765734172011
 20
9341.36038969321
 10
11077.126123865222
 20
9327.0577136594
 10
11055.41983792445
 20
9318.066675633985
 10
11032.126123865222
 20
9315.0
 10
9467.873876134778
 20
9315.0
 10
9444.58016207555
 20
9318.066675633985
 10
9422.873876134778
 20
9327.0577136594
 10
9404.234265827989
 20
9341.36038969321
 10
9389.931589794178
 20
9360.0
 10
9380.940551768761
 20
9381.706285940774
 10
9377.873876134778
 20
9405.0
 10
9377.873876134778
 20
9735.0
 10
9380.940551768761
 20
9758.293714059226
 10
9389.931589794178
 20
9780.0
 10
9404.234265827989
 20
9798.63961030679
 10
9422.873876134778
 20
9812.9422863406
 10
9444.58016207555
 20
9821.933324366015
 10
9467.873876134778
 20
9825.0
 97
0
 75
1
 76
1
 98
0
  0
TEXT
  5
53D
330
17
100
AcDbEntity
  8
A-TEXT
100
AcDbText
 10
10250.0
 20
9670.0
 30
0.0
 40
110.00000000000001
  1
5  Кухня (открытая)
  7
PLAN-BOLD
 72
1
 11
10250.0
 21
9670.0
 31
0.0
100
AcDbText
 73
2
  0
TEXT
  5
53E
330
17
100
AcDbEntity
  8
A-TEXT
100
AcDbText
 10
10250.0
 20
9475.0
 30
0.0
 40
100.0
  1
6.0 м²
  7
PLAN-REGULAR
 72
1
 11
10250.0
 21
9475.0
 31
0.0
100
AcDbText
 73
2
  0
LWPOLYLINE
  5
53F
330
17
100
AcDbEntity
  8
I-LABEL
370
13
420
9211028
100
AcDbPolyline
 90
28
 70
1
 10
7374.724571185405
 20
3972.5
 10
7398.018285244632
 20
3969.4333243660167
 10
7419.724571185405
 20
3960.4422863406
 10
7438.364181492194
 20
3946.139610306789
 10
7452.666857526005
 20
3927.5
 10
7461.6578955514215
 20
3905.7937140592276
 10
7464.724571185405
 20
3882.5
 10
7464.724571185405
 20
3517.5
 10
7461.6578955514215
 20
3494.2062859407724
 10
7452.666857526005
 20
3472.5
 10
7438.364181492194
 20
3453.860389693211
 10
7419.724571185405
 20
3439.5577136594
 10
7398.018285244632
 20
3430.5666756339833
 10
7374.724571185405
 20
3427.5
 10
5725.275428814595
 20
3427.5
 10
5701.981714755368
 20
3430.5666756339833
 10
5680.275428814595
 20
3439.5577136594
 10
5661.635818507806
 20
3453.860389693211
 10
5647.333142473995
 20
3472.5
 10
5638.3421044485785
 20
3494.2062859407724
 10
5635.275428814595
 20
3517.5
 10
5635.275428814595
 20
3882.5
 10
5638.3421044485785
 20
3905.7937140592276
 10
5647.333142473995
 20
3927.5
 10
5661.635818507805
 20
3946.139610306789
 10
5680.275428814595
 20
3960.4422863406
 10
5701.981714755368
 20
3969.4333243660167
 10
5725.275428814595
 20
3972.5
  0
HATCH
  5
540
330
17
100
AcDbEntity
  8
I-LABEL
 62
7
420
16777215
100
AcDbHatch
 10
0.0
 20
0.0
 30
0.0
210
0.0
220
0.0
230
1.0
  2
SOLID
 70
1
 71
0
 91
1
 92
3
 72
0
 73
1
 93
28
 10
7374.724571185405
 20
3972.5
 10
7398.018285244632
 20
3969.4333243660167
 10
7419.724571185405
 20
3960.4422863406
 10
7438.364181492194
 20
3946.139610306789
 10
7452.666857526005
 20
3927.5
 10
7461.6578955514215
 20
3905.7937140592276
 10
7464.724571185405
 20
3882.5
 10
7464.724571185405
 20
3517.5
 10
7461.6578955514215
 20
3494.2062859407724
 10
7452.666857526005
 20
3472.5
 10
7438.364181492194
 20
3453.860389693211
 10
7419.724571185405
 20
3439.5577136594
 10
7398.018285244632
 20
3430.5666756339833
 10
7374.724571185405
 20
3427.5
 10
5725.275428814595
 20
3427.5
 10
5701.981714755368
 20
3430.5666756339833
 10
5680.275428814595
 20
3439.5577136594
 10
5661.635818507806
 20
3453.860389693211
 10
5647.333142473995
 20
3472.5
 10
5638.3421044485785
 20
3494.2062859407724
 10
5635.275428814595
 20
3517.5
 10
5635.275428814595
 20
3882.5
 10
5638.3421044485785
 20
3905.7937140592276
 10
5647.333142473995
 20
3927.5
 10
5661.635818507805
 20
3946.139610306789
 10
5680.275428814595
 20
3960.4422863406
 10
5701.981714755368
 20
3969.4333243660167
 10
5725.275428814595
 20
3972.5
 97
0
 75
1
 76
1
 98
0
  0
TEXT
  5
541
330
17
100
AcDbEntity
  8
A-TEXT
100
AcDbText
 10
6550.0
 20
3810.0
 30
0.0
 40
130.0
  1
6  ПК и кинотеатр
  7
PLAN-BOLD
 72
1
 11
6550.0
 21
3810.0
 31
0.0
100
AcDbText
 73
2
  0
TEXT
  5
542
330
17
100
AcDbEntity
  8
A-TEXT
100
AcDbText
 10
6550.0
 20
3597.5
 30
0.0
 40
114.99999999999999
  1
13.0 м²
  7
PLAN-REGULAR
 72
1
 11
6550.0
 21
3597.5
 31
0.0
100
AcDbText
 73
2
  0
LWPOLYLINE
  5
543
330
17
100
AcDbEntity
  8
I-LABEL
370
13
420
9211028
100
AcDbPolyline
 90
28
 70
1
 10
10425.257588818087
 20
6272.5
 10
10448.551302877313
 20
6269.433324366016
 10
10470.257588818087
 20
6260.4422863406
 10
10488.897199124876
 20
6246.139610306789
 10
10503.199875158687
 20
6227.5
 10
10512.190913184102
 20
6205.793714059227
 10
10515.257588818087
 20
6182.5
 10
10515.257588818087
 20
5817.5
 10
10512.190913184102
 20
5794.206285940772
 10
10503.199875158687
 20
5772.5
 10
10488.897199124876
 20
5753.860389693211
 10
10470.257588818087
 20
5739.5577136594
 10
10448.551302877313
 20
5730.566675633983
 10
10425.257588818087
 20
5727.5
 10
8674.742411181913
 20
5727.5
 10
8651.448697122687
 20
5730.566675633983
 10
8629.742411181913
 20
5739.5577136594
 10
8611.102800875124
 20
5753.860389693211
 10
8596.800124841313
 20
5772.5
 10
8587.809086815898
 20
5794.206285940772
 10
8584.742411181913
 20
5817.5
 10
8584.742411181913
 20
6182.5
 10
8587.809086815898
 20
6205.793714059227
 10
8596.800124841313
 20
6227.5
 10
8611.102800875124
 20
6246.139610306789
 10
8629.742411181913
 20
6260.4422863406
 10
8651.448697122687
 20
6269.433324366016
 10
8674.742411181913
 20
6272.5
  0
HATCH
  5
544
330
17
100
AcDbEntity
  8
I-LABEL
 62
7
420
16777215
100
AcDbHatch
 10
0.0
 20
0.0
 30
0.0
210
0.0
220
0.0
230
1.0
  2
SOLID
 70
1
 71
0
 91
1
 92
3
 72
0
 73
1
 93
28
 10
10425.257588818087
 20
6272.5
 10
10448.551302877313
 20
6269.433324366016
 10
10470.257588818087
 20
6260.4422863406
 10
10488.897199124876
 20
6246.139610306789
 10
10503.199875158687
 20
6227.5
 10
10512.190913184102
 20
6205.793714059227
 10
10515.257588818087
 20
6182.5
 10
10515.257588818087
 20
5817.5
 10
10512.190913184102
 20
5794.206285940772
 10
10503.199875158687
 20
5772.5
 10
10488.897199124876
 20
5753.860389693211
 10
10470.257588818087
 20
5739.5577136594
 10
10448.551302877313
 20
5730.566675633983
 10
10425.257588818087
 20
5727.5
 10
8674.742411181913
 20
5727.5
 10
8651.448697122687
 20
5730.566675633983
 10
8629.742411181913
 20
5739.5577136594
 10
8611.102800875124
 20
5753.860389693211
 10
8596.800124841313
 20
5772.5
 10
8587.809086815898
 20
5794.206285940772
 10
8584.742411181913
 20
5817.5
 10
8584.742411181913
 20
6182.5
 10
8587.809086815898
 20
6205.793714059227
 10
8596.800124841313
 20
6227.5
 10
8611.102800875124
 20
6246.139610306789
 10
8629.742411181913
 20
6260.4422863406
 10
8651.448697122687
 20
6269.433324366016
 10
8674.742411181913
 20
6272.5
 97
0
 75
1
 76
1
 98
0
  0
TEXT
  5
545
330
17
100
AcDbEntity
  8
A-TEXT
100
AcDbText
 10
9550.0
 20
6110.0
 30
0.0
 40
130.0
  1
7  Мастер-спальня
  7
PLAN-BOLD
 72
1
 11
9550.0
 21
6110.0
 31
0.0
100
AcDbText
 73
2
  0
TEXT
  5
546
330
17
100
AcDbEntity
  8
A-TEXT
100
AcDbText
 10
9550.0
 20
5897.5
 30
0.0
 40
114.99999999999999
  1
18.1 м²
  7
PLAN-REGULAR
 72
1
 11
9550.0
 21
5897.5
 31
0.0
100
AcDbText
 73
2
  0
LWPOLYLINE
  5
547
330
17
100
AcDbEntity
  8
I-LABEL
370
13
420
9211028
100
AcDbPolyline
 90
28
 70
1
 10
9179.25999476257
 20
8330.0
 10
9202.553708821797
 20
8326.933324366015
 10
9224.25999476257
 20
8317.9422863406
 10
9242.899605069359
 20
8303.63961030679
 10
9257.20228110317
 20
8285.0
 10
9266.193319128586
 20
8263.293714059226
 10
9269.25999476257
 20
8240.0
 10
9269.25999476257
 20
7960.0
 10
9266.193319128586
 20
7936.706285940773
 10
9257.20228110317
 20
7915.0
 10
9242.899605069359
 20
7896.360389693211
 10
9224.25999476257
 20
7882.0577136594
 10
9202.553708821797
 20
7873.066675633984
 10
9179.25999476257
 20
7870.0
 10
8420.74000523743
 20
7870.0
 10
8397.446291178203
 20
7873.066675633984
 10
8375.74000523743
 20
7882.0577136594
 10
8357.100394930641
 20
7896.360389693211
 10
8342.79771889683
 20
7915.0
 10
8333.806680871414
 20
7936.706285940773
 10
8330.74000523743
 20
7960.0
 10
8330.74000523743
 20
8240.0
 10
8333.806680871414
 20
8263.293714059226
 10
8342.79771889683
 20
8285.0
 10
8357.100394930641
 20
8303.63961030679
 10
8375.74000523743
 20
8317.9422863406
 10
8397.446291178203
 20
8326.933324366015
 10
8420.74000523743
 20
8330.0
  0
HATCH
  5
548
330
17
100
AcDbEntity
  8
I-LABEL
 62
7
420
16777215
100
AcDbHatch
 10
0.0
 20
0.0
 30
0.0
210
0.0
220
0.0
230
1.0
  2
SOLID
 70
1
 71
0
 91
1
 92
3
 72
0
 73
1
 93
28
 10
9179.25999476257
 20
8330.0
 10
9202.553708821797
 20
8326.933324366015
 10
9224.25999476257
 20
8317.9422863406
 10
9242.899605069359
 20
8303.63961030679
 10
9257.20228110317
 20
8285.0
 10
9266.193319128586
 20
8263.293714059226
 10
9269.25999476257
 20
8240.0
 10
9269.25999476257
 20
7960.0
 10
9266.193319128586
 20
7936.706285940773
 10
9257.20228110317
 20
7915.0
 10
9242.899605069359
 20
7896.360389693211
 10
9224.25999476257
 20
7882.0577136594
 10
9202.553708821797
 20
7873.066675633984
 10
9179.25999476257
 20
7870.0
 10
8420.74000523743
 20
7870.0
 10
8397.446291178203
 20
7873.066675633984
 10
8375.74000523743
 20
7882.0577136594
 10
8357.100394930641
 20
7896.360389693211
 10
8342.79771889683
 20
7915.0
 10
8333.806680871414
 20
7936.706285940773
 10
8330.74000523743
 20
7960.0
 10
8330.74000523743
 20
8240.0
 10
8333.806680871414
 20
8263.293714059226
 10
8342.79771889683
 20
8285.0
 10
8357.100394930641
 20
8303.63961030679
 10
8375.74000523743
 20
8317.9422863406
 10
8397.446291178203
 20
8326.933324366015
 10
8420.74000523743
 20
8330.0
 97
0
 75
1
 76
1
 98
0
  0
TEXT
  5
549
330
17
100
AcDbEntity
  8
A-TEXT
100
AcDbText
 10
8800.0
 20
8185.0
 30
0.0
 40
80.0
  1
7.1  Санузел
  7
PLAN-BOLD
 72
1
 11
8800.0
 21
8185.0
 31
0.0
100
AcDbText
 73
2
  0
TEXT
  5
54A
330
17
100
AcDbEntity
  8
A-TEXT
100
AcDbText
 10
8800.0
 20
8015.0
 30
0.0
 40
80.0
  1
1.7 м²
  7
PLAN-REGULAR
 72
1
 11
8800.0
 21
8015.0
 31
0.0
100
AcDbText
 73
2
  0
LWPOLYLINE
  5
54B
330
17
100
AcDbEntity
  8
I-LABEL
370
13
420
9211028
100
AcDbPolyline
 90
28
 70
1
 10
11014.85815293296
 20
8530.0
 10
11038.151866992188
 20
8526.933324366015
 10
11059.85815293296
 20
8517.9422863406
 10
11078.49776323975
 20
8503.63961030679
 10
11092.80043927356
 20
8485.0
 10
11101.791477298977
 20
8463.293714059226
 10
11104.85815293296
 20
8440.0
 10
11104.85815293296
 20
8160.0
 10
11101.791477298977
 20
8136.706285940773
 10
11092.80043927356
 20
8115.0
 10
11078.49776323975
 20
8096.360389693211
 10
11059.85815293296
 20
8082.0577136594
 10
11038.151866992188
 20
8073.066675633984
 10
11014.85815293296
 20
8070.0
 10
10185.14184706704
 20
8070.0
 10
10161.848133007812
 20
8073.066675633984
 10
10140.14184706704
 20
8082.0577136594
 10
10121.50223676025
 20
8096.360389693211
 10
10107.19956072644
 20
8115.0
 10
10098.208522701023
 20
8136.706285940773
 10
10095.14184706704
 20
8160.0
 10
10095.14184706704
 20
8440.0
 10
10098.208522701023
 20
8463.293714059226
 10
10107.19956072644
 20
8485.0
 10
10121.50223676025
 20
8503.63961030679
 10
10140.14184706704
 20
8517.9422863406
 10
10161.848133007812
 20
8526.933324366015
 10
10185.14184706704
 20
8530.0
  0
HATCH
  5
54C
330
17
100
AcDbEntity
  8
I-LABEL
 62
7
420
16777215
100
AcDbHatch
 10
0.0
 20
0.0
 30
0.0
210
0.0
220
0.0
230
1.0
  2
SOLID
 70
1
 71
0
 91
1
 92
3
 72
0
 73
1
 93
28
 10
11014.85815293296
 20
8530.0
 10
11038.151866992188
 20
8526.933324366015
 10
11059.85815293296
 20
8517.9422863406
 10
11078.49776323975
 20
8503.63961030679
 10
11092.80043927356
 20
8485.0
 10
11101.791477298977
 20
8463.293714059226
 10
11104.85815293296
 20
8440.0
 10
11104.85815293296
 20
8160.0
 10
11101.791477298977
 20
8136.706285940773
 10
11092.80043927356
 20
8115.0
 10
11078.49776323975
 20
8096.360389693211
 10
11059.85815293296
 20
8082.0577136594
 10
11038.151866992188
 20
8073.066675633984
 10
11014.85815293296
 20
8070.0
 10
10185.14184706704
 20
8070.0
 10
10161.848133007812
 20
8073.066675633984
 10
10140.14184706704
 20
8082.0577136594
 10
10121.50223676025
 20
8096.360389693211
 10
10107.19956072644
 20
8115.0
 10
10098.208522701023
 20
8136.706285940773
 10
10095.14184706704
 20
8160.0
 10
10095.14184706704
 20
8440.0
 10
10098.208522701023
 20
8463.293714059226
 10
10107.19956072644
 20
8485.0
 10
10121.50223676025
 20
8503.63961030679
 10
10140.14184706704
 20
8517.9422863406
 10
10161.848133007812
 20
8526.933324366015
 10
10185.14184706704
 20
8530.0
 97
0
 75
1
 76
1
 98
0
  0
TEXT
  5
54D
330
17
100
AcDbEntity
  8
A-TEXT
100
AcDbText
 10
10600.0
 20
8385.0
 30
0.0
 40
80.0
  1
7.2  Гардероб
  7
PLAN-BOLD
 72
1
 11
10600.0
 21
8385.0
 31
0.0
100
AcDbText
 73
2
  0
TEXT
  5
54E
330
17
100
AcDbEntity
  8
A-TEXT
100
AcDbText
 10
10600.0
 20
8215.0
 30
0.0
 40
80.0
  1
1.6 м²
  7
PLAN-REGULAR
 72
1
 11
10600.0
 21
8215.0
 31
0.0
100
AcDbText
 73
2
  0
LWPOLYLINE
  5
54F
330
17
100
AcDbEntity
  8
I-LABEL
370
13
420
9211028
100
AcDbPolyline
 90
28
 70
1
 10
10640.85203714211
 20
1572.5
 10
10664.145751201337
 20
1569.4333243660167
 10
10685.85203714211
 20
1560.4422863405998
 10
10704.491647448898
 20
1546.139610306789
 10
10718.794323482709
 20
1527.5
 10
10727.785361508126
 20
1505.7937140592276
 10
10730.85203714211
 20
1482.5
 10
10730.85203714211
 20
1117.5
 10
10727.785361508126
 20
1094.2062859407724
 10
10718.794323482709
 20
1072.5
 10
10704.491647448898
 20
1053.860389693211
 10
10685.85203714211
 20
1039.5577136594002
 10
10664.145751201337
 20
1030.5666756339833
 10
10640.85203714211
 20
1027.5
 10
9659.14796285789
 20
1027.5
 10
9635.854248798663
 20
1030.5666756339833
 10
9614.14796285789
 20
1039.5577136594002
 10
9595.508352551102
 20
1053.860389693211
 10
9581.205676517291
 20
1072.5
 10
9572.214638491874
 20
1094.2062859407724
 10
9569.14796285789
 20
1117.5
 10
9569.14796285789
 20
1482.5
 10
9572.214638491874
 20
1505.7937140592276
 10
9581.205676517291
 20
1527.5
 10
9595.508352551102
 20
1546.139610306789
 10
9614.14796285789
 20
1560.4422863405998
 10
9635.854248798663
 20
1569.4333243660167
 10
9659.14796285789
 20
1572.5
  0
HATCH
  5
550
330
17
100
AcDbEntity
  8
I-LABEL
 62
7
420
16777215
100
AcDbHatch
 10
0.0
 20
0.0
 30
0.0
210
0.0
220
0.0
230
1.0
  2
SOLID
 70
1
 71
0
 91
1
 92
3
 72
0
 73
1
 93
28
 10
10640.85203714211
 20
1572.5
 10
10664.145751201337
 20
1569.4333243660167
 10
10685.85203714211
 20
1560.4422863405998
 10
10704.491647448898
 20
1546.139610306789
 10
10718.794323482709
 20
1527.5
 10
10727.785361508126
 20
1505.7937140592276
 10
10730.85203714211
 20
1482.5
 10
10730.85203714211
 20
1117.5
 10
10727.785361508126
 20
1094.2062859407724
 10
10718.794323482709
 20
1072.5
 10
10704.491647448898
 20
1053.860389693211
 10
10685.85203714211
 20
1039.5577136594002
 10
10664.145751201337
 20
1030.5666756339833
 10
10640.85203714211
 20
1027.5
 10
9659.14796285789
 20
1027.5
 10
9635.854248798663
 20
1030.5666756339833
 10
9614.14796285789
 20
1039.5577136594002
 10
9595.508352551102
 20
1053.860389693211
 10
9581.205676517291
 20
1072.5
 10
9572.214638491874
 20
1094.2062859407724
 10
9569.14796285789
 20
1117.5
 10
9569.14796285789
 20
1482.5
 10
9572.214638491874
 20
1505.7937140592276
 10
9581.205676517291
 20
1527.5
 10
9595.508352551102
 20
1546.139610306789
 10
9614.14796285789
 20
1560.4422863405998
 10
9635.854248798663
 20
1569.4333243660167
 10
9659.14796285789
 20
1572.5
 97
0
 75
1
 76
1
 98
0
  0
TEXT
  5
551
330
17
100
AcDbEntity
  8
A-TEXT
100
AcDbText
 10
10150.0
 20
1410.0
 30
0.0
 40
130.0
  1
8  Лоджия
  7
PLAN-BOLD
 72
1
 11
10150.0
 21
1410.0
 31
0.0
100
AcDbText
 73
2
  0
TEXT
  5
552
330
17
100
AcDbEntity
  8
A-TEXT
100
AcDbText
 10
10150.0
 20
1197.5
 30
0.0
 40
114.99999999999999
  1
5.1 м²
  7
PLAN-REGULAR
 72
1
 11
10150.0
 21
1197.5
 31
0.0
100
AcDbText
 73
2
  0
DIMENSION
  5
553
330
17
100
AcDbEntity
  8
A-DIMS
100
AcDbDimension
280
0
  2
*D1
  3
PLAN-1-50
 10
1200.0
 20
13900.0
 30
0.0
 11
3000.0
 21
14002.5
 31
0.0
 70
32
 71
5
  1
<>
100
AcDbAlignedDimension
 13
1200.0
 23
13900.0
 33
0.0
 14
4800.0
 24
13900.0
 34
0.0
 50
0.0
100
AcDbRotatedDimension
1001
ACAD
1000
DSTYLE
1002
{
1070
75
1070
1
1070
76
1070
1
1002
}
  0
DIMENSION
  5
564
330
17
100
AcDbEntity
  8
A-DIMS
100
AcDbDimension
280
0
  2
*D2
  3
PLAN-1-50
 10
4100.0
 20
14150.0
 30
0.0
 11
4202.5
 21
13150.0
 31
0.0
 70
32
 71
5
  1
<>
100
AcDbAlignedDimension
 13
4100.0
 23
14150.0
 33
0.0
 14
4100.0
 24
12150.0
 34
0.0
 50
90.0
100
AcDbRotatedDimension
1001
ACAD
1000
DSTYLE
1002
{
1070
75
1070
1
1070
76
1070
1
1002
}
  0
DIMENSION
  5
571
330
17
100
AcDbEntity
  8
A-DIMS
100
AcDbDimension
280
0
  2
*D3
  3
PLAN-1-50
 10
6380.0
 20
13775.0
 30
0.0
 11
8865.0
 21
13877.5
 31
0.0
 70
32
 71
5
  1
<>
100
AcDbAlignedDimension
 13
6380.0
 23
13775.0
 33
0.0
 14
11350.0
 24
13775.0
 34
0.0
 50
0.0
100
AcDbRotatedDimension
1001
ACAD
1000
DSTYLE
1002
{
1070
75
1070
1
1070
76
1070
1
1002
}
  0
DIMENSION
  5
57E
330
17
100
AcDbEntity
  8
A-DIMS
100
AcDbDimension
280
0
  2
*D4
  3
PLAN-1-50
 10
10500.0
 20
14150.0
 30
0.0
 11
10397.5
 21
11900.0
 31
0.0
 70
160
 71
5
  1
<>
100
AcDbAlignedDimension
 13
10500.0
 23
14150.0
 33
0.0
 14
10500.0
 24
11150.0
 34
0.0
 50
90.0
100
AcDbRotatedDimension
1001
ACAD
1000
DSTYLE
1002
{
1070
75
1070
1
1070
76
1070
1
1070
279
1070
2
1002
}
  0
DIMENSION
  5
58B
330
17
100
AcDbEntity
  8
A-DIMS
100
AcDbDimension
280
0
  2
*D5
  3
PLAN-1-50
 10
3400.0
 20
11950.0
 30
0.0
 11
3502.5
 21
10725.0
 31
0.0
 70
32
 71
5
  1
<>
100
AcDbAlignedDimension
 13
3400.0
 23
11950.0
 33
0.0
 14
3400.0
 24
9500.0
 34
0.0
 50
90.0
100
AcDbRotatedDimension
1001
ACAD
1000
DSTYLE
1002
{
1070
75
1070
1
1070
76
1070
1
1002
}
  0
DIMENSION
  5
598
330
17
100
AcDbEntity
  8
A-DIMS
100
AcDbDimension
280
0
  2
*D6
  3
PLAN-1-50
 10
3235.0
 20
9770.0
 30
0.0
 11
4067.5
 21
9872.5
 31
0.0
 70
32
 71
5
  1
<>
100
AcDbAlignedDimension
 13
3235.0
 23
9770.0
 33
0.0
 14
4900.0
 24
9770.0
 34
0.0
 50
0.0
100
AcDbRotatedDimension
1001
ACAD
1000
DSTYLE
1002
{
1070
75
1070
1
1070
76
1070
1
1002
}
  0
DIMENSION
  5
5A5
330
17
100
AcDbEntity
  8
A-DIMS
100
AcDbDimension
280
0
  2
*D7
  3
PLAN-1-50
 10
5100.0
 20
10650.0
 30
0.0
 11
6025.0
 21
10752.5
 31
0.0
 70
32
 71
5
  1
<>
100
AcDbAlignedDimension
 13
5100.0
 23
10650.0
 33
0.0
 14
6950.0
 24
10650.0
 34
0.0
 50
0.0
100
AcDbRotatedDimension
1001
ACAD
1000
DSTYLE
1002
{
1070
75
1070
1
1070
76
1070
1
1002
}
  0
DIMENSION
  5
5B2
330
17
100
AcDbEntity
  8
A-DIMS
100
AcDbDimension
280
0
  2
*D8
  3
PLAN-1-50
 10
5100.0
 20
7250.0
 30
0.0
 11
6550.0
 21
7352.5
 31
0.0
 70
32
 71
5
  1
<>
100
AcDbAlignedDimension
 13
5100.0
 23
7250.0
 33
0.0
 14
8000.0
 24
7250.0
 34
0.0
 50
0.0
100
AcDbRotatedDimension
1001
ACAD
1000
DSTYLE
1002
{
1070
75
1070
1
1070
76
1070
1
1002
}
  0
DIMENSION
  5
5BF
330
17
100
AcDbEntity
  8
A-DIMS
100
AcDbDimension
280
0
  2
*D9
  3
PLAN-1-50
 10
7150.0
 20
10250.0
 30
0.0
 11
7800.0
 21
10352.5
 31
0.0
 70
160
 71
5
  1
<>
100
AcDbAlignedDimension
 13
7150.0
 23
10250.0
 33
0.0
 14
10600.0
 24
10250.0
 34
0.0
 50
0.0
100
AcDbRotatedDimension
1001
ACAD
1000
DSTYLE
1002
{
1070
75
1070
1
1070
76
1070
1
1070
279
1070
2
1002
}
  0
DIMENSION
  5
5CC
330
17
100
AcDbEntity
  8
A-DIMS
100
AcDbDimension
280
0
  2
*D10
  3
PLAN-1-50
 10
8300.0
 20
10950.0
 30
0.0
 11
8197.5
 21
9600.0
 31
0.0
 70
160
 71
5
  1
<>
100
AcDbAlignedDimension
 13
8300.0
 23
10950.0
 33
0.0
 14
8300.0
 24
9250.0
 34
0.0
 50
90.0
100
AcDbRotatedDimension
1001
ACAD
1000
DSTYLE
1002
{
1070
75
1070
1
1070
76
1070
1
1070
279
1070
2
1002
}
  0
DIMENSION
  5
5D9
330
17
100
AcDbEntity
  8
A-DIMS
100
AcDbDimension
280
0
  2
*D11
  3
PLAN-1-50
 10
8200.0
 20
8900.0
 30
0.0
 11
8650.0
 21
9002.5
 31
0.0
 70
160
 71
5
  1
<>
100
AcDbAlignedDimension
 13
8200.0
 23
8900.0
 33
0.0
 14
9700.0
 24
8900.0
 34
0.0
 50
0.0
100
AcDbRotatedDimension
1001
ACAD
1000
DSTYLE
1002
{
1070
75
1070
1
1070
76
1070
1
1070
279
1070
2
1002
}
  0
DIMENSION
  5
5E6
330
17
100
AcDbEntity
  8
A-DIMS
100
AcDbDimension
280
0
  2
*D12
  3
PLAN-1-50
 10
9550.0
 20
9050.0
 30
0.0
 11
9447.5
 21
8170.0
 31
0.0
 70
160
 71
5
  1
<>
100
AcDbAlignedDimension
 13
9550.0
 23
9050.0
 33
0.0
 14
9550.0
 24
7900.0
 34
0.0
 50
90.0
100
AcDbRotatedDimension
1001
ACAD
1000
DSTYLE
1002
{
1070
75
1070
1
1070
76
1070
1
1070
279
1070
2
1002
}
  0
DIMENSION
  5
5F3
330
17
100
AcDbEntity
  8
A-DIMS
100
AcDbDimension
280
0
  2
*D13
  3
PLAN-1-50
 10
9800.0
 20
8500.0
 30
0.0
 11
10500.0
 21
8602.5
 31
0.0
 70
160
 71
5
  1
<>
100
AcDbAlignedDimension
 13
9800.0
 23
8500.0
 33
0.0
 14
11350.0
 24
8500.0
 34
0.0
 50
0.0
100
AcDbRotatedDimension
1001
ACAD
1000
DSTYLE
1002
{
1070
75
1070
1
1070
76
1070
1
1070
279
1070
2
1002
}
  0
DIMENSION
  5
600
330
17
100
AcDbEntity
  8
A-DIMS
100
AcDbDimension
280
0
  2
*D14
  3
PLAN-1-50
 10
8200.0
 20
2400.0
 30
0.0
 11
9775.0
 21
2502.5
 31
0.0
 70
32
 71
5
  1
<>
100
AcDbAlignedDimension
 13
8200.0
 23
2400.0
 33
0.0
 14
11350.0
 24
2400.0
 34
0.0
 50
0.0
100
AcDbRotatedDimension
1001
ACAD
1000
DSTYLE
1002
{
1070
75
1070
1
1070
76
1070
1
1002
}
  0
DIMENSION
  5
60D
330
17
100
AcDbEntity
  8
A-DIMS
100
AcDbDimension
280
0
  2
*D15
  3
PLAN-1-50
 10
8700.0
 20
7800.0
 30
0.0
 11
8597.5
 21
5750.0
 31
0.0
 70
160
 71
5
  1
<>
100
AcDbAlignedDimension
 13
8700.0
 23
7800.0
 33
0.0
 14
8700.0
 24
2000.0
 34
0.0
 50
90.0
100
AcDbRotatedDimension
1001
ACAD
1000
DSTYLE
1002
{
1070
75
1070
1
1070
76
1070
1
1070
279
1070
2
1002
}
  0
DIMENSION
  5
61A
330
17
100
AcDbEntity
  8
A-DIMS
100
AcDbDimension
280
0
  2
*D16
  3
PLAN-1-50
 10
5100.0
 20
3850.0
 30
0.0
 11
6550.0
 21
3952.5
 31
0.0
 70
32
 71
5
  1
<>
100
AcDbAlignedDimension
 13
5100.0
 23
3850.0
 33
0.0
 14
8000.0
 24
3850.0
 34
0.0
 50
0.0
100
AcDbRotatedDimension
1001
ACAD
1000
DSTYLE
1002
{
1070
75
1070
1
1070
76
1070
1
1002
}
  0
DIMENSION
  5
627
330
17
100
AcDbEntity
  8
A-DIMS
100
AcDbDimension
280
0
  2
*D17
  3
PLAN-1-50
 10
7850.0
 20
4750.0
 30
0.0
 11
7747.5
 21
3250.0
 31
0.0
 70
160
 71
5
  1
<>
100
AcDbAlignedDimension
 13
7850.0
 23
4750.0
 33
0.0
 14
7850.0
 24
150.0
 34
0.0
 50
90.0
100
AcDbRotatedDimension
1001
ACAD
1000
DSTYLE
1002
{
1070
75
1070
1
1070
76
1070
1
1070
279
1070
2
1002
}
  0
DIMENSION
  5
634
330
17
100
AcDbEntity
  8
A-DIMS
100
AcDbDimension
280
0
  2
*D18
  3
PLAN-1-50
 10
9650.0
 20
1800.0
 30
0.0
 11
9752.5
 21
975.0
 31
0.0
 70
32
 71
5
  1
<>
100
AcDbAlignedDimension
 13
9650.0
 23
1800.0
 33
0.0
 14
9650.0
 24
150.0
 34
0.0
 50
90.0
100
AcDbRotatedDimension
1001
ACAD
1000
DSTYLE
1002
{
1070
75
1070
1
1070
76
1070
1
1002
}
  0
ENDSEC
  0
SECTION
  2
OBJECTS
  0
DICTIONARY
  5
A
330
0
100
AcDbDictionary
281
1
  3
ACAD_COLOR
350
B
  3
ACAD_GROUP
350
C
  3
ACAD_LAYOUT
350
D
  3
ACAD_MATERIAL
350
E
  3
ACAD_MLEADERSTYLE
350
F
  3
ACAD_MLINESTYLE
350
10
  3
ACAD_PLOTSETTINGS
350
11
  3
ACAD_PLOTSTYLENAME
350
12
  3
ACAD_SCALELIST
350
14
  3
ACAD_TABLESTYLE
350
15
  3
ACAD_VISUALSTYLE
350
16
  3
EZDXF_META
350
2D
  0
DICTIONARY
  5
B
330
A
100
AcDbDictionary
281
1
  0
DICTIONARY
  5
C
330
A
100
AcDbDictionary
281
1
  0
DICTIONARY
  5
D
330
A
100
AcDbDictionary
281
1
  3
Model
350
1A
  3
Layout1
350
1E
  3
A3 1-50
350
644
  0
DICTIONARY
  5
E
330
A
100
AcDbDictionary
281
1
  3
ByBlock
350
1F
  3
ByLayer
350
20
  3
Global
350
21
  0
DICTIONARY
  5
F
330
A
100
AcDbDictionary
281
1
  3
Standard
350
2C
  0
DICTIONARY
  5
10
330
A
100
AcDbDictionary
281
1
  3
Standard
350
22
  0
DICTIONARY
  5
11
330
A
100
AcDbDictionary
281
1
  0
ACDBDICTIONARYWDFLT
  5
12
330
A
100
AcDbDictionary
281
1
  3
Normal
350
13
100
AcDbDictionaryWithDefault
340
13
  0
ACDBPLACEHOLDER
  5
13
330
12
  0
DICTIONARY
  5
14
330
A
100
AcDbDictionary
281
1
  0
DICTIONARY
  5
15
330
A
100
AcDbDictionary
281
1
  0
DICTIONARY
  5
16
330
A
100
AcDbDictionary
281
1
  3
2dWireframe
350
5A
  3
Basic
350
5B
  3
Brighten
350
5C
  3
ColorChange
350
5D
  3
Conceptual
350
5E
  3
Dim
350
5F
  3
EdgeColorOff
350
60
  3
Facepattern
350
61
  3
Flat
350
62
  3
FlatWithEdges
350
63
  3
Gouraud
350
64
  3
GouraudWithEdges
350
65
  3
Hidden
350
66
  3
JitterOff
350
67
  3
Linepattern
350
68
  3
Modeling
350
69
  3
OverhangOff
350
6A
  3
Realistic
350
6B
  3
Shaded
350
6C
  3
Shaded with edges
350
6D
  3
Shades of Gray
350
6E
  3
Sketchy
350
6F
  3
Thicken
350
70
  3
Wireframe
350
71
  3
X-Ray
350
72
  0
LAYOUT
  5
1A
330
D
100
AcDbPlotSettings
  1

  4
A3
  6

 40
7.5
 41
20.0
 42
7.5
 43
20.0
 44
420.0
 45
297.0
 46
0.0
 47
0.0
 48
0.0
 49
0.0
140
0.0
141
0.0
142
1.0
143
1.0
 70
1024
 72
1
 73
0
 74
5
  7

 75
16
 76
0
 77
2
 78
300
147
1.0
148
0.0
149
0.0
100
AcDbLayout
  1
Model
 70
1
 71
0
 10
0.0
 20
0.0
 11
420.0
 21
297.0
 12
0.0
 22
0.0
 32
0.0
 14
1e+20
 24
1e+20
 34
1e+20
 15
-1e+20
 25
-1e+20
 35
-1e+20
146
0.0
 13
0.0
 23
0.0
 33
0.0
 16
1.0
 26
0.0
 36
0.0
 17
0.0
 27
1.0
 37
0.0
 76
1
330
17
  0
LAYOUT
  5
1E
330
D
100
AcDbPlotSettings
  1

  4
A3
  6

 40
7.5
 41
20.0
 42
7.5
 43
20.0
 44
420.0
 45
297.0
 46
0.0
 47
0.0
 48
0.0
 49
0.0
140
0.0
141
0.0
142
1.0
143
1.0
 70
0
 72
1
 73
0
 74
5
  7

 75
16
 76
0
 77
2
 78
300
147
1.0
148
0.0
149
0.0
100
AcDbLayout
  1
Layout1
 70
1
 71
1
 10
0.0
 20
0.0
 11
420.0
 21
297.0
 12
0.0
 22
0.0
 32
0.0
 14
1e+20
 24
1e+20
 34
1e+20
 15
-1e+20
 25
-1e+20
 35
-1e+20
146
0.0
 13
0.0
 23
0.0
 33
0.0
 16
1.0
 26
0.0
 36
0.0
 17
0.0
 27
1.0
 37
0.0
 76
1
330
1B
  0
MATERIAL
  5
1F
102
{ACAD_REACTORS
330
E
102
}
330
E
100
AcDbMaterial
  1
ByBlock
  2

 70
0
 40
1.0
 71
1
 41
1.0
 91
-1023410177
 42
1.0
 72
1
  3

 73
1
 74
1
 75
1
 44
0.5
 73
0
 45
1.0
 46
1.0
 77
1
  4

 78
1
 79
1
170
1
 48
1.0
171
1
  6

172
1
173
1
174
1
140
1.0
141
1.0
175
1
  7

176
1
177
1
178
1
143
1.0
179
1
  8

270
1
271
1
272
1
145
1.0
146
1.0
273
1
  9

274
1
275
1
276
1
 42
1.0
 72
1
  3

 73
1
 74
1
 75
1
 94
63
  0
MATERIAL
  5
20
102
{ACAD_REACTORS
330
E
102
}
330
E
100
AcDbMaterial
  1
ByLayer
  2

 70
0
 40
1.0
 71
1
 41
1.0
 91
-1023410177
 42
1.0
 72
1
  3

 73
1
 74
1
 75
1
 44
0.5
 73
0
 45
1.0
 46
1.0
 77
1
  4

 78
1
 79
1
170
1
 48
1.0
171
1
  6

172
1
173
1
174
1
140
1.0
141
1.0
175
1
  7

176
1
177
1
178
1
143
1.0
179
1
  8

270
1
271
1
272
1
145
1.0
146
1.0
273
1
  9

274
1
275
1
276
1
 42
1.0
 72
1
  3

 73
1
 74
1
 75
1
 94
63
  0
MATERIAL
  5
21
102
{ACAD_REACTORS
330
E
102
}
330
E
100
AcDbMaterial
  1
Global
  2

 70
0
 40
1.0
 71
1
 41
1.0
 91
-1023410177
 42
1.0
 72
1
  3

 73
1
 74
1
 75
1
 44
0.5
 73
0
 45
1.0
 46
1.0
 77
1
  4

 78
1
 79
1
170
1
 48
1.0
171
1
  6

172
1
173
1
174
1
140
1.0
141
1.0
175
1
  7

176
1
177
1
178
1
143
1.0
179
1
  8

270
1
271
1
272
1
145
1.0
146
1.0
273
1
  9

274
1
275
1
276
1
 42
1.0
 72
1
  3

 73
1
 74
1
 75
1
 94
63
  0
MLINESTYLE
  5
22
102
{ACAD_REACTORS
330
10
102
}
330
10
100
AcDbMlineStyle
  2
Standard
 70
0
  3

 62
256
 51
90.0
 52
90.0
 71
2
 49
0.5
 62
256
  6
BYLAYER
 49
-0.5
 62
256
  6
BYLAYER
  0
MLEADERSTYLE
  5
2C
102
{ACAD_REACTORS
330
F
102
}
330
F
100
AcDbMLeaderStyle
179
2
170
2
171
1
172
0
 90
2
 40
0.0
 41
0.0
173
1
 91
-1056964608
 92
-2
290
1
 42
2.0
291
1
 43
8.0
  3
Standard
 44
4.0
300

342
29
174
1
175
1
176
0
178
1
 93
-1056964608
 45
4.0
292
0
297
0
 46
4.0
 94
-1056964608
 47
1.0
 49
1.0
140
1.0
294
1
141
0.0
177
0
142
1.0
295
0
296
0
143
3.75
271
0
272
9
273
9
  0
DICTIONARY
  5
2D
330
A
100
AcDbDictionary
280
1
281
1
  3
CREATED_BY_EZDXF
350
2E
  3
WRITTEN_BY_EZDXF
350
6D9
  0
DICTIONARYVAR
  5
2E
330
2D
100
DictionaryVariables
280
0
  1
1.4.4 @ 2026-09-27T12:01:32.325497+00:00
  0
VISUALSTYLE
  5
5A
102
{ACAD_REACTORS
330
16
102
}
330
16
100
AcDbVisualStyle
  2
2dWireframe
 70
4
 90
0
 40
0.6
 62
7
290
0
291
0
  0
VISUALSTYLE
  5
5B
102
{ACAD_REACTORS
330
16
102
}
330
16
100
AcDbVisualStyle
  2
Basic
 70
7
 90
1
 40
0.6
 62
7
290
0
291
1
  0
VISUALSTYLE
  5
5C
102
{ACAD_REACTORS
330
16
102
}
330
16
100
AcDbVisualStyle
  2
Brighten
 70
12
 90
2
 40
0.6
 62
7
290
0
291
1
  0
VISUALSTYLE
  5
5D
102
{ACAD_REACTORS
330
16
102
}
330
16
100
AcDbVisualStyle
  2
ColorChange
 70
16
 90
2
 40
0.6
 62
8
290
0
291
1
  0
VISUALSTYLE
  5
5E
102
{ACAD_REACTORS
330
16
102
}
330
16
100
AcDbVisualStyle
  2
Conceptual
 70
9
 90
3
 40
0.6
 62
7
290
0
291
0
  0
VISUALSTYLE
  5
5F
102
{ACAD_REACTORS
330
16
102
}
330
16
100
AcDbVisualStyle
  2
Dim
 70
11
 90
2
 40
0.6
 62
7
290
0
291
1
  0
VISUALSTYLE
  5
60
102
{ACAD_REACTORS
330
16
102
}
330
16
100
AcDbVisualStyle
  2
EdgeColorOff
 70
22
 90
2
 40
0.6
 62
7
290
0
291
1
  0
VISUALSTYLE
  5
61
102
{ACAD_REACTORS
330
16
102
}
330
16
100
AcDbVisualStyle
  2
Facepattern
 70
15
 90
2
 40
0.6
 62
7
290
0
291
1
  0
VISUALSTYLE
  5
62
102
{ACAD_REACTORS
330
16
102
}
330
16
100
AcDbVisualStyle
  2
Flat
 70
0
 90
2
 40
0.6
 62
7
290
0
291
1
  0
VISUALSTYLE
  5
63
102
{ACAD_REACTORS
330
16
102
}
330
16
100
AcDbVisualStyle
  2
FlatWithEdges
 70
1
 90
2
 40
0.6
 62
7
290
0
291
1
  0
VISUALSTYLE
  5
64
102
{ACAD_REACTORS
330
16
102
}
330
16
100
AcDbVisualStyle
  2
Gouraud
 70
2
 90
2
 40
0.6
 62
7
290
0
291
1
  0
VISUALSTYLE
  5
65
102
{ACAD_REACTORS
330
16
102
}
330
16
100
AcDbVisualStyle
  2
GouraudWithEdges
 70
3
 90
2
 40
0.6
 62
7
290
0
291
1
  0
VISUALSTYLE
  5
66
102
{ACAD_REACTORS
330
16
102
}
330
16
100
AcDbVisualStyle
  2
Hidden
 70
6
 90
1
 40
0.6
 62
7
290
0
291
0
  0
VISUALSTYLE
  5
67
102
{ACAD_REACTORS
330
16
102
}
330
16
100
AcDbVisualStyle
  2
JitterOff
 70
20
 90
2
 40
0.6
 62
7
290
0
291
1
  0
VISUALSTYLE
  5
68
102
{ACAD_REACTORS
330
16
102
}
330
16
100
AcDbVisualStyle
  2
Linepattern
 70
14
 90
2
 40
0.6
 62
7
290
0
291
1
  0
VISUALSTYLE
  5
69
102
{ACAD_REACTORS
330
16
102
}
330
16
100
AcDbVisualStyle
  2
Modeling
 70
10
 90
2
 40
0.6
 62
7
290
0
291
0
  0
VISUALSTYLE
  5
6A
102
{ACAD_REACTORS
330
16
102
}
330
16
100
AcDbVisualStyle
  2
OverhangOff
 70
21
 90
2
 40
0.6
 62
7
290
0
291
1
  0
VISUALSTYLE
  5
6B
102
{ACAD_REACTORS
330
16
102
}
330
16
100
AcDbVisualStyle
  2
Realistic
 70
8
 90
2
 40
0.6
 62
7
290
0
291
0
  0
VISUALSTYLE
  5
6C
102
{ACAD_REACTORS
330
16
102
}
330
16
100
AcDbVisualStyle
  2
Shaded
 70
27
 90
2
 40
0.6
 62
7
290
0
291
0
  0
VISUALSTYLE
  5
6D
102
{ACAD_REACTORS
330
16
102
}
330
16
100
AcDbVisualStyle
  2
Shaded with edges
 70
26
 90
2
 40
0.6
 62
7
290
0
291
0
  0
VISUALSTYLE
  5
6E
102
{ACAD_REACTORS
330
16
102
}
330
16
100
AcDbVisualStyle
  2
Shades of Gray
 70
23
 90
2
 40
0.6
 62
7
290
0
291
0
  0
VISUALSTYLE
  5
6F
102
{ACAD_REACTORS
330
16
102
}
330
16
100
AcDbVisualStyle
  2
Sketchy
 70
24
 90
1
 40
0.6
 62
7
290
0
291
0
  0
VISUALSTYLE
  5
70
102
{ACAD_REACTORS
330
16
102
}
330
16
100
AcDbVisualStyle
  2
Thicken
 70
13
 90
2
 40
0.6
 62
7
290
0
291
1
  0
VISUALSTYLE
  5
71
102
{ACAD_REACTORS
330
16
102
}
330
16
100
AcDbVisualStyle
  2
Wireframe
 70
5
 90
0
 40
0.6
 62
7
290
0
291
0
  0
VISUALSTYLE
  5
72
102
{ACAD_REACTORS
330
16
102
}
330
16
100
AcDbVisualStyle
  2
X-Ray
 70
25
 90
2
 40
0.5
 62
7
290
0
291
0
  0
LAYOUT
  5
644
330
D
100
AcDbPlotSettings
  1

  2
DWG to PDF.pc3
  4
ezdxf_(297.00_x_420.00_MM)
  6

 40
0.0
 41
0.0
 42
0.0
 43
0.0
 44
297.0
 45
420.0
 46
0.0
 47
0.0
 48
0.0
 49
0.0
140
0.0
141
0.0
142
0.0078125
143
12.0
 70
672
 72
1
 73
0
 74
5
  7

 75
1
 76
0
 77
2
 78
300
147
1.0
148
0.0
149
0.0
100
AcDbLayout
  1
A3 1-50
 70
1
 71
3
 10
-0.0
 20
-0.0
 11
297.0
 21
420.0
 12
0.0
 22
0.0
 32
0.0
 14
1e+20
 24
1e+20
 34
1e+20
 15
-1e+20
 25
-1e+20
 35
-1e+20
146
0.0
 13
0.0
 23
0.0
 33
0.0
 16
1.0
 26
0.0
 36
0.0
 17
0.0
 27
1.0
 37
0.0
 76
1
330
641
331
645
  0
DICTIONARYVAR
  5
6D9
330
2D
100
DictionaryVariables
280
0
  1
1.4.4 @ 2026-09-27T12:01:32.446768+00:00
  0
ENDSEC
  0
EOF
